-- MySQL dump 10.2
--
-- Host: localhost    Database: bdsdc
-- ------------------------------------------------------
-- Server version	4.1.0-alpha-Max

/*!40101 SET NAMES latin1*/;
/*!40014 SET @OLD_UNIQUE_CHECKS=@@UNIQUE_CHECKS, UNIQUE_CHECKS=0 */;
/*!40014 SET @OLD_FOREIGN_KEY_CHECKS=@@FOREIGN_KEY_CHECKS, FOREIGN_KEY_CHECKS=0 */;
/*!40101 SET @OLD_SQL_MODE=@@SQL_MODE, SQL_MODE=NO_AUTO_VALUE_ON_ZERO */;

--
-- Dumping data for table `acteurs`
--


/*!40000 ALTER TABLE acteurs DISABLE KEYS */;
LOCK TABLES acteurs WRITE;
INSERT INTO acteurs (identifiant_acteurs, nom_client, commercial, charge_affaires, technicien) VALUES (1,'KENZO','BEAU CAROLINE','FESCHET MAGDELAINE SOPHIE','MICHAUX SÉBASTIEN'),(2,'GEPARLYS','KHOURY LOUIS','MOREAU FRANCIS','MICHAUX SÉBASTIEN'),(3,'PROCTER & GAMBLE','PARISH CHRISTINE','MULLER PATRICK','BOILEAU BÉATRICE'),(4,'IDEXYS PARFUMS','KHOURY LOUIS','MOREAU FRANCIS','MICHAUX SÉBASTIEN'),(7,'FRAGEX','KHOURY LOUIS','MOREAU FRANCIS','MICHAUX SÉBASTIEN'),(6,'CHANEL','BEAU CAROLINE','MULLER PATRICK','BOILEAU BÉATRICE'),(8,'ANTONIO PUIG','VILLALBA TERESA','FESCHET MAGDELAINE SOPHIE','MICHAUX SÉBASTIEN'),(9,'YSL','GOARANT MATHILDE','FESCHET MAGDELAINE SOPHIE','POINTEL YANNICK'),(10,'LANCASTER','SARFATI THIERRY','MOREAU FRANCIS','MICHAUX SÉBASTIEN'),(11,'ICR','MANGIAROTTI FABIO','FESCHET MAGDELAINE SOPHIE','MICHAUX SÉBASTIEN'),(12,'JJVIVIER','KHOURY LOUIS','MOREAU FRANCIS','MICHAUX SÉBASTIEN'),(13,'SPPC','','MOREAU FRANCIS','MICHAUX SÉBASTIEN'),(14,'BOURGEOIS CHANEL','BEAU CAROLINE','MULLER PATRICK','BOILEAU BÉATRICE'),(15,'BOURJOIS CHANEL','BEAU CAROLINE','MULLER PATRICK','BOILEAU BÉATRICE'),(16,'BOURJOIS CHANEL','SARFATI THIERRY','MULLER PATRICK','BOILEAU BÉATRICE'),(17,'CARTIER','','MULLER PATRICK','BOILEAU BÉATRICE'),(18,'BOGART','','MULLER PATRICK','BOILEAU BÉATRICE'),(19,'BOGART','CABIBBO MAGALIE','MULLER PATRICK','BOILEAU BÉATRICE'),(20,'VERSACE','MANGIAROTTI FABIO','FESCHET MAGDELAINE SOPHIE','POINTEL YANNICK'),(21,'AMOUAGE','','',''),(22,'BIOTHERM','HENARD MÉLANIE','MULLER PATRICK','BOILEAU BÉATRICE'),(23,'AMOUAGE','','MULLER PATRICK','BOILEAU BÉATRICE'),(24,'AMOUAGE','D. HIGGINS','MULLER PATRICK','BOILEAU BÉATRICE'),(25,'VAN CLEEF','GOARANT MATHILDE','FESCHET MAGDELAINE SOPHIE','POINTEL YANNICK'),(26,'BOURJOIS CHANEL','BEAU CAROLINE','MULLER PATRICK','BOILEAU BÉATRICE'),(27,'BOURJOIS CHANEL','SARFATI THIERRY','MULLER PATRICK','BOILEAU BÉATRICE'),(28,'ANTONIO PUIG','VILLALBA TERESA','FESCHET MAGDELAINE SOPHIE','MICHAUX SÉBASTIEN'),(29,'LANCÔME','TOUYA GAEL','FESCHET MAGDELAINE SOPHIE','POINTEL YANNICK'),(30,'BASKET PERFUMES','','MOREAU FRANCIS','MICHAUX SÉBASTIEN'),(31,'BOUCHERON','GOARANT MATHILDE','MULLER PATRICK','STUART BRUNO'),(32,'YVES ROCHER','ALTEMEYER PHILIPPE','MULLER PATRICK','STUART BRUNO'),(33,'ICR','MANGIAROTTI FABIO','FESCHET MAGDELAINE SOPHIE','POINTEL YANNICK'),(34,'MICYS','MANGIAROTTI FABIO','FESCHET MAGDELAINE SOPHIE','POINTEL YANNICK'),(35,'GIVENCHY','','MOREAU FRANCIS','MICHAUX SÉBASTIEN'),(36,'GIVENCHY','BOUSQUEL PATRICK','MOREAU FRANCIS','MICHAUX SÉBASTIEN'),(37,'CARTIER','ALTEMEYER PHILIPPE','MULLER PATRICK','BOILEAU BÉATRICE');
UNLOCK TABLES;
/*!40000 ALTER TABLE acteurs ENABLE KEYS */;

--
-- Dumping data for table `charge_affaires`
--


/*!40000 ALTER TABLE charge_affaires DISABLE KEYS */;
LOCK TABLES charge_affaires WRITE;
INSERT INTO charge_affaires (id_charge_affaires, charge_affaires) VALUES (0,'PARMENTIER ALEXANDRA'),(1,'FESCHET MAGDELAINE SOPHIE'),(2,'MULLER PATRICK'),(3,'MOREAU FRANCIS');
UNLOCK TABLES;
/*!40000 ALTER TABLE charge_affaires ENABLE KEYS */;

--
-- Dumping data for table `client`
--


/*!40000 ALTER TABLE client DISABLE KEYS */;
LOCK TABLES client WRITE;
INSERT INTO client (id_client, client) VALUES (0,'BOUCHERON'),(1,'CARTIER'),(2,'CHANEL'),(3,'CLARINS'),(4,'COSMEUROP'),(5,'DIOR'),(6,'ESCADA'),(7,'GIVENCHY'),(8,'GUERLAIN'),(9,'INTERPARFUMS'),(10,'KENZO'),(11,'LANCASTER'),(12,'LE CLUB CREATEUR'),(13,'L\'OREAL GRAND PUBLIC'),(14,'MULHENS'),(15,'ORLANE'),(16,'PARFUMS BEAUTE DE SUH'),(17,'PCI'),(18,'PUIG'),(19,'ROCHAS'),(20,'SHISEIDO'),(21,'SICOS/LANCOME'),(22,'SOFAMO/BIOTHERM'),(23,'THIERRY MUGLER'),(24,'YSL'),(25,'YVES ROCHER'),(26,'GEPARLYS'),(27,'PROCTER & GAMBLE'),(28,'IDEXYS PARFUMS'),(29,'FRAGEX'),(30,'ANTONIO PUIG'),(31,'ICR'),(32,'JJVIVIER'),(33,'SPPC'),(36,'BOGART'),(35,'BOURJOIS CHANEL'),(37,'VERSACE'),(38,'AMOUAGE'),(39,'BIOTHERM'),(40,'VAN  CLEEF'),(41,'LANCÔME'),(42,'BASKET PERFUMES'),(43,'MICYS');
UNLOCK TABLES;
/*!40000 ALTER TABLE client ENABLE KEYS */;

--
-- Dumping data for table `commercial`
--


/*!40000 ALTER TABLE commercial DISABLE KEYS */;
LOCK TABLES commercial WRITE;
INSERT INTO commercial (id_commercial, commercial) VALUES (0,'ALTEMEYER PHILIPPE'),(15,'CABIBBO MAGALIE'),(2,'BEAU CAROLINE'),(3,'CAMERONI LAURA'),(4,'GOARANT MATHILDE'),(5,'HENARD MÉLANIE'),(6,'HOR MICKAEL'),(7,'KHOURY LOUIS'),(8,'LELONEK DOROTA'),(9,'LOISEL BERTRAND'),(10,'PARISH CHRISTINE'),(11,'SARFATI THIERRY'),(12,'TOUYA GAEL'),(13,'VILLALBA TERESA'),(14,'MANGIAROTTI FABIO'),(16,'D. HIGGINS'),(17,'BOUSQUEL PATRICK');
UNLOCK TABLES;
/*!40000 ALTER TABLE commercial ENABLE KEYS */;

--
-- Dumping data for table `decor_piece`
--


/*!40000 ALTER TABLE decor_piece DISABLE KEYS */;
LOCK TABLES decor_piece WRITE;
INSERT INTO decor_piece (id_decor_piece, decor_piece) VALUES (0,'COLORATION'),(1,'GALVANISATION'),(2,'GRAIN DE CHARMILLE'),(3,'GRAVURE'),(4,'LAQUAGE'),(5,'MARQUAGE A CHAUD'),(6,'METALLISATION'),(7,'SERIGRAPHIE'),(8,'SLEEVAGE'),(9,'TAMPOGRAPHIE');
UNLOCK TABLES;
/*!40000 ALTER TABLE decor_piece ENABLE KEYS */;

--
-- Dumping data for table `dossiers`
--


/*!40000 ALTER TABLE dossiers DISABLE KEYS */;
LOCK TABLES dossiers WRITE;
INSERT INTO dossiers (numero_dossier, numero_pdp, dossier_projet, dossier_cao, dossier_qualite, dossier_csr) VALUES (1,'PRJDGN2001029-030','Z:/CORA/KENZO/PRJDGN2001029-030','Z:/CORA/KENZO/PRJDGN2001029-030/CAO','Z:/CORA/KENZO/PRJDGN2001029-030/QUALITÉ','Z:/CORA/KENZO/PRJDGN2001029-030/CSR'),(2,'PRJLKH2001037','Z:/CORA/GEPARLYS/PRJLKH2001037','Z:/CORA/GEPARLYS/PRJLKH2001037/CAO','Z:/CORA/GEPARLYS/PRJLKH2001037/QUALITÉ','Z:/CORA/GEPARLYS/PRJLKH2001037/CSR'),(3,'PRJCPR2000005','Z:/CORA/PROCTER & GAMBLE/PRJCPR2000005','Z:/CORA/PROCTER & GAMBLE/PRJCPR2000005/CAO','Z:/CORA/PROCTER & GAMBLE/PRJCPR2000005/QUALITÉ','Z:/CORA/PROCTER & GAMBLE/PRJCPR2000005/CSR'),(4,'PRJMGA2002052','Z:/CORA/IDEXYS PARFUMS/PRJMGA2002052','Z:/CORA/IDEXYS PARFUMS/PRJMGA2002052/CAO','Z:/CORA/IDEXYS PARFUMS/PRJMGA2002052/QUALITÉ','Z:/CORA/IDEXYS PARFUMS/PRJMGA2002052/CSR'),(8,'PRJMGA2002001','Z:/CORA/FRAGEX/PRJMGA2002001','Z:/CORA/FRAGEX/PRJMGA2002001/CAO','Z:/CORA/FRAGEX/PRJMGA2002001/QUALITÉ','Z:/CORA/FRAGEX/PRJMGA2002001/CSR'),(6,'PRJCPR2001004','Z:/CORA/PROCTER & GAMBLE/PRJCPR2001004','Z:/CORA/PROCTER & GAMBLE/PRJCPR2001004/CAO','Z:/CORA/PROCTER & GAMBLE/PRJCPR2001004/QUALITÉ','Z:/CORA/PROCTER & GAMBLE/PRJCPR2001004/CSR'),(7,'PRJCBB2001007','Z:/CORA/CHANEL/PRJCBB2001007','Z:/CORA/CHANEL/PRJCBB2001007/CAO','Z:/CORA/CHANEL/PRJCBB2001007/QUALITÉ','Z:/CORA/CHANEL/PRJCBB2001007/CSR'),(9,'PRJYDN2002012','Z:/CORA/ANTONIO PUIG/PRJYDN2002012','Z:/CORA/ANTONIO PUIG/PRJYDN2002012/CAO','Z:/CORA/ANTONIO PUIG/PRJYDN2002012/QUALITÉ','Z:/CORA/ANTONIO PUIG/PRJYDN2002012/CSR'),(10,'PRJDBD2002023','Z:/CORA/YSL/PRJDBD2002023','Z:/CORA/YSL/PRJDBD2002023/CAO','Z:/CORA/YSL/PRJDBD2002023/QUALITÉ','Z:/CORA/YSL/PRJDBD2002023/CSR'),(11,'PRJTSR2002002','Z:/CORA/LANCASTER/PRJTSR2002002','Z:/CORA/LANCASTER/PRJTSR2002002/CAO','Z:/CORA/LANCASTER/PRJTSR2002002/QUALITÉ','Z:/CORA/LANCASTER/PRJTSR2002002/CSR'),(12,'PRJMCB2002068','Z:/CORA/LANCASTER/PRJMCB2002068','Z:/CORA/LANCASTER/PRJMCB2002068/CAO','Z:/CORA/LANCASTER/PRJMCB2002068/QUALITÉ','Z:/CORA/LANCASTER/PRJMCB2002068/CSR'),(13,'PRJADL2001058-059','Z:/CORA/ICR/PRJADL2001058-059','Z:/CORA/ICR/PRJADL2001058-059/CAO','Z:/CORA/ICR/PRJADL2001058-059/QUALITÉ','Z:/CORA/ICR/PRJADL2001058-059/CSR'),(14,'PRJMGA2002093','Z:/CORA/JJVIVIER/PRJMGA2002093','Z:/CORA/JJVIVIER/PRJMGA2002093/CAO','Z:/CORA/JJVIVIER/PRJMGA2002093/QUALITÉ','Z:/CORA/JJVIVIER/PRJMGA2002093/CSR'),(15,'PRJMGA2002070','Z:/CORA/SPPC/PRJMGA2002070','Z:/CORA/SPPC/PRJMGA2002070/CAO','Z:/CORA/SPPC/PRJMGA2002070/QUALITÉ','Z:/CORA/SPPC/PRJMGA2002070/CSR'),(16,'PRJCBB2001048','Z:/CORA/BOURJOIS CHANEL/PRJCBB2001048','Z:/CORA/BOURJOIS CHANEL/PRJCBB2001048/CAO','Z:/CORA/BOURJOIS CHANEL/PRJCBB2001048/QUALITÉ','Z:/CORA/BOURJOIS CHANEL/PRJCBB2001048/CSR'),(17,'PRJDBD2001075-079','Z:/CORA/YSL/PRJDBD2001075-079','Z:/CORA/YSL/PRJDBD2001075-079/CAO','Z:/CORA/YSL/PRJDBD2001075-079/QUALITÉ','Z:/CORA/YSL/PRJDBD2001075-079/CSR'),(18,'PDP DBD2001089','Z:/CORA/YSL/PDP DBD2001089','Z:/CORA/YSL/PDP DBD2001089/CAO','Z:/CORA/YSL/PDP DBD2001089/QUALITÉ','Z:/CORA/YSL/PDP DBD2001089/CSR'),(19,'PDP MGR2002005','Z:/CORA/YSL/PDP MGR2002005','Z:/CORA/YSL/PDP MGR2002005/CAO','Z:/CORA/YSL/PDP MGR2002005/QUALITÉ','Z:/CORA/YSL/PDP MGR2002005/CSR'),(20,'PRJCBB2002026','Z:/CORA/CARTIER/PRJCBB2002026','Z:/CORA/CARTIER/PRJCBB2002026/CAO','Z:/CORA/CARTIER/PRJCBB2002026/QUALITÉ','Z:/CORA/CARTIER/PRJCBB2002026/CSR'),(21,'PRJCBB2002028','Z:/CORA/BOGART/PRJCBB2002028','Z:/CORA/BOGART/PRJCBB2002028/CAO','Z:/CORA/BOGART/PRJCBB2002028/QUALITÉ','Z:/CORA/BOGART/PRJCBB2002028/CSR'),(22,'PRJCBB2002036','Z:/CORA/BOGART/PRJCBB2002036','Z:/CORA/BOGART/PRJCBB2002036/CAO','Z:/CORA/BOGART/PRJCBB2002036/QUALITÉ','Z:/CORA/BOGART/PRJCBB2002036/CSR'),(23,'PRJCBB2002027','Z:/CORA/BOGART/PRJCBB2002027','Z:/CORA/BOGART/PRJCBB2002027/CAO','Z:/CORA/BOGART/PRJCBB2002027/QUALITÉ','Z:/CORA/BOGART/PRJCBB2002027/CSR'),(24,'PRJCBB2002026-028','Z:/CORA/BOGART/PRJCBB2002026-028','Z:/CORA/BOGART/PRJCBB2002026-028/CAO','Z:/CORA/BOGART/PRJCBB2002026-028/QUALITÉ','Z:/CORA/BOGART/PRJCBB2002026-028/CSR'),(25,'PRJCBB2002027-036','Z:/CORA/BOGART/PRJCBB2002027-036','Z:/CORA/BOGART/PRJCBB2002027-036/CAO','Z:/CORA/BOGART/PRJCBB2002027-036/QUALITÉ','Z:/CORA/BOGART/PRJCBB2002027-036/CSR'),(26,'PRJ DBD2001089-005','Z:/CORA/YSL/PRJ DBD2001089-005','Z:/CORA/YSL/PRJ DBD2001089-005/CAO','Z:/CORA/YSL/PRJ DBD2001089-005/QUALITÉ','Z:/CORA/YSL/PRJ DBD2001089-005/CSR'),(27,'PRJDBD2001089-MGR2002005','Z:/CORA/YSL/PRJDBD2001089-MGR2002005','Z:/CORA/YSL/PRJDBD2001089-MGR2002005/CAO','Z:/CORA/YSL/PRJDBD2001089-MGR2002005/QUALITÉ','Z:/CORA/YSL/PRJDBD2001089-MGR2002005/CSR'),(28,'PRJMGR2002021','Z:/CORA/YSL/PRJMGR2002021','Z:/CORA/YSL/PRJMGR2002021/CAO','Z:/CORA/YSL/PRJMGR2002021/QUALITÉ','Z:/CORA/YSL/PRJMGR2002021/CSR'),(29,'PRJADL2001057','Z:/CORA/VERSACE/PRJADL2001057','Z:/CORA/VERSACE/PRJADL2001057/CAO','Z:/CORA/VERSACE/PRJADL2001057/QUALITÉ','Z:/CORA/VERSACE/PRJADL2001057/CSR'),(30,'PRJMGR2002006-016-017','Z:/CORA/YSL/PRJMGR2002006-016-017','Z:/CORA/YSL/PRJMGR2002006-016-017/CAO','Z:/CORA/YSL/PRJMGR2002006-016-017/QUALITÉ','Z:/CORA/YSL/PRJMGR2002006-016-017/CSR'),(31,'PRJMGR2002031','Z:/CORA/YSL/PRJMGR2002031','Z:/CORA/YSL/PRJMGR2002031/CAO','Z:/CORA/YSL/PRJMGR2002031/QUALITÉ','Z:/CORA/YSL/PRJMGR2002031/CSR'),(32,'PRJMGR2002029','Z:/CORA/YSL/PRJMGR2002029','Z:/CORA/YSL/PRJMGR2002029/CAO','Z:/CORA/YSL/PRJMGR2002029/QUALITÉ','Z:/CORA/YSL/PRJMGR2002029/CSR'),(33,'PRJDBD2001049','Z:/CORA/AMOUAGE/PRJDBD2001049','Z:/CORA/AMOUAGE/PRJDBD2001049/CAO','Z:/CORA/AMOUAGE/PRJDBD2001049/QUALITÉ','Z:/CORA/AMOUAGE/PRJDBD2001049/CSR'),(34,'PRJDHG2002012','Z:/CORA/AMOUAGE/PRJDHG2002012','Z:/CORA/AMOUAGE/PRJDHG2002012/CAO','Z:/CORA/AMOUAGE/PRJDHG2002012/QUALITÉ','Z:/CORA/AMOUAGE/PRJDHG2002012/CSR'),(35,'PRJSJN2001073','Z:/CORA/LANCÔME/PRJSJN2001073','Z:/CORA/LANCÔME/PRJSJN2001073/CAO','Z:/CORA/LANCÔME/PRJSJN2001073/QUALITÉ','Z:/CORA/LANCÔME/PRJSJN2001073/CSR'),(36,'PRJMGA2002068','Z:/CORA/BASKET PERFUMES/PRJMGA2002068','Z:/CORA/BASKET PERFUMES/PRJMGA2002068/CAO','Z:/CORA/BASKET PERFUMES/PRJMGA2002068/QUALITÉ','Z:/CORA/BASKET PERFUMES/PRJMGA2002068/CSR'),(37,'PRJTSR2002002','Z:/CORA/LANCASTER/PRJTSR2002002','Z:/CORA/LANCASTER/PRJTSR2002002/CAO','Z:/CORA/LANCASTER/PRJTSR2002002/QUALITÉ','Z:/CORA/LANCASTER/PRJTSR2002002/CSR'),(38,'PRJGTY2002002','Z:/CORA/BOUCHERON/PRJGTY2002002','Z:/CORA/BOUCHERON/PRJGTY2002002/CAO','Z:/CORA/BOUCHERON/PRJGTY2002002/QUALITÉ','Z:/CORA/BOUCHERON/PRJGTY2002002/CSR'),(39,'PRJSJN2002017','Z:/CORA/BOUCHERON/PRJSJN2002017','Z:/CORA/BOUCHERON/PRJSJN2002017/CAO','Z:/CORA/BOUCHERON/PRJSJN2002017/QUALITÉ','Z:/CORA/BOUCHERON/PRJSJN2002017/CSR'),(40,'PRJDGN2002007','Z:/CORA/YVES ROCHER/PRJDGN2002007','Z:/CORA/YVES ROCHER/PRJDGN2002007/CAO','Z:/CORA/YVES ROCHER/PRJDGN2002007/QUALITÉ','Z:/CORA/YVES ROCHER/PRJDGN2002007/CSR'),(41,'PDPDBD2002056','Z:/CORA/YSL/PDPDBD2002056','Z:/CORA/YSL/PDPDBD2002056/CAO','Z:/CORA/YSL/PDPDBD2002056/QUALITÉ','Z:/CORA/YSL/PDPDBD2002056/CSR'),(42,'PRJADL2002059-060-061','Z:/CORA/ICR/PRJADL2002059-060-061','Z:/CORA/ICR/PRJADL2002059-060-061/CAO','Z:/CORA/ICR/PRJADL2002059-060-061/QUALITÉ','Z:/CORA/ICR/PRJADL2002059-060-061/CSR'),(43,'PRJADL2002017-018','Z:/CORA/MICYS/PRJADL2002017-018','Z:/CORA/MICYS/PRJADL2002017-018/CAO','Z:/CORA/MICYS/PRJADL2002017-018/QUALITÉ','Z:/CORA/MICYS/PRJADL2002017-018/CSR'),(44,'PRJSCH2001005-006','Z:/CORA/GIVENCHY/PRJSCH2001005-006','Z:/CORA/GIVENCHY/PRJSCH2001005-006/CAO','Z:/CORA/GIVENCHY/PRJSCH2001005-006/QUALITÉ','Z:/CORA/GIVENCHY/PRJSCH2001005-006/CSR'),(45,'PRJDGN2002060-061-062','Z:/CORA/CARTIER/PRJDGN2002060-061-062','Z:/CORA/CARTIER/PRJDGN2002060-061-062/CAO','Z:/CORA/CARTIER/PRJDGN2002060-061-062/QUALITÉ','Z:/CORA/CARTIER/PRJDGN2002060-061-062/CSR');
UNLOCK TABLES;
/*!40000 ALTER TABLE dossiers ENABLE KEYS */;

--
-- Dumping data for table `famille_de_pompe`
--


/*!40000 ALTER TABLE famille_de_pompe DISABLE KEYS */;
LOCK TABLES famille_de_pompe WRITE;
INSERT INTO famille_de_pompe (id_famille_de_pompe, famille_de_pompe) VALUES (0,'VP3'),(1,'VP4'),(2,'VP5'),(3,'VP8'),(4,'COMPACT'),(5,'EVOLUTION'),(6,'MINI VAP'),(7,'REPLICA'),(8,'TELE SPRAY - TELE DOSE');
UNLOCK TABLES;
/*!40000 ALTER TABLE famille_de_pompe ENABLE KEYS */;

--
-- Dumping data for table `marges`
--


/*!40000 ALTER TABLE marges DISABLE KEYS */;
LOCK TABLES marges WRITE;
UNLOCK TABLES;
/*!40000 ALTER TABLE marges ENABLE KEYS */;

--
-- Dumping data for table `matiere_piece`
--


/*!40000 ALTER TABLE matiere_piece DISABLE KEYS */;
LOCK TABLES matiere_piece WRITE;
INSERT INTO matiere_piece (id_matiere_piece, matiere_piece) VALUES (0,'ABS-SAN'),(1,'ACIER'),(2,'ALUMINIUM(BILLE)'),(3,'INOX(RESSORT)'),(4,'POM'),(5,'POLYETHYLENE'),(6,'PPH 5060'),(7,'SILICONE'),(8,'SURLYN'),(9,'TPX'),(10,'VERRE'),(11,'ZAMACK'),(12,'PEBD RIBLEN FF20'),(13,'PP C705-44NA-INSPIRE'),(14,'ALUMINIUM'),(15,'PP APPRYL 3100MT3'),(16,'PP 3050 MN1'),(17,'PP EXXON MOBIL 1013'),(18,'PP NOIR');
UNLOCK TABLES;
/*!40000 ALTER TABLE matiere_piece ENABLE KEYS */;

--
-- Dumping data for table `menu`
--


/*!40000 ALTER TABLE menu DISABLE KEYS */;
LOCK TABLES menu WRITE;
INSERT INTO menu (menu_index, nom, page) VALUES (1,'ajouter un projet','ajouter_projet/ajouter_projet.php'),(2,'consulter un projet','consulter_projet/consulter_projet_menu.php'),(3,'mettre à jour le projet','maj_projet/maj_projet_menu.php'),(4,'galerie de photos','galerie_de_photos/galerie_de_photos.php'),(5,'recherche de données','recherches_donnees/recherches_donnees.php'),(6,'mise à jour des listes de choix','maj_liste_choix/maj_liste_choix.php');
UNLOCK TABLES;
/*!40000 ALTER TABLE menu ENABLE KEYS */;

--
-- Dumping data for table `nom_fournisseur`
--


/*!40000 ALTER TABLE nom_fournisseur DISABLE KEYS */;
LOCK TABLES nom_fournisseur WRITE;
INSERT INTO nom_fournisseur (id_nom_fournisseur, nom_fournisseur) VALUES (0,'ACTUA PLAST'),(1,'FUTURA'),(2,'MINOT GAILLARD / SNDG'),(8,'REYFLEX'),(4,'SPSA'),(5,'TECHNIPLAST'),(6,'VALOIS'),(7,'GRAPHOCOLOR'),(9,'MOTEC.SA'),(10,'SEIDEL'),(11,'PIVAUDRAN'),(12,'TESEM'),(13,'COVIT'),(14,'CLIENT');
UNLOCK TABLES;
/*!40000 ALTER TABLE nom_fournisseur ENABLE KEYS */;

--
-- Dumping data for table `nom_sous_traitant_fournisseur`
--


/*!40000 ALTER TABLE nom_sous_traitant_fournisseur DISABLE KEYS */;
LOCK TABLES nom_sous_traitant_fournisseur WRITE;
INSERT INTO nom_sous_traitant_fournisseur (id_nom_sous_traitant_fournisseur, nom_sous_traitant_fournisseur) VALUES (0,'GSM'),(1,'NOVATRA'),(2,'GCM'),(3,'MBF');
UNLOCK TABLES;
/*!40000 ALTER TABLE nom_sous_traitant_fournisseur ENABLE KEYS */;

--
-- Dumping data for table `nombre_empreinte_moule`
--


/*!40000 ALTER TABLE nombre_empreinte_moule DISABLE KEYS */;
LOCK TABLES nombre_empreinte_moule WRITE;
INSERT INTO nombre_empreinte_moule (id_nombre_empreinte_moule, nombre_empreinte_moule) VALUES (0,1),(2,2),(3,4),(4,8),(5,6);
UNLOCK TABLES;
/*!40000 ALTER TABLE nombre_empreinte_moule ENABLE KEYS */;

--
-- Dumping data for table `piece`
--


/*!40000 ALTER TABLE piece DISABLE KEYS */;
LOCK TABLES piece WRITE;
INSERT INTO piece (identifiant_piece, identifiant_produit_fini, code_article_valois, reference_piece, type_de_piece, numero_plan_piece, matiere_piece, decor_piece, detail_coloration_piece, dimensions_piece, chemin_image_piece, nom_fournisseur, nom_sous_traitant_fournisseur, annee_lancement_outillages, cout_outillages, nombre_empreinte_moule, version_du_moule, pru_fournisseur, cadence_outillage) VALUES (1,1,'256080','308 LG5.4','TETE','11242','POLYPROPYLENE','','NT 1954','','IMAGE.BMP','VALOIS','',2000,0,0,'',5.7,NULL),(2,1,'10005607','1113','SURCAPSULE','30700','ALUMINIUM(BILLE)','GRAVURE','AG 7329','','','GRAPHOCOLOR','',2002,1980,0,'',24.68,NULL),(3,1,'246650','GP FCNS30°','GICLEUR','8916','POM','','NT 8','','','VALOIS','',2000,0,0,'',2.6,NULL),(20,5,'284140','1074','TETE','P30467','PEBD RIBLEN FF20','COLORATION','ORANGE OG3176','36.4 X 18 X 8.6','IMAGE-HB7.JPG','TECHNIPLAST','',2001,45735,8,'NON',32.32,NULL),(5,2,'280650','157A','TETE','1647','POLYPROPYLENE','COLORATION','NT','','','VALOIS','',2000,0,0,'',8.49,NULL),(19,3,'280120','1040','TETE','P30121','PEBD RIBLEN FF20','COLORATION','ORANGE OG3176','35 X 18 X 8.6','IMAGE-HB7.JPG','TECHNIPLAST','',2001,45735,8,'NON',31.56,NULL),(11,2,'111600','420','EMBOUT','1516','POM','COLORATION','NR','','','VALOIS','',2000,0,0,'',13.05,NULL),(12,2,'262370','430-111','EMBOUT','11082','POM','COLORATION','NR','','','VALOIS','',2000,0,0,'',11.2,NULL),(13,2,'277220','GP FXL30°','GICLEUR','','POM','COLORATION','NT','','','VALOIS','',2000,0,0,'',9.1,NULL),(21,6,'10004981','1100','SURCAPSULE','P30230','ALUMINIUM','METALLISATION','ARGENT STD','56*20*19.3','PR-1100.BMP','GRAPHOCOLOR','',2002,35000,0,'',435,NULL),(15,4,'256120','308B LG5.4','TETE','11244','POLYPROPYLENE','','NT','','','VALOIS','',2000,0,0,'',5.67,NULL),(16,4,'263320','GP FXL60°','GICLEUR','8166','POM','','NT','','','VALOIS','',2000,0,0,'',8.08,NULL),(22,6,'10004979','1100','TETE','P30639','PP C705-44NA-INSPIRE','','','55*19.8*9.9','TETE-1100.BMP','REYFLEX','NOVATRA',2002,29800,4,'',45.5,NULL),(23,8,'10005772','1116','TETE','30710','PP APPRYL 3100MT3','','NATUREL','','IMAGE 130602.BMP','ACTUA PLAST','',2002,0,8,'',27.72,NULL),(24,8,'274220','GPFXL 7.4','GICLEUR','NÉANT','POM','','NATUREL NT8','','','VALOIS','',2000,0,0,'',0,NULL),(25,8,'236430','LG3.16','INTERIEUR(GICLEUR)','8167','','','NATUREL NT532','','','VALOIS','',2000,0,0,'',0,NULL),(26,9,'10006016','1115','TETE','30706','','','NATUREL','','IMAGE080702.JPG','VALOIS','',2000,1800,2,'',94,NULL),(27,9,'246650','GPFCNS30°','GICLEUR','8916','POM','','NATUREL NT8','','','','',2000,0,0,'',0,NULL),(28,10,'','1119','TETE','30728','POLYPROPYLENE','COLORATION','','','IMAGE1119.JPG','MOTEC.SA','',2002,26450,8,'',13.76,NULL),(29,10,'','GPFXL 30°','GICLEUR','13651','POM','COLORATION','','','','VALOIS','',2000,0,0,'',0,NULL),(30,10,'','GPFXL LG2.63','INTERIEUR(GICLEUR)','13829','','','','','','VALOIS','',2000,0,0,'',0,NULL),(31,11,'10005937','CS11FEA','HABILLAGE','30726','ALUMINIUM','COLORATION','AG7127','HAUTEUR 16','','SEIDEL','',2002,1400,0,'OUI',65.16,NULL),(32,13,'10006016','1115','TETE','30706','POLYPROPYLENE','','','','IMAGE080702.JPG','VALOIS','',2000,1800,2,'',94,NULL),(33,13,'246650','GPFCNS30°','GICLEUR','8916','POM','','','','','VALOIS','',2000,0,0,'',0,NULL),(34,14,'231890','107','TETE','','','','NATUREL','','IMAGE7000.JPG','VALOIS','',2000,0,0,'',6.99,NULL),(35,14,'261380','430/111','EMBOUT','','POM','','NATUREL','','','VALOIS','',2000,0,0,'',11.79,NULL),(36,14,'283510','GPFXL30°','GICLEUR','','','COLORATION','BC','','','','',2000,0,0,'',8.57,NULL),(37,14,'249000','107/103 D5','SURCAPSULE','','ALUMINIUM','COLORATION','OR 7126','','','','',2000,0,0,'',30.6,NULL),(38,15,'279920','718','TETE','2101','POLYPROPYLENE','COLORATION','NT1154','','IMAGE1122.BMP','VALOIS','',2000,0,0,'',7.62,NULL),(39,15,'223050','430/085','EMBOUT','6741','POM','COLORATION','NR2038','','','VALOIS','',2000,0,0,'',11.12,NULL),(40,15,'278540','GPFXL30° LG2.63','GICLEUR','','','COLORATION','NR2038','','','VALOIS','',2000,0,0,'',8.08,NULL),(41,16,'927682','1102','POUSSOIR','P30645C','PP 3050 MN1','','','','PR-1102.BMP','REYFLEX','NOVATRA',2002,26984,4,'',32.62,NULL),(42,17,'286220','TETE 1083','TETE','ERD 30570','PEBD RIBLEN FF20','','','18.66','','TECHNIPLAST','',2002,26500,4,'NON',52.5,NULL),(43,18,'1000 4164','1093','TETE','30607','POLYPROPYLENE','','','17.5X16.8 HT.7.9','','TECHNIPLAST','',2002,35000,8,'NON',21.6,NULL),(44,18,'1000 4172','1093','SURCAPSULE','30618','ALUMINIUM','METALLISATION','','17.5X18.2','','','',2000,0,0,'',0,NULL),(45,20,'10004165','1094','TETE','30608','POLYPROPYLENE','','','','','TECHNIPLAST','',2002,36600,8,'NON',21.8,NULL),(46,21,'10006421','7001','POUSSOIR','C30741','','','','','','','',2000,0,0,'',44.47,NULL),(47,22,'10006417','7002','POUSSOIR','C 30742','','','','','','','',2000,0,0,'',56.37,NULL),(48,23,'10006420','7003','POUSSOIR','C 30743','','','','','','','',2000,0,0,'',43.05,NULL),(49,24,'10006418','7005','POUSSOIR','','','','','','','','',2000,0,0,'',43.05,NULL),(50,25,'286230','1084','TETE','30571','PEBD RIBLEN FF20','','','23.86','','ACTUA PLAST','',2002,29730,4,'NON',45.8,NULL),(51,26,'279920','718','TETE','ERD 2101','POLYPROPYLENE','','','','','','',2000,0,0,'',0,NULL),(52,27,'279920','718','TETE','ERD 2101','POLYPROPYLENE','','','','','','',2000,0,0,'',0,NULL),(56,30,'10004164','1093','TETE','30607','POLYPROPYLENE','','','17.5X16.8','','TECHNIPLAST','',2002,35000,8,'NON',21.6,NULL),(54,28,'270500','719','TETE','P 8415','','','','','','','',2000,0,0,'',0,NULL),(55,29,'270500','719','TETE','P 8415','POLYPROPYLENE','','','','','','',2000,0,0,'',0,NULL),(59,31,'10004164','1093','TETE','30607','POLYPROPYLENE','','','17.5X16.8X7.9','','TECHNIPLAST','',2002,35000,8,'NON',21.6,NULL),(58,30,'10004172','1093','SURCAPSULE','30618','ALUMINIUM','METALLISATION','','17.5X18.2','','PIVAUDRAN','',2002,0,0,'',0,NULL),(60,31,'10004172','1093','SURCAPSULE','30618','ALUMINIUM','METALLISATION','ARGENT BRILLANT','18.2X17.5X9.4','','PIVAUDRAN','',2002,0,0,'',0,NULL),(61,32,'10004165','1094','TETE','30608','POLYPROPYLENE','','','19.1X18.4X7.9','','TECHNIPLAST','',2002,36600,8,'NON',21.8,NULL),(62,32,'10004174','1094','SURCAPSULE','30619','ALUMINIUM','METALLISATION','ARGENT BRILLANT','19.8X19.1X9.4','','PIVAUDRAN','',2002,0,0,'',0,NULL),(63,33,'10006547','1106','TETE','30683','PP EXXON MOBIL 1013','GRAIN DE CHARMILLE','CHARMILLE 22 BLANC','','','REYFLEX','GCM',2002,35000,8,'NON',21.5,NULL),(64,34,'10004413','1101','TETE','30552','PEBD RIBLEN FF20','','','19.9X10.5X13.6','','REYFLEX','NOVATRA',2002,42100,8,'NON',19.16,NULL),(65,35,'10005773','1109','TETE','30687','PEBD RIBLEN FF20','','','22.8X6X7.9','','TECHNIPLAST','',2002,25300,4,'NON',49.1,NULL),(66,38,'10005774','1110','TETE','30691','PEBD RIBLEN FF20','','','28.5X6X6.9','','TECHNIPLAST','',2002,25300,4,'NON',52.6,NULL),(67,39,'10005775','1111','TETE','30689','PEBD RIBLEN FF20','','','28X6X7.9','','TECHNIPLAST','',2002,25300,4,'NON',54.9,NULL),(68,40,'10006103','1120','TETE','30711','PEBD RIBLEN FF20','','','25X6.7X6.3','','TECHNIPLAST','',2002,18300,8,'NON',94.3,NULL),(69,41,'10006557','1124','SURCAPSULE','30737','ALUMINIUM','METALLISATION','ARGENT BRILLANT','17X171','','GRAPHOCOLOR','',2002,33000,0,'',31.5,NULL),(70,41,'276210','808E LG.740','TETE','12176','POLYPROPYLENE','','','','','VALOIS','',2000,0,0,'',0,NULL),(71,42,'10005310','8003','HABILLAGE','ERD 30678','ALUMINIUM','','','','HAB-8003.BMP','TESEM','',2002,1500,0,'',72.72,NULL),(72,43,'10004918','8004  BRUT','HABILLAGE','ERD 30694','ALUMINIUM','','','','','COVIT','',2002,915,0,'',70.58,NULL),(73,43,'10004920','8004 MV2386','HABILLAGE','ERD 30694','ALUMINIUM','METALLISATION','MAUVE 2386','','HAB-8004.BMP','GRAPHOCOLOR','',2002,0,0,'',100.65,NULL),(74,44,'10004830','1090','BUTEE','30595','PPH 5060','','','Ø4.3 X 7','','TECHNIPLAST','',2002,22300,4,'NON',46.5,NULL),(75,44,'10004831','1090','GALET SUR TP','30601','POM','COLORATION','ROSE','Ø8.5 X 12','','CLIENT','MBF',2000,0,0,'',0,NULL),(76,46,'10006528','1123','TETE','30736','PPH 5060','MARQUAGE A CHAUD','OR + MAC SUR TOP PR','','','TECHNIPLAST','',2002,26850,4,'NON',37.3,NULL),(77,47,'10006529','1126','TETE','30740','PPH 5060','MARQUAGE A CHAUD','OR + MAC SUR TOP','','','TECHNIPLAST','',2002,26850,4,'NON',37.3,NULL),(78,48,'10006516','1118','TETE','30718','PPH 5060','','','','','TECHNIPLAST','',2002,42510,8,'',21.2,NULL),(79,49,'','A PUCES','SURCAPSULE','AP1 ADL02056','ALUMINIUM','METALLISATION','ARGENT STANDARD','13 X10.4','','','',2000,0,0,'',0,NULL),(80,50,'','1125','TETE','30757','PEBD RIBLEN FF20','','NATUREL','20X13.9X19.7','','TECHNIPLAST','',2002,25000,4,'NON',0,NULL),(81,51,'286260','1063','TETE','ERD30404E','PPH 5060','COLORATION','NR','','IMAGE 1062 1063.BMP','TECHNIPLAST','',2001,24392,6,'OUI',28.35,NULL),(82,51,'286090','1062','SURCAPSULE','ERD30314B','ALUMINIUM','','','','','TESEM','',2001,18294,0,'',68.6,NULL),(83,52,'282590','1062','TETE','ERD30313D','PPH 5060','COLORATION','NR','','','TECHNIPLAST','',2001,28965,6,'',28.35,NULL),(84,53,'','','DAGUE','DGN02063','','','','DMAX=5.95/DMIN=1.8','CARTIER_DAGUE_30ML.JPG','TECHNIPLAST','',2002,40000,8,'OUI',40.96,NULL),(85,54,'','','DAGUE','DGN02060','PP NOIR','','','DMAX=7.6/DMIN=1.8','CARTIER_DAGUE_50ML.JPG','TECHNIPLAST','',2002,30000,8,'OUI',40.96,NULL),(86,55,'','','DAGUE','DGN02060','PP NOIR','','','DMAX=7.6/DMIN=1.8','CARTIER_DAGUE_100ML.JPG','TECHNIPLAST','',2002,40000,8,'OUI',40.96,NULL);
UNLOCK TABLES;
/*!40000 ALTER TABLE piece ENABLE KEYS */;

--
-- Dumping data for table `produit_fini`
--


/*!40000 ALTER TABLE produit_fini DISABLE KEYS */;
LOCK TABLES produit_fini WRITE;
INSERT INTO produit_fini (identifiant_produit_fini, numero_pdp, code_produit_fini_sdc, reference_produit_fini, type_produit_fini, numero_plan_produit_fini, chemin_image_produit_fini, type_gicleur, type_embout, cote_de_saillant, numero_echantillotheque, pru, prix_de_vente, type_site, type_machine, cadence_pf) VALUES (1,'PRJDGN2001029-030','10005615','1113','POUSSOIR','30699','IMAGE.BMP','GPFC-NS','',0,1,0,0,NULL,NULL,0),(2,'PRJLKH2001037','10003668','1108','POUSSOIR','30695','IMAGE PR1108.BMP','GPFXL','EB 430',22.7,2,0,0,NULL,NULL,0),(7,'PRJDBD2002023','10007134','1117','POUSSOIR','30714','','','',0,7,0,0,NULL,NULL,0),(3,'PRJCPR2000005','623833','PR 1040','POUSSOIR','30120','IMAGE-HB7.JPG','GPFXL','',23.35,3,0,0,NULL,NULL,0),(4,'PRJMGA2002052','10005256','1104','POUSSOIR','30671','IMAGE.BMP','GPFXL','',9,4,0,0,NULL,NULL,0),(5,'PRJCPR2001004','624773','1074','POUSSOIR','30466','IMAGE-HB7.JPG','GPFXL','',25.85,5,0,0,NULL,NULL,0),(6,'PRJCBB2001007','10003695','POUSSOIR 1100','POUSSOIR','30640','PR-1100.BMP','GPFC-NS','',0,6,0,0,NULL,NULL,0),(8,'PRJYDN2002012','','1116','POUSSOIR','30709','IMAGE 130602.BMP','GPFXL','',0,8,0,0,NULL,NULL,0),(9,'PRJMGA2002001','','1115 ARGENT','POUSSOIR METALLISE','30707','IMAGE140602.JPG','GPFC-NS','',0,9,0,0,NULL,NULL,0),(10,'PRJTSR2002002','','1119','POUSSOIR','30729','IMAGE1119.JPG','GPFXL','',11,10,0,0,NULL,NULL,0),(11,'PRJMCB2002068','10005936','8000','HABILLAGE','30726','','','',0,11,0,0,NULL,NULL,0),(12,'PRJADL2001058-059','','1091','POUSSOIR','30598','PR1091.JPG','GPFC-NS','',0,12,0,0,NULL,NULL,0),(13,'PRJMGA2002001','','1115 OR','POUSSOIR METALLISE','30707','','GPFC-NS','',0,13,0,0,NULL,NULL,0),(14,'PRJMGA2002093','10006245','7000','POUSSOIR','30288','IMAGE1121.JPG','GPFXL','EB 430',16.2,14,0,0,NULL,NULL,0),(15,'PRJMGA2002070','10006636','7006','POUSSOIR','30734','IMAGE1122.BMP','GPFXL','EB 430',13.48,15,0,0,NULL,NULL,0),(16,'PRJCBB2001048','927682','POUSSOIR1102','POUSSOIR','P20645C','PR-1102.BMP','','',0,16,0,0,NULL,NULL,0),(17,'PRJDBD2001075-079','1000 3648','PR 1083','POUSSOIR','C 30572','','GPFXL 60°','',18,17,0,0,NULL,NULL,0),(18,'PDP','1000 5121','1093','POUSSOIR','30609','','GPFC/NS 60°','',0,18,0,0,NULL,NULL,0),(19,'PDP','1000 5121','1093','POUSSOIR','30609','','GPFC/NS 60°','',0,19,0,0,NULL,NULL,0),(20,'PDP','1000 5122','1094','POUSSOIR','30610','','GPFC/NS 60°','',0,20,0,0,NULL,NULL,0),(21,'PRJCBB2002026','10006421','POUSSOIR 7001','POUSSOIR','C30741','','GPFC/NS 30°','EB 430/097',12,21,0,0,NULL,NULL,0),(22,'PRJCBB2002028','10006417','POUSSOIR 7002','POUSSOIR','C 30742','','GPCS LG4','',9.2,22,0,0,NULL,NULL,0),(23,'PRJCBB2002036','10006420','POUSSOIR 7003','POUSSOIR','C 30743','','GPFC/NS 60°','EB 430/111',13.1,23,0,0,NULL,NULL,0),(24,'PRJCBB2002027','10006418','POUSSOIR 7005','POUSSOIR','C 30744','','GPFC/NS 60°','EB 430/097',11.7,24,0,0,NULL,NULL,0),(25,'PRJDBD2001075-079','1000 3649','PR 1084','POUSSOIR','30573','','GPFXL 60°','',21.7,25,0,0,NULL,NULL,0),(26,'PRJCBB2002026-028','10006421','POUSSOIR 7001','POUSSOIR','C 30741','','GPFC/NS 30°','EB 430/097',12,26,0,0,NULL,NULL,0),(27,'PRJCBB2002026-028','10006417','POUSSOIR 7002','POUSSOIR','C 30742','','GPCS LG4','',9.2,27,0,0,NULL,NULL,0),(28,'PRJCBB2002027-036','10006420','POUSSOIR 7003','POUSSOIR','C 30743','','GPFC/NS 60°','EB 430/111',13.1,28,0,0,NULL,NULL,0),(29,'PRJCBB2002027-036','10006418','POUSSOIR 7005','POUSSOIR','C 30744','','GPFC/NS 60°','EB 430/097',11.7,29,0,0,NULL,NULL,0),(30,'PRJ','10005121','1093','POUSSOIR','30609','','GPFC/NS 60°','',0,30,0,0,NULL,NULL,0),(31,'PRJDBD2001089-MGR2002005','10005121','1093','POUSSOIR','30609','','GPFC/NS 60°','',0,31,0,0,NULL,NULL,0),(32,'PRJDBD2001089-MGR2002005','10005122','1094','POUSSOIR','30610','','GPFC/NS 60°','',0,32,0,0,NULL,NULL,0),(33,'PRJMGR2002021','10006547','1106','POUSSOIR','30682','','','',0,33,0,0,NULL,NULL,0),(34,'PRJADL2001057','10004824','1101','POUSSOIR','30553','','GPFC/NS 60°','',14.6,34,0,0,NULL,NULL,0),(44,'PRJSJN2001073','','GALET + BUTEE','POMPE PERSONNALISEE','30594','','GPFC/NS 60°','',0,44,0,0,NULL,NULL,0),(37,'PRJMGR2002006-016-017','10006171','1109','POUSSOIR','30688','','GPFXL 30°','',24.3,37,0,0,NULL,NULL,0),(38,'PRJMGR2002006-016-017','10006172','1110','POUSSOIR','30692','','GPFXL 30°','',26.54,38,0,0,NULL,NULL,0),(39,'PRJMGR2002006-016-017','10006173','1111','POUSSOIR','30690','','GPFXL 30°','',27.3,39,0,0,NULL,NULL,0),(40,'PRJMGR2002031','10006170','1120','POUSSOIR','30712','','GPFXL 30°','',23.8,40,0,0,NULL,NULL,0),(41,'PRJMGR2002029','','1124','POUSSOIR','30738','','GPFC/NS 30°','',0,41,0,0,NULL,NULL,0),(42,'PRJDBD2001049','10005310','HABILLAGE 8003','HABILLAGE','ERD 30678','HAB-8003.BMP','','',0,42,0,0,NULL,NULL,0),(43,'PRJDHG2002012','10004920','HABILLAGE 8004','HABILLAGE','ERD 30694','','','',0,43,0,0,NULL,NULL,0),(45,'PRJMGA2002068','','7004','POUSSOIR','30745','','GPFC/NS 30°','EB 430/097',12.2,45,0,0,NULL,NULL,0),(46,'PRJGTY2002002','10006530','1123','POUSSOIR','30735','PR1123.BMP','GPFXL 30°','',9.4,46,0,0,NULL,NULL,0),(47,'PRJSJN2002017','10006531','1126','POUSSOIR','30739','PR1126_OR1.BMP','GPFXL 30°','',12.2,47,0,0,NULL,NULL,0),(48,'PRJDGN2002007','10006521','1118','POUSSOIR','30719','PR1118.BMP','GPFXL 60°','',11.8,48,0,0,NULL,NULL,0),(49,'PRJADL2002059-060-061','','108A/104 A PUCES','POUSSOIR','AP ADL02059','','GPFC/NS 60°','',0,49,0,0,NULL,NULL,0),(50,'PRJADL2002017-018','','1125','POUSSOIR','','TETE-1125.JPG','GPFC/NS 60°','',13.9,50,0,0,NULL,NULL,0),(51,'PRJSCH2001005-006','624621','1063','POUSSOIR','C30405C','IMAGE 1062 1063.BMP','GPFXL 30°','',16,51,0,0,NULL,NULL,0),(52,'PRJSCH2001005-006','10003895','1062','POUSSOIR','C30315C','','GPFXL 30°','',13.6,52,0,0,NULL,NULL,0),(53,'PRJDGN2002060-061-062','','DAGUE 30ML','TUBE PLONGEUR','','CARTIER_DAGUE_30ML.JPG','-','',0,53,0,0,NULL,NULL,0),(54,'PRJDGN2002060-061-062','','DAGUE 50ML','ENSEMBLE HAUT','','CARTIER_DAGUE_50ML.JPG','','',0,54,0,0,NULL,NULL,0),(55,'PRJDGN2002060-061-062','','DAGUE 100ML','DAGUE','','CARTIER_DAGUE_50ML.JPG','','',0,55,0,0,NULL,NULL,0);
UNLOCK TABLES;
/*!40000 ALTER TABLE produit_fini ENABLE KEYS */;

--
-- Dumping data for table `projet`
--


/*!40000 ALTER TABLE projet DISABLE KEYS */;
LOCK TABLES projet WRITE;
INSERT INTO projet (numero_pdp, numero_dossier, identifiant_acteurs, date_saisie, date_maj, date_ouverture_projet, domaine_application, nom_ligne, contenance, famille_pompe, brevet, info_brevet, statut) VALUES ('PRJDGN2001029-030',1,1,'2002-06-03','2002-09-02','2002-03-07','PARFUMERIE','PARFUMS D\'ETE','50&100ML','VP3','NON','','RETENU'),('PRJLKH2001037',2,2,'2002-06-03','2002-12-04','2001-10-22','PARFUMERIE','CINE','60ML','VP3','NON','','RETENU'),('PRJCPR2000005',3,3,'2002-06-03','2002-09-12','2000-11-27','PARFUMERIE','HB7  40','40 ML','VP4','OUI','PROCTER NE TIENT PAS COMPTE DU BREVET L\'ORÉAL','RETENU'),('PRJMGA2002052',4,4,'2002-06-03','2002-09-02','2002-04-04','PARFUMERIE','ARPHAN','100ML','VP3','NON','','RETENU'),('PRJCPR2001004',6,3,'2002-06-04','2002-09-12','2000-11-27','PARFUMERIE','HB7 90','90 ML','VP4','OUI','PROCTER NE TIENT PAS COMPTE DU BREVET L\'ORÉAL','RETENU'),('PRJCBB2001007',7,26,'2002-06-04','2002-11-20','2001-01-18','PARFUMERIE','ALLURE','60ML','VP4','','','RETENU'),('PRJMGA2002001',8,7,'2002-06-10','2002-09-23','2002-01-02','PARFUMERIE','PLAQUE','50 ML','VP3','NON','',''),('PRJYDN2002012',9,28,'2002-06-13','2002-09-02','2002-05-14','PARFUMERIE','URBAN','10ML','VP4','','','RETENU'),('PRJDBD2002023',10,9,'2002-06-13','2002-10-10','2002-04-02','COSMÉTIQUE','M5 AFTER SHAVE','100 ML','EVOLUTION','NON','','RETENU'),('PRJDBD2001089-MGR2002005',27,9,'2002-08-29','2002-11-21','2001-11-16','PARFUMERIE','M5','75-100ML','VP4','NON','BILAN PROJET TRÉS POSITIF.CF.DOCUMENT BILAN PROJET','RETENU'),('PRJMCB2002068',12,10,'2002-07-05','2002-09-02','2001-10-18','PARFUMERIE','COOL WATER','30ML','REPLICA','','','RETENU'),('PRJADL2001058-059',13,11,'2002-07-08','2002-09-02','2001-11-15','PARFUMERIE','ROBERTO CAVALLI','25 E 40ML','VP3','','','RETENU'),('PRJMGA2002093',14,12,'2002-07-16','2002-09-02','2002-06-28','PARFUMERIE','SACOCHE','50ML','VP3','','','RETENU'),('PRJMGA2002070',15,13,'2002-07-19','2002-09-02','2002-05-21','PARFUMERIE','CLIP','100ML','VP4','','','RETENU'),('PRJCBB2001048',16,27,'2002-07-29','2002-09-02','2001-11-09','COSMÉTIQUE','NEW RECTIFIANCE','50 ML','EVOLUTION','','','RETENU'),('PRJDBD2001075-079',17,25,'2002-08-28','2002-09-02','2001-09-06','PARFUMERIE','V6','50 - 75 ML','VP4','OUI','BREVET L\'OREAL','RETENU'),('PRJMGR2002031',31,9,'2002-08-30','2002-08-30','2002-06-27','PARFUMERIE','FAIRY TALE','25 ML','COMPACT','OUI','BREVET L\'OREAL','RETENU'),('PRJMGR2002029',32,9,'2002-08-30','2002-08-30','2002-06-27','PARFUMERIE','NU','100 ML','VP3','NON','','RETENU'),('PRJDBD2001049',33,22,'2002-08-30','2002-08-30','2001-05-04','PARFUMERIE','URBAN','100 ML','VP3','NON','','RETENU'),('PRJCBB2002026-028',24,19,'2002-08-29','2002-08-29','2002-06-10','PARFUMERIE','TL8','50 - 100 ML','COMPACT','NON','','RETENU'),('PRJADL2001057',29,20,'2002-08-30','2002-10-15','2001-10-29','PARFUMERIE','JEANS','75 ML','VP4','OUI','BREVET L\'OREAL','RETENU'),('PRJMGR2002006-016-017',30,9,'2002-08-30','2002-08-30','2002-06-11','PARFUMERIE','FAIRY TALE','30-50-100 ML','COMPACT','OUI','BREVET L\'OREAL','RETENU'),('PRJMGR2002021',28,9,'2002-08-30','2002-10-30','2002-04-09','COSMÉTIQUE','TONIQUE CONFORT','100 ML','VP8','NON','','RETENU'),('PRJCBB2002027-036',25,19,'2002-08-29','2002-08-29','2002-06-10','PARFUMERIE','TL7','50-100 ML','COMPACT','NON','','RETENU'),('PRJDHG2002012',34,24,'2002-08-30','2002-09-02','2002-03-26','PARFUMERIE','KHAMSEEN','50 ML','COMPACT','NON','','RETENU'),('PRJSJN2001073',35,29,'2002-09-02','2002-09-02','2001-11-29','PARFUMERIE','TEEN BIO SHAKER','100 ML','VP3','OUI','VOIR CONTRAT D\'EXCLUSIVITÉ N°6190','RETENU'),('PRJMGA2002068',36,30,'2002-09-02','2002-09-02','2002-05-17','PARFUMERIE','BASKET','100 ML','VP3','','','RETENU'),('PRJTSR2002002',37,10,'2002-09-03','2002-09-03','2002-04-23','PARFUMERIE','CITIZEN','50ML','COMPACT','','','RETENU'),('PRJGTY2002002-SJN2002016',38,31,'2002-09-06','2002-09-12','2002-03-07','PARFUMERIE','NEW BAGUE - B1 BIS','30-50 ML','COMPACT','NON','','RETENU'),('PRJSJN2002017',39,31,'2002-09-06','2002-09-12','2002-03-07','PARFUMERIE','NEW BAGUE - B1 BIS','100 ML','COMPACT','NON','','RETENU'),('PRJDGN2002007',40,32,'2002-09-06','2002-09-06','2002-01-23','PARFUMERIE','VAPO GRAINE','50ML','VP4','NON','','RETENU'),('PRJDBD2002056',41,9,'2002-09-11','2002-09-11','2002-07-29','PARFUMERIE','WITNESS','50ML','COMPACT','NON','',''),('PRJADL2002059-060-061',42,33,'2002-09-11','2002-09-11','2002-09-09','PARFUMERIE','HOMME','30-50-100ML','VP4','NON','',''),('PRJADL2002017-018',43,34,'2002-09-11','2002-10-30','2002-03-14','PARFUMERIE','AIR DE FIO','30-50ML','VP4','OUI','BREVET L\'OREAL','ABANDONNÉ'),('PRJSCH2001005-006',44,36,'2002-10-16','2002-10-16','2001-02-26','PARFUMERIE','X MEN','50 ET 100ML','VP3','NON','','RETENU'),('PRJDGN2002060-061-062',45,37,'2002-11-20','2002-12-05','2002-09-10','PARFUMERIE','GEORGE','30/50/100ML','REPLICA','','','ABANDONNÉ');
UNLOCK TABLES;
/*!40000 ALTER TABLE projet ENABLE KEYS */;

--
-- Dumping data for table `projet_fonctions`
--


/*!40000 ALTER TABLE projet_fonctions DISABLE KEYS */;
LOCK TABLES projet_fonctions WRITE;
UNLOCK TABLES;
/*!40000 ALTER TABLE projet_fonctions ENABLE KEYS */;

--
-- Dumping data for table `technicien`
--


/*!40000 ALTER TABLE technicien DISABLE KEYS */;
LOCK TABLES technicien WRITE;
INSERT INTO technicien (id_technicien, technicien) VALUES (0,'BOILEAU BÉATRICE'),(1,'POINTEL YANNICK'),(2,'STUART BRUNO'),(3,'MICHAUX SÉBASTIEN');
UNLOCK TABLES;
/*!40000 ALTER TABLE technicien ENABLE KEYS */;

--
-- Dumping data for table `type_de_fonction`
--


/*!40000 ALTER TABLE type_de_fonction DISABLE KEYS */;
LOCK TABLES type_de_fonction WRITE;
INSERT INTO type_de_fonction (id_type_de_fonction, type_de_fonction) VALUES (4,'SPRAY LATERAL'),(6,'SPRAY CAP'),(7,'SPRAY FIXE');
UNLOCK TABLES;
/*!40000 ALTER TABLE type_de_fonction ENABLE KEYS */;

--
-- Dumping data for table `type_embout`
--


/*!40000 ALTER TABLE type_embout DISABLE KEYS */;
LOCK TABLES type_embout WRITE;
INSERT INTO type_embout (id_type_embout, type_embout) VALUES (0,'EB 311'),(1,'EB 420'),(3,'EB 430/097'),(4,'EB 430/111'),(5,'EB 430/085');
UNLOCK TABLES;
/*!40000 ALTER TABLE type_embout ENABLE KEYS */;

--
-- Dumping data for table `type_gicleur`
--


/*!40000 ALTER TABLE type_gicleur DISABLE KEYS */;
LOCK TABLES type_gicleur WRITE;
INSERT INTO type_gicleur (id_type_gicleur, type_gicleur) VALUES (0,'GPC'),(10,'GPCS LG3'),(9,'GPFXL 30°'),(8,'GPFXL 60°'),(4,'INUIT'),(5,'OBTURATEUR'),(6,'GPFC/NS 60°'),(7,'GPFC/NS 30°'),(11,'GPCS LG4'),(12,'-');
UNLOCK TABLES;
/*!40000 ALTER TABLE type_gicleur ENABLE KEYS */;

--
-- Dumping data for table `type_machine`
--


/*!40000 ALTER TABLE type_machine DISABLE KEYS */;
LOCK TABLES type_machine WRITE;
INSERT INTO type_machine (id_type_machine, type_machine) VALUES (0,'MANUEL'),(1,'APA'),(2,'RB'),(3,'RZ'),(4,'LC'),(5,'AUTRES');
UNLOCK TABLES;
/*!40000 ALTER TABLE type_machine ENABLE KEYS */;

--
-- Dumping data for table `type_piece`
--


/*!40000 ALTER TABLE type_piece DISABLE KEYS */;
LOCK TABLES type_piece WRITE;
INSERT INTO type_piece (id_type_piece, type_piece) VALUES (0,'ADAPTATEUR'),(1,'BAGUE'),(2,'BOUCHON'),(3,'BUTEE'),(4,'CACHE GICLEUR'),(5,'CAPOT'),(6,'CAPSULE'),(7,'CLIP DE SECURITE'),(8,'EMBOUT'),(9,'ENSEMBLE HAUT'),(10,'FRETTE'),(11,'GICLEUR'),(12,'HABILLAGE'),(13,'INSERT'),(14,'INTERIEUR(GICLEUR)'),(15,'JOINT'),(16,'POUSSOIR'),(17,'PROLONGATEUR'),(18,'SURCAPSULE'),(19,'SURPOUSSOIR'),(20,'TETE'),(21,'TUBE'),(22,'GALET SUR TP'),(23,'DAGUE');
UNLOCK TABLES;
/*!40000 ALTER TABLE type_piece ENABLE KEYS */;

--
-- Dumping data for table `type_produit_fini`
--


/*!40000 ALTER TABLE type_produit_fini DISABLE KEYS */;
LOCK TABLES type_produit_fini WRITE;
INSERT INTO type_produit_fini (id_type_produit_fini, type_produit_fini) VALUES (0,'ENSEMBLE HAUT'),(1,'POUSSOIR'),(2,'POUSSOIR METALLISE'),(3,'HABILLAGE'),(4,'POMPE PERSONNALISEE'),(5,'DAGUE'),(6,'TUBE PLONGEUR');
UNLOCK TABLES;
/*!40000 ALTER TABLE type_produit_fini ENABLE KEYS */;

--
-- Dumping data for table `type_site`
--


/*!40000 ALTER TABLE type_site DISABLE KEYS */;
LOCK TABLES type_site WRITE;
INSERT INTO type_site (id_type_site, type_site) VALUES (0,'UPPS'),(1,'CP_LN'),(2,'CP_VR'),(3,'ESPAGNE'),(4,'CHINE'),(5,'BRÉSIL');
UNLOCK TABLES;
/*!40000 ALTER TABLE type_site ENABLE KEYS */;

--
-- Dumping data for table `v_menus`
--


/*!40000 ALTER TABLE v_menus DISABLE KEYS */;
LOCK TABLES v_menus WRITE;
UNLOCK TABLES;
/*!40000 ALTER TABLE v_menus ENABLE KEYS */;

/*!40101 SET SQL_MODE=@OLD_SQL_MODE */;
/*!40014 SET FOREIGN_KEY_CHECKS=@OLD_FOREIGN_KEY_CHECKS */;
/*!40014 SET UNIQUE_CHECKS=@OLD_UNIQUE_CHECKS */;

