-- MySQL dump 10.2
--
-- Host: localhost    Database: comptoirs
-- ------------------------------------------------------
-- Server version	4.1.0-alpha-Max

/*!40101 SET NAMES latin1*/;
/*!40014 SET @OLD_UNIQUE_CHECKS=@@UNIQUE_CHECKS, UNIQUE_CHECKS=0 */;
/*!40014 SET @OLD_FOREIGN_KEY_CHECKS=@@FOREIGN_KEY_CHECKS, FOREIGN_KEY_CHECKS=0 */;
/*!40101 SET @OLD_SQL_MODE=@@SQL_MODE, SQL_MODE=NO_AUTO_VALUE_ON_ZERO */;

--
-- Dumping data for table `blocks`
--


/*!40000 ALTER TABLE blocks DISABLE KEYS */;
LOCK TABLES blocks WRITE;
UNLOCK TABLES;
/*!40000 ALTER TABLE blocks ENABLE KEYS */;

--
-- Dumping data for table `dictionary`
--


/*!40000 ALTER TABLE dictionary DISABLE KEYS */;
LOCK TABLES dictionary WRITE;
INSERT INTO dictionary (di_index, di_fr_short, di_fr_long, di_en_short, di_en_long, di_ru_short, di_ru_long) VALUES ('exp_clie','Exp_clients','Liste des exp_clients','','','','');
UNLOCK TABLES;
/*!40000 ALTER TABLE dictionary ENABLE KEYS */;

--
-- Dumping data for table `exp_categories`
--


/*!40000 ALTER TABLE exp_categories DISABLE KEYS */;
LOCK TABLES exp_categories WRITE;
INSERT INTO exp_categories (code_categorie, nom_categorie, description, illustration) VALUES (1,'Boissons','Boissons, cafés, thés, bières','/\0\0\0\0\r\0\0\0!\0ÿÿÿÿBitmap Image\0Paint.Picture\0\0\0\0\0\0\0\0\0PBrush\0\0\0\0\0\0\0\0\0 )\0\0BM˜)\0\0\0\0\0\0V\0\0\0(\0\0\0¬\0\0\0x\0\0\0\0\0\0\0\0\0\0\0\0\0ˆ\0\0ˆ\0\0\0\0\0\0\0\0ÿÿÿ\0\0ÿÿ\0ÿ\0ÿ\0\0\0ÿ\0ÿÿ\0\0\0ÿ\0\0ÿ\0\0\0\0\0\0\0\0\0\0\0\0\0\0\0\0\0\0\0\0\0\0\0\0\0\0\0\0\0\0\0\0\0\0\0\0\0\0\0\0\0\0\0\0\0\0\0\0\0\0\0\0\0\0\0\0\0\0\0\0\0\0\0\0\0\0\0\0\0\0\0\0\0\0\0\0\0\0\0\0\0\0\0\0\0\0Ppp\0\0\0\0\0\0\0\0\0\0\0\0\0\0\0\0\0\0\0\0\0\0\0\0\0\0\0\0\0\0\0\0\0\0\0\0\0\0\0\0\0\0\0\0\0\0\0\0\0\0\0\0%67wwwwwwSS\0\0\0\0\0\0\0\0\0\0\0\0\0\0\0\0\0\0\0\0\0\0\0\0\0\0\0\0\0\0\0\0\0\0\0\0\0\0\0\0\0\0\0\0\0\0\0\0\0\0\045wwwwwwwwwwwwww\0\0\0 \0\0\0\0\0\0\0\0\0\0\0\0\0\0\0\0\0\0\0\0\0\0\0\0\0\0\0\0\0\0\0\0\0\0\0\0\0\0\0\0\0\0\0\0\0\0!awwwwuuu555%wwwwwwwP\0\0\0\0\0\0\0\0\0\0\0\0\0\0\0\0\0\0\0\0\0\0\0\0\0\0\0\0\0\0\0\0\0\0\0\0\0\0\0\0\0\0\0\0\0Awwsv7cwwWgwu\'wwwv4a!\0\0\0\0\0\0\0\0\0\0\0\0\0\0\0\0\0\0\0\0\0\0\0\0\0\0\0\0\0\0\0\0\0\0\0\0\0\0\0\0\0\0\0\0\0\0\0\0\0\0\0\0\0\0P6wWuqpP\0\0\0pqwuwwwwS4\0\0\0\0\0\0\0\0\0\0\0\0\0\0\0\0\0\0\0\0\0\0\0\0\0\0\0\0\0\0\0\0\0\0\0\0\0\0\0\0\0\0\0\0\0\0\0W50\0\0\0\0\0\0\0\0\0\0\0\0\0wwwwG\0\0\0\0\0\0\0\0\0\0\0\0\0\0\0\0\0\0\0\0\0\0\0\0!\0\0\0\0\0\0\0\0\0\0\0\0\0\0\0\0\0\0\0\0\0\0\045\0\0\0\0e45wupGttp\0\0wWwqq\0\0\0\0\0\0\0\0\0\0\0\0\0\0\0\0AGq5u\0 w0\0\0\0\0\0\0\0\0\0\0\0\0\0\0\0\0\0\0\0\0\0\0AvWw\0\0gwwwwe`@@746@\0$\0\0\0\0\0\0\0 @\0\0 \0\0Gvww\07wWwwwSr\0\0\0\0\0\0\0\0\0\0\0\0\0\0\0\0\0\0vvGg\0\0@\0WtpAgGt!@P\0CA@40\0VQ Q\00\0!pp7wwwwWwwq1wwwwwwuwq\0\0\0\0\0\0\0\0\0\0\0\0\0\0\0G@Dq\0twwgwwv\0t%$\0wwwGdgvu `%\0swwwwwwwttw\'WGw\0wwwwwg3p0\0\0\0\0\0\0\0\0\0\0\0\0\0\0B` \0wBtwvwwwwugwwtdtefvwwfWFwgWSPqfswws7FwuwwwwW\'vw\0Qwwwwgw`q1A\0 \0\0\0\0\0\0\0\0\0\0t@@GvwvwvpggwvtvVsGWPWg7VdtgWwrq%!gqw3w7wgwgugGewWq!7uwwwwgwS\0\0\0\0\0\0\0\0\0g\0wgGwgvwwVwgwwww$wg`gwtgGGGggwVRVSww7dwwuvuwwtwwwwvww@4\0\0\0\0\0\0\0\0\0\0\0\0\0\0we@f`PwvwewwgtpwGwwgGfFwsvttvwwwgw757wswGwwwwwtwGpqwwvwwv1qsR\0\0\0\0\0\0\0\0\0\0\0\0\00vwWggupvtwwGtwwttwpGgwegtgwewwwwwwwwww7fwwGetwGwwwwwvvwA7q\0\0\0\0\0\0\0\0\0\0\0\0\0\0\0\0WD%geav\0gg\0GpGgpgw\0\0GwGsFVDgEgvvwwwwwwwww7Vgwwwwwwwws\0wwwwwwwSR\0\0\0\0\0\0\0\0\0\0wwq!RP0g\0wwGgBpG$wvWudp\0vswGgt\'wwwwwwww6wwwwewwwwwwCGwuWwSwvvvwrw1\0\0\0\0\0\0\0\0\0\0\0\0\0qpp @F\0wFvtpwAgt6Vww@wvtFVwgwwwwwuwww7Gguqaa$400wwwwWwu!\0\0P\0\0\0\0\0\0\0\0\0!\0%gPpC@g\0\0@vpWWwwgw\0wtGFFegwvwwwwwwwwwswgwa\0\0\07wSP1www7wswPp\0!\0\0\0\0\0\0\0\0\00\0gwwaePG`G`tdwdpVVwgpwduttvwwwwwwwwwss7Gwws5wwwwwwwwWwwwwwgA A\0\0\0\0\0\0\0\0\0\0wtA@\0@gvvvwgwwdwuggwtGptfFvGwVwwwwwww7777vFwtwSRwwwgwwwwwcesSSQ00 0\0\0\0\0\0\0\0\0\0\0\0aGvvtd`@@@@fgvvwwTvwpFdFDDVwggwwwww3ssswgwwgt$Gw7wq\'wSWWu4$ @\0\0\0\0\0\0\0\0\0\00\0P\0Ff@\0\045!\0egwgwpvwCwggwvwwwww77737VGvWSwpwwwe%\'s\00\0\0\0\0\0\0\0\0\0P\0\0F\0\0%45\0\0\0\0\0t\0\0wDs777wWgwwwww7777w7egWwww71ggpwwwVqw0\0\0\0!\0\0\0\0\0\0\0\0\0\0t\0\0\0\0\0\0\0\0\0\0\0\0\0\0\0\0\0wwwssswgvwwwwwssss3sVwgww7wwwqwtpRqvs@0\0\0\0\0\0\0\0\0\0\0\0\0V`\0\0\0su``\0\0\0\0\0\0\0\0\0\0\0\0\0sww73777wwGgwwww73sSvfwwwsw7wqgpw57wWG51\0\0\0\0\0\0\0\0\0\0\00\0e@\0\0\0\0T\0\0\0\0\0\0\0\0\0w7wgswsss7wgwwwwwgvFteeugGwwsw0wvVT5\'5w\0\0\0\0\0\0\00p@\0f\0\0\0\0\0\0\0@\0\0\0\0\0\0\0\0\0\0\0\0\0wwQFs73sswwwtvwwwwttdGdfgvwwww\'vs7CWGssA\0C\0\0\0\0P\0\0p\0\0\0\0gB\0\0\0\0\0\0\0\0\0\0\0\0wvgww7sw773swgwwwwwgdVvPutwvWa\0WsWGwcw5RpR\0P!\0\0p!e\0\0\0@\0\0\0\0gv@gvF@\0ACAwwwgfvss73sswwwvvwwwvVGgGFdftwvu\'a\0#1!\'!a aAsVw\0\0W\0G@\0G@F\0\0\0FwpPGwvqsW7Vvwvvw7swssswwgwwwwwedtgeGuvwqvptedts\0\0PRqappwqswt\07p\0\0vg`\0\0\0@v\0wpgwwwgggggg3s37777wGgwwwwvvwGBFvtvwwgvwga1371%0swwww\0uwp\0\0\0`v\0\0d\0\0dtg@wwwwvvvvvsw7wsswwwvwwwwwgGFvtgGwwt6pS2SRRq53SSCACqaq0wqwwww\07w\0vvgpGDf@\0Gd\0wtwwwwggggg7s733ssswgFwwwvTggGtvtvSua1w5su%4stp5010\0Bwwww7w\0Gwwpt`pFDD\0\0F@pvpwwwwvvvvvs7sww77wwvwwwwwfVVeggvwupV1S4sps!6CCCCww7www@%w7p\0\'Dp\0@\0\0\0\0d\0d\0g`wwwwggvwgw3s33sswwGgwwwwtgegDdtwgv4wqru7WwuwW5qqqqqqt3aacwwwsW7@7w4\0F``\0\0\0\0\0@\0`vtwwwwvvgfvsw7ww777wwGgwwwgVVtgtgewq73Sw7wwwwwwwwwwww7uw7W7ww7sw GwsP\0tF\0D\0\0\0\0\0\0Gw@ww\0fvwgv3333377wwfvwwwwwftvVFWGg``\053u71wwwwwwwwwwwwwww7wsws7Sww@\0qww\0\0f@$d@\0\0\0\0\0dg\0Gww\0wgfvfwwwwwsswwwwwwwvwtFFueggwSSsRSqwwwwwwwwwwwwwwwwSww7Sw7p\0vssP\0\0\0GFdfVFdD\0@d\0\0wp\0ggvww33333777wfvwwwwwgwwfvwegwqq1u!p77wwwwwwwwwwwwu7Sw7Swsww7\0ww\0@GvgvGfvvgFv\0\0\0w\0\0vvgffwwwwws7wwugwwwww&\0wa557wwwwwwwwwswSwwwwwSw7sStp\0\0PpDfwwwvwwvwwvVf\0\0ggvww311\0wwwfegwugp@@PQ@wwScSqsSqwwwwwwwwwWuwwwwwwwwsSu7w7\0\0\0w`@@@@@Fggwap\0p\0\0q\0\0\0\0\0\0WwvwwvG$\0S\0wq0u57wwwwwqssww7w7wSw752RSvDd&W\0@\0\0\0\0\0\0@@\0vw@\0D\0\0wu\0u\0\0\0\0\0\0\0\0sGvgwted\0\0\0\00RQ50u37wwuwwwwwwswwwwswwSup55141q7153\0\0FD\0\0\0D\0\0\0\07p\0\0\0\0\0w41\0\0\0\0\0\0\0\0\0WwwVv`\0p\0\0\0@D!0R153q5ww7w7swuwwwW7Wwww52P1aaqcRW%p\0\0g\0\0B@\0\0\0Rsq\0\0\0\0\0\0uw\0\0\0\0\0\0\0\0\0SwveDt$@\0\0\0@100rSSw7wWwWwSswswwwwwwp543C1q1s7\0\0g\0\0\0\01u`\0\0\0\0\0\0\0wq!\03uFgGFWp\0S455u7sssSww7wwwww7SwP3S5a410p0RSppC7\0\0\0\0\0\0\0\0\0\0w\0\0\0dsssvtVFwwwwsWsQ74511psswswWww7wWsusW7Www43u7ssg0q1cRs17\0\0ssRq5t\0\0\0\0\0\0\0\0\0\0\0\0F@\0\0\0Fs7774Fdwwwwwt\0777457sVSsSuwsuswwwwww3SswSWrwSqqcssWw\0\057wp\0\0\0\0\0\0\0\0\0\0\0\0`\0@gasssttWwwwwwpc 1!111s7w7www7wwwwwwwwwwu7w7wsw757sWGsswawqgwsW\0\0\0\0\0\0\0\0\0\0\0\0\0@\0\0\03s3FFswwwwwt\0w373\0Sw7wSw7wwwwwwwwwwwswwW7w7wwsgqw7sqgSSC75%w7\0\0\0\0\0\0\0\0\0\0\0\0\0\0\0\0\0\0\0s77D377wwwwp\0t\0113173sWu7wwwwwwwwwwwwwww7swu7W7776qqe75rsg7GSsqt\0\0\0\0\0\0\0\0\0\0F\0\0\0\0\0\0\0\0ss6Cw3swwwwt0\0\0\0\0!7377wwwwwwwwwwwwwwwwwWwsswsuuusS\'3SSWSW77uv0\0\0\0\0\0\0\0\0\0$@\0\0\0@\0\073us3733wwwp\0\0\0\0\0\0\0\0\0\0pGwwwwwwwwwwwwwwwwwswsuwSussswwwSW\'6s77sSW75p\0\0\0\0\0\0\0\0\0@`\0\0\0\0@@s737ssw77wwp\0\0\0\0\0\0\0d7wwwsuwwwwwwwwwwwwwsw77w7www775qqu%sG7!ws@\0\0\0\0\0\0\0\0\0\0dF@\0\0\0\0\0C73s37373s7wq\0\0G4\0ewwGqwuwwwwwwwwwwwwwsuwWw5w5wwWwWsww7w77Wwqwp\0\0\0\0\0f\0\0d\0Gg@\0\0\0\0\0ss773w3ssswt\0wv\0\0\0\0@swwwwwwwwwwwwwwwwww7sw5w7ww7sw7swSqwSWW757q\0\0\0\0\0\0@@\0F@`F\0\0\0\0\0\073ss737777wp\0\0twB\0\0\0\0\0CWwwwwwwwwwwwwwwwwwwWwwwwwwwwwwwwwwwsw77uwwp\0\0\0\0\0F\0\0`F\0\0\0\0\0\0\0s7373ssssswv\0\0\0\0\0P6wwwwwwwwwwwwwwwwwwwwswwww7wwwwwwwwwwwwwww7sww\0\0\0\0\0\0\0\0\0\0@\0\0\0@@\0\073sss777777p\0\0\0\0wsWwwwwwwwwwwwwwwwwwwwWwwwww7wW7wWwwuw7wwwwwwwW4\0\0\0\0\0\0\0\0@\0\0\0\0\0\0\03s73733ssswu\0\0\0\0\0wwwwwwwwwwwwwwwqwwW7Ww7wwwsWww7ww7swSw7w5sW57W7sp\0\0\0\0\0\0\0F\0@``\0\0\0\0\0\0c73s777w773wpF\0\0\0wwwwwwwwwwwwwwwwsw7wswwswww77u57Su7wwwwwwwww7qwP\0\0\0\0\0\0\0\0\0\0D@D\0@\0\0\0\0cs773s33ss7wtt\0\0\0\0wwwwwwwwwwww7WswwWwqwswsWwwww7wwwwwwwwwwwwwwwwwp@\0\0\0\0\0\0\0\0\0\0f`\0\0\0C733s77s37wwpv\0@@wwwwwwwwwwwwwwusW7Swwwuww7wwwwwwwwwwwwwwwwwwwwww \0\0\0\0\0\0\0\0\0\0@D@\0\0\0\0sss73s77wwww`tf\0wwwwwwwwwwwwwswwwwww7sw7wwwwwww7swww7wwSwwwwwwwwP\0\0\0\0\0\0\0\0\0\0\0F`\0\0\0\0cs73s73swwwwptdp\0wwwwwwwwwwwwwwwwwwwwwwwwwwqsqwwwW7swu7wwwwswWw77\0\0\0\0\0\0\0\0\0\0Dd\0\0F\0\0\0\0\03ss73s7wwwsu`v\0wwwwwwwwwwwwwwwwwwwwwwwwwwwww77swsW7u7w5sww7wWwr@\0\0\0\0\0\0\0\0\0`d\0\0\0\0\0\0\0\0s77ss7wwwwsvtd\0@`WwwwwwwwwwwwwwwwwwwwwuwWqs757wWquswSsu7wwWwwwwwP\0\0\0\0\0\0\0\0e@\0\0\0\0\0\0\0\03s337wwwwwq`ggGggwwwwwwwwwwwwwwwswwww7w7wwusussw6777Wswsssswwsq \0\0\0\0\0\0\0\0\0F\0\0\0\0\0\0\0\0\07777wwwwww7pVGddawwwwwwwwwwwwwuuwwwuuuw5w75775w7WSWcW3WswWwww7wwP\0\0\0\0\0\0\0@d`\0\0\0\0\0\0\03s3wwwwwwwq`dv@\0wwwwwwwwWwusWwwwuuw7suwwuswwWw5ssw75w7W77Wwwsp\0\0\0\0\0\0\0\0FvFVTd\0\0\0\0\0\0s77wu7wwwwwtGDFpwwwwwwWwuswsW7qw77wwsww7ssssw5wSSsCpsswWWw757wp\0\0\0\0\0\0gdt&f@\0\0\0\0\0\0s3wpttwwwwwwegd\'fwwuu7wWw75wwwWwwwuwwwu7wwwuwWwwswwWw7uwW777wwuwp\0\0\0\0\0\0t`@@\0\0\0\0\0\0\0\0wwqqaswwwsvvfVFGwuswwWw7Wwwqw7wwwww5sWwwsswwwsqsW7w75u777www5w7sp\0@\0\0\0\0\0fBF\0\0\0\0\0\0\0\0www\0vwGwwwwggggG@Wwwwwswwwwwwwwsw5swsww7wwuww7wwwwwuw7wusSu5w5www\0\0\0\0\0\0@@d\0D\0\0\0\0\0\0\0w7AGugwwwv$vvv`wwwwswwwswswwSwwwwwwwwwwwww7wwww7Sg7su5sgvwgsvsGq@$\0\0\0\0\0\0F@\0f\0\0\0\0\0\0su wruwww\0@vgvqwwwWwwwwwwWw7wwWwwu7qwwwwWu555wwwWuwwwSWSsWWsW\0P\0\0\0\0\0\0\0\0@@vDd\0\0\0\0ws@WWwwpD\0vBVwsw7Wu7W5swwww7sw7w7wwwww7wwwwwwqwwwwwwwswWw7uww0\0\0\0@\0\0\0\0\0\0\0\0\0\0g@\0\0\0\0ww%wsgww\0@\0`\0ge7ww7ww7w7wwwsW5wwwwwwwwwwwWwwwwwwwwwwwwwwwwww7sw57p\0@\0\0\0\0\0\0@\0\0@@\0\0\0\0\0\0wpRWewww\0@@WswW7wwwswwwwwwwwwwwwwwwwwwwwwwwwww777u7wswVWRwwP\0\0\0\0\0\0\0\0\0\0D$$@\0d\0\0\0\0wr@wWgwp\0`\0\0susswWu7Suswwwwwwwwwwwwwwwwwww7wsw75wWWwwusWSss7qss\0p\0\0\0\0\0\0\0\0FFD\0\0g$@\0\0\0wuVvWwP\0D@@d@GwswwwswwwwwWwwwwwwwwwwwwwwwuswww7Wsssssssw3wu5u7uw@\0\0\0\0\0\0\0\0\0\0@\0\0@d\0\0\0Gw@wWww\0@BFF7Wwuw7wwwwwwwwww7wwwwwwwwwwwswwWsWW7WWWW%3rsCrw0\0\0@\0\0\0\0\0\0\0\0\0\0F\0F@\0\0\0w%%gww\0GB@CswswWwwwwwwwsw7wwusWwwwwwuswssswssww76scrsssSV7qu\0\0\0\0\0\0\0\0\0\0\0F\0\0\0\0\0\0wGwwpv\0eddwwwwwwwwwwswswwwWqwwwwwwwwswsWuwSwuqsqu55qt5%7sssqws\0p\0\0\0\0\0\0\0\0\0\0@`\0\0\0\0\0\0www5pG`FP\0rwwwww7www7wwwusW7wwwwwwwwwwsww7swswuwswswsww45t5gssw\0@@\0\0\0\0\0\0\0\0\0\0\0\0\0\0\0wqqSVwF\0$puwuw7wwswuw5sWswwwwwwwwwwwwsWw7wwwwwww7W5wu55wswsqtu\'q`\0\0\0\0\0\0\0\0\0\0\0\0\0\0\0\0\0wq57wvv\0d@\'577u7suw7wwwwwwwwwwwwwwwwwwwwwwwwwusww7w7w7ww5wu7Wssqw\0@\0\0\0\0\0\0\0\0\0D\0\0\0\0\0\0\0wWwvt\0`d!CWWwuswWwwwwwwwwwwwwwwwwwwwww7wwwwwwwwwwwwwwww7wssww7Www0$\0\0\0\0\0\0\0\0\0\0\0\0\0\0\0\0\0wqtwwVvT%775swwwwwwwwwwwwwwwwwwwwwwwwwwwwwwswwuwwwwwwwwsuww7wsSwq\0\0\0\0\0\0\0\0\0\0\0\0\0\0\0\0wuwvGg@@awwwwwwsw7wwwwwwwswwwwsu7wwwwwwwuwwwww7sww7wSwuwssSu77w7\0@\0\0\0\0\0\0\0\0\0\0\0\0\0\0\0\0wqqwwtgv\00SwWwwwwwwwwwww7wwwwwwwwwwwwwwwsssSqwwuwqwu7www7qwWwSuu5sSa\0\0@@@@\0\0\0\0\0\0\0\0\0\0\0\0ww vp\077sw7swWswsw7wwwwwwwwwwwwwwwwwuwwwwww7w7wwwwwwwwwsw77ssw5wS\0\0 \0\0\0@@\0\0\0\0\0\0\0\0\0wsSwwP@Cuwusuww7wwwww7wwwwwwwwwwwwwwsswwwwwwwwwwwwwwwwwwwwWwww7sswr\0P@@@@\0\0\0\0\0\0\0\0\0\0\0w5ww\0\0`u7Ssww7wwqwwwwwwwwwwwwwwwwwwwwwwwwwwwwwwwwwwwwwwww7SsWqwW550\0\0@\0\0\0@\0@\0sSWwp\0\'swwu7wwSuwwwwwwwwwwwwwwwwwwwwwwwwwwwwWwwww7wWwwwSwSw\'WcwqrRsA \0@@\0\0\0\0\0\0\0w557w\0PSSWww7wswswwwwwwwwwwwwwwwwwwwwwwwW7wswww7wwwwswwwwwSu75u\'qwQsP\0\0\0@\0\0\0@\0@\0\0wqqwwP57wssww7wwwwwwwwwwwwwwwwwwwwwwwwww77usw7wwsWw7wwswwsw7ww7qw1647\0\0a\0@\0@\0\0wSww\06wqsuwSwWwwwwwwwwwwww7wwwwwwwwwwwwWWqwwwwwsqwWswwwuwwswsSqwswvSSSq`\0p\0@@\0\0\0\05qwwvwuswwwwwwwwwwwwwwW7Wwwwwwwwwwww77swsu7wuwswwSu7swwuwwwwqusrSw7\'\0% \0@@`@\0wSwqwwwwwwwswwwwuwwwwwwwwwwwwwwwwwwwwWqwSuwu7w7swswwwwwwwwwqsww7u7pwScwC \0RA\0\0\0@\0w7wwwww7wwwwwwwsw7wwwwwwwwwwwwwwwwwwwwswswwswwwwuwusw7wwwsw7wwu77u7qwSuuswWv\0\04\0wWSwwwwwwswswww7wwwwwwwwwwwwwwwwwwwwwwwwSww7wwwwwwswwwwwwwwwww7wwW7wwsw77u77570\0\0\0\0@\0\0\0w7www7wwWuuqwwwwwwwwwwwwwwwwwwwwwwwwswswwwwwwwwwwwwwwwwwwwwwwwwwwwswuwww7wuwwwwqaa!acwwwqwwwwqw7wwwwwwwwwwwwwwwwwwwwqwWswWwWwwwwwwwwwwwwwwwww7wwwwwwsw7wWsswqwqsw7SwwwwwwwwwWwwwwwww7wswwwwwwwwwwwwwwwwwwwwwwwwwwwwwwwww7swwswwwwwswWqwSwwwssuw7sw57w5sw77w7wWswswqqwwwwswwwwwwwwwswwwwwwwwwwwwwwwwwwwwwwwsWSu7wuww7uu5sWuwSswswSusWusWWSwqqsW5wSWSw7WwwWwwwww7Ww7W57swwSwwwwwwwwwwwwwwwwwwwwwwswwwsu7W7swww7wwwwwswswsw7ssw7Swww7W57swSw7wwwwwwwwuwW7uw7wwwuswwwwwwwwwwwwwwwwwwwwsWwwwwwwwwwwwwwwww7wwwwwwwwwwwwwwwwSww7wwwwwuwwwq7wqssswwswwwwswwwwwwwwwwwwwwwwwwwwwwsswwwwwwwwwwwwswwwww7wWwwwwuwwwSsswww7w7swSw7wwwqAwwuwW7www57wwwwwwwwwwwwwwwwwwwwwwwwwwwswwww7swwwwwwuwWuwW7wwqsqsSwWW577WSeswww77wwww67sswW7w7wwwwwwwwwwwwwwwwwwwwwwwwwwswuqwW77wuww5u75ssw7wwsw77wwwwwwssswqu3v75sSwwWwwwSwWwwSwwwwwwwwwwwwwwwwwwwwwwwwwwwwwwww77w7wW5su7wswwwwww7swuwWw75755wRCwSWsw7wqsssw7w7Sw7SwwwwwwwwwwwwwwwwwwwwwwwwwwwwwwwuqSGssssw7qswqsswwwwwwsww7Wwwwww7w7s777w7wwwWww7Swwwwwwwwwwwwwwwwwwwwwwwwwwwwwwwwwww77w7quuwW5w7wwuuqswwwwwsww7575ququwqwSwquw7sSwwwwwwwwwwwwwwwwwwwwwwwwwwwwwwwwwwwwwwwwSG557ssqsSqqqsSsswwwwwwwwswwwwwww7sw757577sww7wwwwwwwwwwwwwwwwwwwwwwwwwwwwwwwwwwwwwwwwww7wwwwwwwwwwwwwwwwwwwwwwwwwwwwwwwwwwwwwwwwwwwwwwwwwwwwwwwwwwwwwwwwwwwwwwwwwwwwwwwwwwwwww55\0\0\0\0\0\0\0\0\0\0\0\0\0\0\0\0Ç­þ'),(2,'Condiments','Sauces, assaisonnements et épices','/\0\0\0\0\r\0\0\0!\0ÿÿÿÿBitmap Image\0Paint.Picture\0\0\0\0\0\0\0\0\0PBrush\0\0\0\0\0\0\0\0\0 )\0\0BM˜)\0\0\0\0\0\0V\0\0\0(\0\0\0¬\0\0\0x\0\0\0\0\0\0\0\0\0\0\0\0\0ˆ\0\0ˆ\0\0\0\0\0\0\0\0ÿÿÿ\0\0ÿÿ\0ÿ\0ÿ\0\0\0ÿ\0ÿÿ\0\0\0ÿ\0\0ÿ\0\0\0\0\0\0\0wwwww7SS171w5C0%S21sCqq57ss1qqqq!Sa1!wwwwpgeGGwegagtweew@@77sw\0\0wwwwwqt55sSS4000!apSS1sS47Sq7qw774P1RwwweDrGgwgttvWpwvGt45uq\07Swwwwwwww1ss571pC!C10S1AqsTsSSsq1p01qwwwpfEvegGdwaGggwgAtG@W3A6wwwwwwsSqqsS7511%50qs771ss571w7775R7wwu$PttttwwwvvWwWGGtV\0u\0SQ0wwwwwww7qC5qsSF11103C51q1ssqw1qswSSqspssP1sWww4G`Tpa`G`wwwwwwvFww`Gt0\05!!\0wwwwwwwqsV553SqsSQSCw45wq0qsqwAq3S7wtv@`GDp\0wwwwwwwwufupFw`w@@0Swwwwwwwsq%13S75011143A553a7PsS1sq7pq7571st3s7www`@\0dvwwwwwwwwwFGt5eGv\0wwwwwww55asu4qs7Rqqss5q7sW1qqsS75qsSswwt`FGFwwwwwwwwwwp@fwFw`u\0S0\0wwwwwwwssq7RA10q`QS5u53W7741sSsssSsw7wwwpFdtuwwwwwwwwwwdwtWwp\051\0ww7wwwu541a75q1c1q75171qssqq#SS555rSwwwwwwwwwsswwVtpd%gwwwwwwwuwwwRFWwwvw510wwsWwwwssPw17Q1Qa75SC0W75sw70wwwwwwwwwwwwwwe@dgwwwwwstwswwwtvwwtwq`5\075wwww550q1qssQ2C5s1q3Sq%qsPs3SW5wwwwwwwwwwwwww`d@wWwwwwwswwwwwBEwugqwAaq\0sWs5wwwssR%2Q5!3pq3Ss72ssW77wwwwwwww7swwwwvFd`@FG7wwwwwwwww7wugwfWvGB!\05wW77wwWa513sS75SQq11G15qaqw7Swwwww7wwww7wwwwwG@@VttwwwwwwwwwswsqvVwW7ppp!\0s51quwwsqsAsSSS51wc57qsqsSq7sswwwwwswsw7qq7wwwtD\0f@FFwwwwwwwwwwwwwugwwGGwAqa\00W7sww71151sSRGsSp7571cu5wwwwwwww7sw73qwwwpvP@`GwwwwwwwpwwssCwwwggGv!a1qq55wwq2SBSCRSS1qssSqqaqq7u7swwwwww77sw3q57wwwtDed@FwwwwwwwwwswwwwGdGtGq05%0wwwW51177u4r57773ssCSwwwwwwwwsw7u7swwwd`FFVWwwwwwww7w70wutwwdGv0!\0q57ws1sSS\053Sqqe1sqq5s7wwwwwwwsusS3s57wwwFT\0d\0vwwwwwwswsP\0wvvdpv@4\00\05%5!puwRqe51sqas7u3SsS7W1gswwwwwww7sssww7ww`\0@gWwwwwwww7\0wugdt1\0Rsww1Rw1q7qSwW7s53S3wwwwwwwwwsw7731153Swwvv@dV\0gwwwwssq\0\0WfDVeegA!10\05!p1p75701sq5\'57s577%5sSuqwwwwwwwwww777qs1qsw7w4Eddf@DDdwwu70\074`gFv@3R R1RqwsSPCsWp3RSs777wwwwwwwww3w7171q353Sww@\0@v\0@gtq\0\0dvtDV@10Rq\00p1!51q051a\'3sqqqw1s@qsqqww7wwwwwwwwwsswsS3S7wwtfTpFD\0Dpep\00\0VD@gfSq1\001R1@!qsa50CSQ51!16SSwwWwwwwwwww7753377wwsDf@@G@@\0\0p$F@\0VA00!CA0P0q5!w\051!SC@1RQp57S7w5swwwwwwssssqq3s1qqwwqE@D\0d`dGdTtdGdGFaq!0!1133Sq11p13S01sSwRwwwwwwwwsss7711711w7wvdf\0\0\0\0@d\0d`\0\0Gda!!!cCCA5SSsCS4R@sSSw7sswwwww757q1713Sq7w7wt\0\0\0\0D\0@\0\0FVF\001310415CR3@1%qq52qq101s77wuwwwwwwwsqsq777qq1wCSswwwfFDF\0\0`\0dBVFpQ40p\0!1RS\0C%155117\0qSQ05!qc5sw7wwwwww7773s51113q77W7swWGFdF@eFD$A!01!S101141Qq@q512S ss57wwwwwwww7sssqss153SwSsWwwswwWGFDVRA5Q\0!!1R1RS%\0SacC505!1CSQaA577wwqswwwwwws7ss15175775%sqw7577C!!\0!0111qA!q514S551a\0SSsSspwwwwwww7w7773175s@SqSqsRW77Qs@ps50! 11%1q%7$0Sqq5R\'qp10100p5577wuswwwwwwssW3qqq1q31s5757%pS\'RQ3!5qScS10S1s551\0\0sqw7swwwwwwsw73w31q13SSCAr1ps551pq52P00q 1C073557q11`1p10q7qw4wwwwwwwsw7s77153q$355\0qpSS\0qCQ1q0P0Scus1!\01q7777q7wwwwwwwwwwwsw731SqtpSS!pWrSSPs1!a!1!q\0%103%!qaa7C151sVSwwwwwwwwwwSA0pq3\0`10A00S101A!0uswsRQ5%0\051s7sW1wwwwwwwwwuqq17551q\0%52a1aQ1\0001Ps0qp1q!5S51q55q77swwwwwwwww71\0QS150\00\0q!$0\0\0Q1\0000\0wswqu1s1501S!053s7Sw1wwwwwwwwwwQ\0\0\03S1qCA01001\01!\0s7w71sS\01aSaP13Su3wt7wwwwwwwS!\0Vr\011! 1\00\0!0\01wqwwqGR70SRS1p7!W7u7w7wswwwww5SU71Q\0qw101\0!\0\0\007ww77s57S3151q1P05sSwsw7qwwwwwwsQ53Qq\0pSa0pP1\0\0wwwwwSq1spqc1SR5#!3Cw7w7SwWwwwwwq1q15771R\01a12!1\0\00w7wwsqq7113500%3SW5sqswssw7www1wSS53SW11 %!RqQA!cR!!\0\0wwswwV7qs1spqsR1sC41sswwwwwWwwwws11qswu1sqP010Cq3S1wswwss10!!\0wwww731551p11qs5%wwwe!\'ww7w1q5545575uq1\0Q52P1Q1swWu%5w001swwwwus5sS1sCSqsq7CSpP\0@@www7q715wwwS7P\0\07Q1Gq7wuq4\0\0\0\0\0\0Au11010Q\0\0wwwwwsE3551%537SC!5517wp\0\0\0wwwsQqsQSwu5s1\0S527wwC@\0\0\0\0\0\0\0\0SQA\0wwwsw53W1sR3Asq754SSwG\0gV wGw5772Qu7Ww1w5\01sQgwqa@\0\0\0\0\0\0\0\0\00\0wwwwww4311q531q04177ww@dVUpGwu1SQwsqq\0qsww\0\0\0\0\0\0\0\0\0\00wswww7qsSs0Su77S1qwuudgGgefugw7Wuwww7s\0\0q7wwQaP\0\0\0\0\0\0\0\0\0\02r\0 \0wwww7wqs5414131qqqp50qsw7wwWG@VUgVpsswCWW\0\0wwwwsW4044\0\0P\0\0\0\0\0\0!\0!\0wwwwww57SsSCSSS75CSSwwwp\0`G`fwg@swwww1su0\0\0\0\0wwwu50QA\0\0\0@p\0\0\0\0\0\0\0P\0\0wwwwwssSp730571q7R1sw77wwwtvPFGFVwwwwwwwwwwws\0\0\0\0\0wwusS07Au51s\0\0\0\0\0q\0q\0wwwwswu7q5sqa73S5Swwwwwtd@veGwwwwwwwwwuu\0\0\0\0\0\0\0\0wwwu5wWP1RW0p\0\0\0\0\0\01\0!\0\0\0ww7WwssCqqqu53Cqsw7wwuvpfpDebWwwwwwwwwwwsp\0\0\0\0\0\0\0wwwwsSpwWuav5q\0\0\0\0\0\0\0S!\0\0\0www7wwsS3Sas%773sq57wwwwuPFVDvvtwwwwwwwwwwwq0\0\0\0wwwSWwSq\'B\0p\0\0\0\00\0\0\07WqwssSCq531Qqs57w7wwwGfGFwdGGwwWwwwwwwww7\00\0\0\0wwwwww5t\0%\0\0\0\0\0\0!\00\0\0w77ww7Rqq2S577770swwwwwwu$$FGegwwwwwwwwwwwwqA\0\0\0wwwwww0ap\0\0\0\0\0S1\0qw5qwwa171qasSSSsswwwwtvTGgDdGwwwwwwwwwwww\0\0wwwwwupWAAa`\0q\0\0\0\0Ap\00q\0\0\077wss471q7sssw7wwwwwwwwFtD`Fwwwwwwwwwwwwqp\0\0\0\0wwwWwW50RC\04\0\0\0\0q\05qws7SSsSq1a71qsw7wwwww`Beegwwwwwwwwwwwsq\0\0\0wwwww0W%%@\0p!\0\0\0\0\0P71\0\0\077wW75!5#s5ssqw7w7wwwwwvPFT`FFwwwvuwwwwwww71\0wwwwwW0pP\0P\0\0\0\001\0\0\0qw777sSWQqs455777sWswwwwwugtfDewWwuwwwwwwwwP\0\0\0\0wwwwwuqS0@\0\0\0\0\01\0\0\0\07sSW577s3q3ssusw777www7vVGE FFuwtwwwwwwwws10\0wwwwuwwP4RB\0\0\0\0\0p5!\0\071qsssSqq451s7SsWwww7swudpDewwwwvVwwwwwu\0\07wwwwwWqaRR\0\0\0\0\0\0\0\0sSw3Wsw5571s3Ssw7sw77777su7wwDtvpFwwwuwwwwwwwq0\0wwwwwSuwA@\0\0\0\0\0\0\0\0p\03\0\0\01q5s1w7R1q53qssqqwwSqswvvt`D`DwwwFwtwwwwwq1\0wwwwwwuwua41\0\0\0\0\0!!\0\0\0\0w3s5ssw7173SSsscW75777sS71wuap\0FVwwwwWGwwwwwq1\0\07wwwwwwvqsQAE\0\0\0\0\0\0\0\0q\0\0\05sqw1wsSqa537SSsssw51sq7wVTT\0\0FwwwtpwWwwwsS7wwwwwwwSWWR\0\0\0\0\0\0!\0\0\0s57sw57sSSS73qsSsssSw1sweg\0\0\0@wweeewwwwwu11wwwwwwwwu65!A\04\0\0\0\0\0\0\0\0\01\0\0\0qwS57sssqps75qu7777751ssqwurVP\0tgwWwwgwwwwsq17wwwwwwwwwwWWWP\0\0\0\0\0\0\0\0\0\0\0\0\0\0\0\07s5sw7ww715qs73qsssSSsw1573wg\0\0@\0wwvwwuwwwwsSwwwwwwwwwwwW571\0\0\0\0\0\0\0\0\0\0\01\0\0\0S53Swsq50S3S577777w7wwpa@t\0wwWwwGwwwwu17wwwwwwwwwwwusGu7wqt\0\0\0\0\0\0\0\0\0\0\0\00\0\0\0\05sc5sW7s\'77753qqssSws3sswqa@G7wwgWFWwwwsSwwwwwwwwwwwwwuwWv\0\0\0\0\0\0\0\0\0\0\0\0\01\0\0\0\03qsw7ssqsSSSsG777wwwwwu swwwVwwwwwwwwwwwwwwwwwwwwwwww\0\0\0\0\0\0\0\0\0\0\0\0\00\0!cC57sw7\'3s7Sssswsw7ww3q@\077wwwwwwwwwwwwwwwwwwwwwwwwWwwaB\0\0\0\0\0\0\0\0\0\0\0\0\0\0\0 q1sSswssSsq747w777sssw77777wswwwwwwwwwwwwwwwwwwwwwwwwwwwwP!\0\0\0\0\0\0\0\0\0\0\0\0\0\0\0\00C57ssS56s573Ss3wws7773sssssw777wwtt$gwwwwwwsqs0!7wwwwwwu454\0\0\0\0\0\0\0\0\0\0\0\0\0\01sassusu3SCSsS7w33ww3sss73s773swswwV\0Pwwwwwwwv\0\0wwwwwwSRR%\0\0\0\0\0\0\0\0\0\0\0\0\0\0!\0015w773q2377s377s373373s773w7sww\0Gwwwwt\0\0\0\0\0\0%wwwwW\0\0\0\0\0\0\0\0\0\0\0\0\0\0\0as5s157wqR5s3w373337377777sswsw7wwCWwptwWwww\0\0\0\0\0\0\0\0SwWwwqaqC\0\0\0\0\0\0\0\0\0\0\0\0\0\0\0! 1Ssqsss%33s3733s73733s7s7737swwqwwPwWGww\0\0\0\0\0\0\07wWu7P\0\0\0\0\0\0\0\0\0\0\0\0\0\0\0\01\05sqq%57s50Ws773333333ss73777wswwwwuGW%wwpGwp\0\0\0\0\0\0\0\0\0WwgwWqpp!\0\0\0\0\0\0\0\0\0\0\0\0\0!\01SS477s3773s33s333ss33sssss77wwwww4p%twwp\0\0\0\0\0\0\0\0\0wWWwwQ`\0\0\0\0\0\0\0\0\0\0\0\0\0\0\00100qq543SSw71qss3333s73337737777wwwwwwwGSRuvWw\0\0\0\0\0\0\0\0\0PWwwu5q%%A\0\0\0\0\0\0\0\0\0\0\0\0\0\0sww323#3#7333377733ssssw7wwwwww\0W@w\0\0\0\0\0\0\0\0A\07wwww5q\0\0\0\0\0\0\0\0\0\0\0\0\0\0\0\0 0\00q054Cpqw773333333333333ss77777swwwwwwsurW@G\0\0\0\0\0\0\0\0\0uwuwWSPQ\0\0\0\0\0\0\0\0\0\0\0\0\0SQp1s373s333#333s73s3s33ssssswwwwwwwwGtg\0gwp\0\0\0\0\0\0\0\0\0t4www7SP\0\0\0\0\0\0\0\0\0\0\0\0\0\011!!0CSg3w73#33333#33333s3777777wwwwwwwvtv@B@\0GGu \0\0\0\0\0\0\0WWpWSU1AA\0\0\0\0\0\0\0\0\0\0\00Rp173s32333#33333333s773ssssw7wwwwwwugw\0GtwvpW\0\0\0\0\0\0vwwwwsG\0\0\0\0\0\0\0\05\0\0\0\0\0\0P5!pPSs73333#3233323s3333s77777swwwwwFFDd\0tpwPP\0qauewp\0WSW1aS\0\0\0\0\0\0\0\0\0\0pq%732s1323233333#3s33777773s77swwwwweg@\0\0tv@\0uvw\0Ae\0Agwwwuwwwqu5!@\0\0\0\07\0\0\0\0\0BA3SQ0!0s3223333333333#33333333w3w777wwwutt\0\0eepGVR@WGpWwwwwwwWq41\0\0\0t0\0\0\0\0tu0qA2s33232333#23333s73s7773w3swwwwwBFt\0G\0\0dpGv\0wutwGtWwwwwwwwu4q1\0\0\0R\0\0\0utC1000322333333#333333333733ss3sssswwed@@@\0GD\0Atw$tvwgwwwwwwtsSCQ\0P5p\0\0\0\0d$@133233233#333233#337377377777www@\0\0g\0\0\0\0pGwwWptuwWwwwwwugWup Q!\01P\0\0\0\0p\0@a23332333!332332333733s3sssssswwDG\0\0\0@Ad`gGGwWUgwAvwpwwwwvVtgSA0\0aC4\0\0\0@\0\0F@!\03203321333#333333737777773ssw7tgg@F\0\0dF@gVwtwwguwFuDtwgt$gtrW%1CRPq\0\0\0\0\0d\'\0G!01!3332332333333#33337333333s773wdD\0@\0\0@\0\0FwwppwVvwugwweut%dwVpW5pWqqA\0\0\0\0F@gg@\0033123323#33323733777777777ww@@\0\0\0F@\0pvwCDuGtCGtuvpVWt\0dW7wSC\0!G0\0\0\0\0\0\0D!0322333333333333373s33s3s7777d \0\0\0`@B\0@ggvtw$Wptwew@gvG@Acquu%\0sP\0BVE\0\0e\0!031123#33333333733s3ss773sswwE@\0D\0@@\0DwGtuww@P`@wDwGFWeGG`GvDWwwR\05FtG@\0\0F023s333#23#233#3733s373sss77tfD\0\0\0\0\0\0FgvvvwgpgT$wGrPFVVwe@G`dSQwwwwwp\0TpG@\0\0G\0 12333333333333333773ss7377ww\0\0\0\0\0\0\0@\0\0vtwggwvWW`vTwd\0Fp@\0wwwwwwwu\0v\0\0\0\0\0@vF\0s303#21333332333733737ssssst@@\0\0\0\0\0@dt\0GvvvVWeedvEeged@ud%g@p@Gwwwwwwww@\0dv\0T\0De\0033331323#21#333s3773ss3777wp\0\0\0\0\0\0\0\0Et\0gdrG\0Ag@t\0$GVpBGGgwwwwwwwwv\0pDF\0\0@03s#33333333333s33s77777swe@\0\0\0\0@\0F\0F\0@\0@\0Tpp@`\0G\0Gdd\0G@\0Cwwwwwwwwp@pGpt\0t\0\0t!33173#333333#3333ss3s3sss7wd\0\0\0\0@\0t\0`6t\0@vdt\0v@E`tepWdtTwwwwwwwwp@D\0td@Ft`sq323#3#377373373w777wpF@\0\0@\0@@\0\0@@gD\0gdG@RG\0\0tfEdwBwwwwwwwwp\0ppFp@t017p2233333333#3733ss7377sst\0\0\0\0\0\0\0tVr@`\0\0@dpgve`edd\0@$pDewwwwwwwwp@F\0Wp`\0@\0g@q13033333333333s373sss7w@@\0@\0\0\0F@Dptt@ed\0`E@Edte@t@dv\0wwwwwwwww@\0gAGp`@`0p2173323#2#3373s3ss7777w7t\0\0\0@\0\0@@\0p\0Dd`pvVGP\0` @GD\0G@Ge\0wwwwwwwwt\0\0\0\0GF@d@@10s3333333337333s33s3sssw\0F\0`@\0\0pFF@Pade@V\0VD@Ftedt\0@dwwwwwwww@\0B\0\0v\0\0C@\017SS7#333332333s7777777wwp\0@d\0\0\0D\0e\0`F\0t\0F\0eDd\0Fppdpt@dp@wwwwwwp\0@\0w\0gD@D0s1\'3#23#2337333333sssswFd\0@D\0e@`\0d`FGG@P\0\0F\0FG@\0Dt@dF@$R@d\0wwwegD\0@@GwpGD`Vp\0SSs33333333337777773sswwD\0\0\0\0vv@GFT\0\0tdGFT@tpE\0Dg@@Fte@Gd\0G@egvVVB@d\0`wwDg@1\'1533333333333333333sswwt\0\0D@\0dd\0FFFGggfte`@@F\0vwgggwv\0FF@efvddddD\0@@@Gw`\0@`\0\0\0\0\0\0\0\0\0\0\0\0\0\0\0\0à­þ'),(3,'Desserts','Desserts et friandises','/\0\0\0\0\r\0\0\0!\0ÿÿÿÿBitmap Image\0Paint.Picture\0\0\0\0\0\0\0\0\0PBrush\0\0\0\0\0\0\0\0\0 )\0\0BM˜)\0\0\0\0\0\0V\0\0\0(\0\0\0¬\0\0\0x\0\0\0\0\0\0\0\0\0\0\0\0\0ˆ\0\0ˆ\0\0\0\0\0\0\0\0ÿÿÿ\0\0ÿÿ\0ÿ\0ÿ\0\0\0ÿ\0ÿÿ\0\0\0ÿ\0\0ÿ\0\0\0\0\0\0\030sW7ww\0\0\0\0\0\0\0``\0R\0\01pp@u7cu5qrQ!q5qp57\0\0R\0 p\0\0Cagwww33sqqw777w\0\00Wsw\0\0\0\0\0\0\0\0P\03113pPsC\0@\0\0aat3QCVSuqw1qwqp`@vwgugpd%47wwssWS777SSs7311#Ww\0\0Cq vwsgwwq1SwswpCSapqqwsV7775cwqw7tsWwqw5cw\0gwGgwsu1373Ssq77S110057P\0wSGqw171q3wwwpsGrQawwwwsRWWw5swqu7S1swq`\'wgwww65g7su33qq575ssSw7q01p1g\0sgwvw31Q7wwwwpwvwwwwqu7su7sWwsW7W5wwVwwvwwecWwgu3u573sqssS7sw111011111qpGvpwsSS13S1wwwwcwqwqwwwwwsSW7wWww7wsS55Ssw7wwwwwaw7SW3S33S77S77q15!13!17\077wq111qwwwwwwwwwwwwwwsSSw7wwwwwWs6Wwwwwwwgwtvs7s73SswqwwS1q30GvWg317wwwwvwww47wwwwwCuwwsWwwwww75u0sWwwwww`qww71sqs73S7ss771105S11sCwww113q51Swwww57wwwwwwwwwu7sqwwwwwwwww7wwgwwwwwqs13s3qsw775sw11231\0\'qs137wwwwwWSwwwwww6Ruw7WwWwwRWSqqww56w%5%ag75531q77qqsu711!111q1\0\0`Ag111q11wwwSSsw6SWw7su7RvwW7w7swwsgWwqwwwvR57533q33Ssu7777s0101\'3S11q11qw77w5qu7sRvWvRt7sw7wwsw7ScqwwwwSRsS1ssqq3qsw1qw71!0111151`\0vPw1qS1wwwqqcv7wvwSqssaacGwWqwuwWwugWwcSa47G3S71353ssssS1s13 %1q31q1q1wsWw7u7SCSswvuue7SW67wswsw5w7w6wwwgvCqs3s1ss53Su7q3S7101!ssq114vwSSS15sussSSu7wwVwCRrSG445vwSuw7WwsWwqpqg1q1s571s3s3q73111!3P0qe1111S11suswuwwst7w77wu6sCqwsSww7Wsswwwwwwwww6SS371ss57113!50033S11!agssSs11Swswwssqu7qwwwwwrSW464wwwwwsuwWwwwwwwwwW733171s13311133Squ7wqq1111wwwwuw7qwwwwwwwv4wWswwwwwwsw7swwwwwwww7w1333sS13311!w3114s111qw7wwSq3q1117wwwwswwwwwwwwwu5wwwWwwwwwwwwwwwwwwwwwwww3q5573111311wq111s13113www1s11wwwwwwwsqwwwww7w7777ww7wwuwwwwwwwwwwsWwq133s1w3q`q!00SC7www111qwwwwwwwwwwwwsWw7wwtw7wqsssuwwwwwwwwwwW731175113wgp\015131w7u111517wwww7wwww555wswwsw7usqwwwu7wwwwwwwwwswsS11113s111q`ww\0\0rC7117qww51q7qwwwwwwwu7www7wSSw5qw7wwwu7ww5wswwwwwwwwq313311gpwp\0\0\0\07113SS7wssQ51611wwwwwwsqsusw7w777qs71w7Sssw7ww7wu7wwwwww73133153Sww44\0\0\0\0\011!qsWq1q113Swwwwwsu7wswqqqqq7SSW757w77w7ww7wwwwq1s301113w7qwpSp\0\0\0\077q11q1q17wwssW7w57q7777q353r1qsSswuwwwww7wwwwww31W1s44A\0\0q5151577S51q1Swww7wW7uw7swwsSS3S7575777wsqqswwwww13111s3sWSCSc11q733151cw7wSwws1751!11qqq1!31!wwSswwwuswwww131\001qs11u%u1s1SS7q551s1S3wsw757SSqsS31111w5sswswswwq1111q7711ssq7w1sSsQ3SWwWw71s31111su7swwsWsws133131311557sq1!q17q1537q1q71773qs11!\013q577u0wws11313113swS10ww711Ss1q7qq1Wwq1\0\0\0!wwsw0sw313q11q1P11p501w511q1q11qq1511!1q11s10\01sw5wWq3q3111RRS53s7711111!11!\07w7sqs753533P1551sS531151151q713!!qssw7we1qs535130s1!3SSSS3q5511111557Swww013S3Ss11!7113Q15!3S1qq313!1\0\01Ss7SpRq133S3S3s3Q1qrSSq1q3Q503s1qs1111R\0\0!p01!53swsqG1131s57711q33311q37qq1111111\01031ww21113113s01!53111q%135171551\0111151wu113171q57A1!1111SWsSq11S1!\01011s57ps1111qs31s7SS1q53S!1137swq13011111151q51q5115s1sw31!1!sw103!11sa`3s53113S751s3qs11\011\0\031qswpwwWu11pp`pp\0 s1SSQsq51sWs7110\0\0\051wWw7sw7wwwwwpSG%51s171SSs1wS1Q\01\0\0#\01wp7wwwwww7wppw%wwwa40Rw555571sq7q7w111311\0\0\0\0qswpwsuuwWwwwww6wvqwu sSsq1qw5557171s1\003017swwtwsw47Ww%wwwwwvp6W7u757SsSss17u1q\0\01\03qwsuwwwSwwwgvwgwpwSsqq7Sw7qqq53107wQ\0\03\0\0757wwwwwWwwwwwwwwwppw5577ssw51qw773110s1\0\0\01!17u\'wswwsWwgvwwwwwpRS75773Sqq31311Wq\0\0p\0\0\0\03SwutwwwwSww%pwww%1qSssssqswSWqssQ113q\0\01\01!1#ww7WwuwwwwrWCe1q77qsu557v77300\00Sww7wwww%5 qwSCSSs5swpquss11\0\000q7wwwwwrBWv46q%151qswWWssu111111qwquwu5w5u4qwwSSw7sw7sSWww111\001wwsCwwwBacCpvrqqwwwwwwg7sqq111wwwuwwwuRWwwww55vwwwwwwqsW5ss\0\0\0\0\0!swwwwwwWac\'wwwwwwVwsWwwwwwwu7w5511\0\0\0\0\0\017sSwqquwwRWPwwwwwsswwswwwwwwswsw31!\0\0\0\00a!q011qwqwww\'ww\'wwwwtwwwwwwwwwww57S1\0\01q1%1wRW7wwPwvWwwwwwwwwwwwwwwww7sq7\0\001u7wwWwww\'57wwwww7wwwwwwwwww57Sq5q1!\0\0\0\010!!54!7u7SwSWvWCGwwwwwWwwwwwwwwww73555\011\05!Sp03wWwwww57t7wwwwwsw77wwwwwwwWqq1ws311Www711a560w7wwwwCGAg6Ww\'Wwwwwwwwwwss17111sw7w1SS65qs1q7wWwwwwt746uerw7Wswwwwwwwww77151\0w7wWs\01!3C7!pswwwwwAAasswvwswwwwwwwwwwwwq1111ss117sw\'1\01q51S!1uwwwWww46!agVu5wwwwwwwwwwwwqssS17wu711wq1su!qsq1q11Sq377wwwwwAaRPqcRw7wwwwwwwwwwwww110sQ3S553pSsq57uS0WwWwwww!aRwwwwwwwwwwwwwwwwssWsQ13S051w\'w7wq%77051!17wWwwwwwRPu4wwwwwwwwwwwwwwwwwW37s51A0!%Q7sS10Sww5!1p!7wsWwwwRvsGwwwwwwww7wwwwwww7qq1u111R1!Q1%Q4ww1Sq1qR1q3WsWwwwwu4st7ww7wswwwwwwwwwww77553q3111S51S7www55wvsuwwwwwwwwwwwwwwwwwwws0S1!1!1%15\01Q1q0101%wwwWww7stwcGwwwwwwswwwwwwwww7wq11S11!11170501wwwwWwwuw7W7wswwwswwwwwwwwwwsS10!!!0wqss1011!qwwwwwWwcW\'Wwwwswwww7wwwwwwwwwwq11q117sSq!q0!0u!1wwwwwww7WrW\'wwwwwwwwwwwwwwwwsw7151001!wwq000s!sWwwwwwwwW\'u5ww7swww77swwwwwwwswSSqqp1wwqWq01sqq7wwwwwwwrW\'cSwwwsw7wwwwwwwsw7qw77SsQ\011w7170SQ17101wwwwwwuwu5Wwww7wwww7wwwwwwwwswww\01wsS1Rwq121CqqsSwwwwwwww\'cswsw7w77w7wswwswwwwsWw11q1%5007w11!!515!0!130q1wwwwwwwwWwwwww7wswwwwwwwssssw7wq01qw1Rs!0P1S7q7wwwwwwwwswwwww7ssw7wswwwwwwwww3wwS11!wqs1011q011!wwwwwwwwwwwwww7w7w7wswsw77w7777ww115SQs!r%0!7wwwwwwwwwwwwwwwwsssW7wswwww7wwww7www!110q7!7q5%5!0q1q0175wwwwwswwwwwwwww77w7swwqssww777qwww1W7sS5q1sW1111RQW7wwwwwwwswwwwwwwwsssCw7swwwswcwssswwww11sW551!0w1qRS1QpsR1sW773wwwww7wwwwwwwwwwsw55wwwwsW7sw77w7ww1wws5551!\0\01w50500153usWwwwwwwswwwwwwwww5ssswwwwwwwwwqsssw1wwqss51sSq0p01\0P1qR!51p7S511aqS1swwww7wwwwwwwwwwwsw\'77wwwwqwws77wwww1sw1sS1w1!!SS131swwsw7wswwsw7wwwwwwSW545ww7wqqwRsswwwwww1S1sW51s1Aq011!Sqw557wwwwwwsSww7wwwwwwwwsw77\'7747uwwwqsswwwwwwww1sS755500!57qw7qq7www7w7wwwwwwwwwwwwwwpwsSCesw7SW77wwwwwwww17qswSSSsQ1q100qqwSqw3Swwwwww777wwwswwwwwww7s52wwqAw7\'7wwwwwwwwww3SSsq77w0001sq157sw7wswwswwwsww7wwwwwswwsssv3SSQw0PsSswwwwwwwwwws7557Ssqsq7703qw51qwW53SW7w7wsswsswwswww7wwwww7w451r7\'w541swwwwwwwwwwwwsSSsSqwSw1105WWsSSSq713W73q1wwwwwwwwswwww7wwswwwwws67557swu577wwwwwwwwwwwwq17qqwq7575sSCSq7w777577wq3Rwww7ww77swwwswwwwwww7wwwqpscW502RV77wwwwwwwwwwwwwwQ77swqw53W51qqqu5757SqsSwSWwqsqcqwsww77wwwww7wwwwwww7ww7ww7%7#cSS517wwwwwwwwwwwwwwssSSu1w7SwsWwssSqsSu777357qsSqpgRBGwswww7sw7wwwsw7wwwww7www7qw7%!cwwwwwwwwwwwwwwwwuwsw7w1sQ757w75u77757SWS131ss\0$sCwsswwwww7w7wwww7ww7wwwww77wwwwwwwwwwwwwwwwsgwSSsqsSqwww3575qqw7s17\0\0\0t4w5wsw7sww7wwswwwwwwww7wwwssswwwwwwwwwwwwwwwwwwsGW77pqu7577usWSqsswss5551!at!0\0\0\0\07sqw7ww7wwwswwww7wwwwwwwwwwwswwwwwwwwwwwwwwwwuw4rwusqwSqsSSs73qsSu1qqusss54q\0\0BqbG677cswssssww7www7wswww7w7wwpwwwwwwwwwwwwwwwwswSWwwwwpsS77SsW57w773517\0pqBS`\0\0wqw7swwwwssw7www7wsw7wwwwswwwwwwwwwwwwwwwwwwvqwwwwwP@`1!1qw7qs1wq11414t54AawrvSccqw7777w7w7wwwwwwww7w7wswwwwwww7wwwwwwwwwqgwwwww\'7Wgsw1`7cCC@4w7vwa qa\0pwW77qwcugRqsSwwswwsw7w7w7wpvwswwwwwwwwwwwwwwwwwwwwwwRVwSg151w`rwwt4wgwwtvpww7gwarr3w7777swwwwswwww7W7w7aswwwwwwwwwwwwwwwwwwwwwwwwwsWu\'wqrSpqusugcrSw4wwwwru4wwvwwp7wWsssR5#swSwswsrwsSSww5wswsww7wwwwwwwsw7wwwwwwwqwarWwwwvppwvwwswVGwwww SgewwwwpP327Cppsw5ws67wsww46wvp\0vw7wwwwwwwwwwwwwwwwww7wwwwAv\'pwgw0pwswgwC7\'wwwwQ$7vwWwrwe05777Swqp7t7sSR\0swswwwwwww7wwwwwwwwwWwwww6!GwwSW@%%wwv4PPCw`qw\'P\0\043\055677u7wcGv7vp\0u\'7sw7w7swww77wwwwwwwwwwwa\0\'c\0\0\0%v\0\0\0twg`6\0SG \0\0c407\0qpwu%57\0swwwwwwwwwwwwwwwwwwwwwwws\0u%4\00CRCpPpWg`\0\0P\0\'pC@@QCppPC7@pwrsCvppp\0Cw577wwwwwsw7swwwwwwwwwwwww wrRawg @6Ww$cg7#\0rpRW \0w0ppqcp`\0 SgwwswsswwwwwwwwwwwwwwwwwwwSu`!qvwaaS\'vpwag\'pvqPp%%rW%pP@p40wgwppg777swwsw7qgwwqqqwwwwWwSWwwwRRRP``qaapR!cWp4rWwwwqawwww% p0pwp\0qaawwwwwpsswwwwwwwww77wwwwwqwwwwwwwwwwwwwwwwwwsW5wwwwwwww5wwwwwwwwwwwwRWw4\0\0\0\0\0\0\0\0\0\0\0\0\0\0\0\0á­þ'),(4,'Produits laitiers','Fromages','/\0\0\0\0\r\0\0\0!\0ÿÿÿÿBitmap Image\0Paint.Picture\0\0\0\0\0\0\0\0\0PBrush\0\0\0\0\0\0\0\0\0 )\0\0BM˜)\0\0\0\0\0\0V\0\0\0(\0\0\0¬\0\0\0x\0\0\0\0\0\0\0\0\0\0\0\0\0ˆ\0\0ˆ\0\0\0\0\0\0\0\0ÿÿÿ\0\0ÿÿ\0ÿ\0ÿ\0\0\0ÿ\0ÿÿ\0\0\0ÿ\0\0ÿ\0\0\0\0\0\0\0wwwwwwwWswW7w7swwwWwwwwwwwwwwwwwwwwwwwwwwwwwwwwwwwwwwwwwwwwwwwwwww44qat65psSCeqqsw#W\0\0wwww7ww7ww7e7wusww7Su7wwwwwwwwwwwwwwwwwwwwwtvW%!$4wwwwwwwwwwwwsWw7St6%426W\'wwwswwww7wwwwwwuwuwwsW7wwwwwwwwwwwwwwwwwwww%$\0\0@`@\0\0\0\0\0wwwwwwwwcSG6Spw5\'WwWww7WwwwwswwsuwqwqssswqwwwwwwwwwwwwwwwwwwwwwpRC\0@ \0\0\0\0\0\0\0\0\0\0\0\0\0wwwwwwqwgsqr7pRprqsW5gswssWwWsWw7wwwwwwuwSwwwwwwwwwwwwwwwwwwwRQeA\0@`\0\0\0\0\0\0\0\0\0\0\0\0\0\0\0\0\0\0wwwwqqugWWs7g4sqwwwwwwsWwwwswwwwwwwwwwwwwwwwwwwwwwwwwwwwgaA B\0\0\0\0\0\0\0\0\0\0\0\0\0\0\0\0\0\0\0\0\0\0wwwww7scpu5%%asWsuvsWwsWww7WwwwSqsW7wwwwwwwwwwwwwwwwwwV\0\0\0p\0@\0@\0\0\0\0\0\0\0\0\0\0\0\0\0\0\0\0\0\0\0\0wwwwww7vww7erWrswwwwwswwwsW5swwwwwwwwwwwwwwwwwwwwwvSawwwwe\0`\0\0\0\0\0\0@@\0\0\0\0\0\0\0\0\0\0\0\0\0\0\0\0\0\0\0wwwwW7vqqpu7wwWuswswwwwwwwwwwwwwwwwwwwwwwwwwwwwwww%wwwwqww\0@\0\0\0\0@\0\0\0\0\0\0\0\0\0\0\0\0\0\0\0\0\0\0www7WuwwwrqqwssWwwwwwwwwwwwwwwwwwwwwwwwwwwwwwwwwVu7wWgwV\0$qB\0`@@@@@@\0\0\0\0\0\0\0\0\0\0\0\0\0\0\0\0\0\0\0\0\0wwwwssppuggwtw\'wwwwwwwwwwwwwwwwwwwwwwwwwwwwwwWW%6Ww\'uw\0\0d%\0\0\0\0\0\0\0\0\0\0\0\0\0\0\0\0\0\0\0\0\0\0\0\0\0\0\0\0\0ww77ug7sqsSw5wwwwwwwwwwwwwwwwwwwwwwwwwwwwwwV7cWaggWwwp\0\0P \0\0\0\0\0\0\0\0\0\0\0\0\0\0\0\0\0\0\0\0\0\0\0\0\0\0\0\0\0wwwwqt4wwwSRqwwwwwwwwwwwwwwwwwwwwwwwwwwwww7CWcW7WagR\0u`@\0\0\0\0\0\0\0\0\0@ \0\0\0\0\0\0\0\0\0\0\0\0\0\0\0\0\0\0\0wuswswwguwwwwwwwwwwwwwwwwwwwwwwwwwwwwwvSt5t4wpwu!a%pCBF\0\0@\0\0\0\0@@\0\0\0\0\0\0\0\0\0\0\0\0\0\0\0\0\0Gsw4ucwpqsswwwwwwwwwwwwwwwwwwwwwwwwwwwwwQaCBCe%\'wwV\0@4\0\0B\0\0\0\0\0\0\0\0\0 \0@@\0\0\0\0\0\0\0\0\0\0\0\0\0wuw75awwwVwwwwwwwwwwwwwwwwwwwwwwwwwwwv64\'RVwWwwwwwp\0\0\0\0BR\0\0\0@\0\0\0\0@@\0@\0\0\0\0\0\0\0\0\0\0\0\0\0ssRV\'sSwwwwwwwwwwwwwwwwwwwwwwwwwwuAC@VAgGwww45v\0\0\0\0u$@\0@\0@\0\0\0\0\0\0B$\0\0\0\0\0\0\0\0\0\0\0\0\0wVwsaWwrWwwwwwwwwwwwwwwwwwwwwwwwwwwwpsc@p1gp% wur%\0\0\0R\0\0\0@@\0@\0\0\0@\0@\0\0\0\0\0\0\0\0\0\0sR56477wwwwwwwwwwwwwwwwwwwwwwwwwwg%FC\0@CCBuq\0PrQ\0\0\0\0p\0\0\0\0\0\0\0\0\0@@\0 \0\0\0\0\0\0\0\0\0\0\0\0\0wwWCStwGgwwwwwwwwwwwwwwwwwwwwwwwwwrCRt!$ BB\0$\0ABp`\0RG4\0\0\0\0B\0\0\0\0\0\0\0\0\0\0\0@@@\0\0\0\0\0\0\0\0\0\0\0qr56SqsSwwwwwwwwwwwwwwwwwwwwwwwwtw4%@\0\0C`t\0a%0Ca \0\0\0@d\0\0\0\0\0\0\0\0\0\0\0\0$\0\0\0\0\0\0\0\0vwRSwwwwwwwwwwwwwwwwwwwwwwwwwwwwe74qrBB$\00C@VB@C4\0\0\0\0`\0\0\0\0\0\0\0\0\0\0\0\0$\0\0\0\0\0\0\0\0\0\0\0sPw%4455wwwwwwwwwwwwwwwwwwwwwwwwsFwCB@\0@\00e!`@\0\0\0\0\0\0!`4\0\0\0%\0\0\0\0\0\0\0\0\0\0\0\0\0\0\0\0\0\0\0\0\0\'CCSprwwwwwwwwwwwwwwwwwwwwwwwpt556\0``4@pCG\0\0\0\0@\0BAC@ \0\0\0ee\0\0\0\0\0\0\0\0\0\0\0\0\0\0\0\0qCcRw5wwwwwwwwwwwwwwwwwwwwwwwwSGvQ`a\0@rE$\0P@B\0\0\0\0\0\0\0 00P`\0\0\0\0aa`\0\0\0\0\0\0\0\0\0\0\0\0\0\0\0\0\0\04qqwwwww7w7wwwwwwwwwwwwwwwWwg4w$$ @pE%!` \0@\0\0\0\0\0\0@\0@\0p\0\0\0\0BG\0@\0\0\0\0\0\0`@\0\0\0\0\0\0\0\0\0aRpw1gwwwwwwwwwwwwwwwwwwwwww7RWwRFPcG%$\0@@@\0\0\0\0\0\0\0\0@\0@@!% \0\0\0\0\0G\0$\0\0\0\0\0!@\0\0\0\0\0\0\0 VuwwwwwwwwwwwwwwwwwwwwwwegwA`u!VaRCC\0\0\0\0\0\0\0\0\0\0\0\0\0@5s@\0\0\0\0P\0\0\0\0\0\0\0\0\0\0\0\0\0\0%5surwwwwwwwwwwwwwwwwwwwwwu7wv$tp%arV%\0@Dd\0\0\0\0\0\0\0\0\0\0\0\0\0\0\0\0\0qg\0\0\0RB\0\0\0@t\0\0@\0\0\0\0\0\0rScurWwwwwwwwwwwwwwwwwwwwwwvVqgP2DpvWVRP\0\0\0\0\0\0\0\0\0\0\0\0\0\0\0\0\0ae \0`T`\0\0\0\0\0\0\0\0\0Wrwwwwwwwwwwwwwwwwwwwwwwwsqgude&E!wqa`p!e%gGt0\0\0\0\0\0\0\0\0\0\0\0\0\0\0\0\0pw\0 4a\0\0p\0\0\0\0\0\0\0pprWu7wwwwwwwwwwwwwwwwwwwwwvVSRSRGwCCAtpu57S\0\0\0\0\0\0\0\0\0\0\0\0\0\0\0\0\0pPw@\0F\0Sd\0\0\0\0\0\0\07w7wwwwwwwwwwwwwwwwwwwwwwqst$BG5e447Cw6vW0\0\0\0\0\0\0\0\0\0\0\0\0\0\0\0\0\0\0rRWww\0\0@d7@\0\0\0\0\0\0\0pquwwwwwwwwwwwwwwwwwwwwwwwwvVSCCAe 4w6tsCt5qwwA\0\0\0\0\0\0\0\0\0\0\0\0\0\0\0\0\0\0\0 1wwwBwt\0\0\0\0\0\0%$\'7SwwwwwwwwwwwwwwwwwwwwwwSstp$0GgpW4wSvwqw0\0\0\0\0\0\0\0\0\0\0\0\0\0\0\0\0\0\04!wwwu\0\0Vw\0\0\0\0\0RSuwgwwwwwwwwwwwwwwwwwwwwwwvWC\0CA1wsewqgWww\0\0\0\0\0\0\0\0\0\0\0\0\0\0\0\0\00\0awwwv\0`\0\0BV\0\0\0\0aRswwwwwwwwwwwwwwwwwwwwwwSct%$$!GWe%6Www\'sWg\0\0\0\0\0\0\0\0\0\0\0\0\0\0\0\0\0!7www\0p\0\0\0\0B@\0\0\0aCWawwwwwwwwwwwwwwwwwwwwwuu%BPRRu7VSrW5wWsW0\0\0\0\0\0\0\0\0\0\0\0\0\0\0\0\0\0\0\0\0\0\0www\0w\0\0\0\0\0\0\0\0%0\0 !awwwwwwwwwwwwwwwwwwwwwwrwr%%%6t54uwww\'wwA\0\0\0\0\0\0\0\0\0\0\0\0\0\0\0\0\0\0\0www\0\0\0\0\0\0\0\0\0p@4Wwswwwwwwwwwwww7wwwwwwwwuwBRBVwvwrsGwwGw\0\0\0\0\0\0\0\0\0\0\0\0\0\0\0\0\0\0\0\0!www@\0\0\0\0\0\0\0\0CC@444wwwwwwwwwwwwwu7wwwwwwwp%$%%cWRWWwuwqw0\0\0\0\0\0\0\0\0\0\0\0\0\0\0\0\0\0\0\0\0\0\0!www\0\0\0\0\0\0\0\0\0\0\0pSscwwwswswwwwwwwwwwwwwwwwqg&4sWcwruswwwtq\0\0\0\0\0\0\0\0\0\0\0\0\0\0\0\0\0\0\0\0\0\0\0Wwwp\0\0\0\0\0\0\0\0\0\0aa%5wwwwwwwww7wwwwwwwwwwwwwvqAaA`aug5rtswww0\0\0\0\0\0\0\0\0\0\0\0\0\0\0\0\0\0\0\0\0\0\'ww\0\0\0\0\0\0\0\0\0\0\0\0wv7wssW57W5wwwwwwwwwwwwwwu4\"PrApwCwWuwuuwwP\0\0\0\0\0\0\0\0\0\0\0\0\0\0\0\0\0$\0\0\0\0\0\0!w`\0\0\0\0\0\0\0\0\0\0\0g45uwwwwww7wwwwwwwwwwwwwwwwgE$%qvSg\'qwswsp\0\0\0\0\0\0\0\0\0\0\0\0\0\0\0\0\0\0\0\0\0\0\0@@p\0\0\0@\0\0@\0\0\0ww7sWwwwwwwwwwwwwwwwwwwwww0pbPBQgewWvqgWWp\0\0\0\0\0\0\0\0\0\0\0\0\0\0\0\0\0\0\0\0\0\0\0\0\0\0\0v\0w\0p5%%4wwwwwwwwwwwwwwwwwwwwwwwwvV%%$5cRpwwww\'wq\0\0\0\0\0\0\0\0\0\0\0\0\0\0\0\0\0\0\0\0\0\0\0\0\0R@\0a\0t\0vSw7wwwwwwwwwwwwwwwwwwwsuwu0t\0CF5\'WwWu5wpp\0\0\0\0\0\0\0\0\0\0\0\0\0\0\0\0\0\0\0\0\0\0\0\0\0\0\0%$\0\0\0p\0p\0\0wauwwuwwwwwwwwwwwwwwwwwwwtqgsweSAe$Vu\'gwguwp\0\0\0\0\0\0\0\0\0\0\0\0\0\0\0\0\0\0\0\0\0\0 \0aB\0\0\0\0\0\0\0\0\0\0\'wwwwwwwwwwwwwwwwwswqvtwwp$6R`t6Wu7wwrWs\0\0\0\0\0\0\0\0\0\0\0\0\0\0\0\0\0\0\0\0\0\0\0\0\0\0\0\0\0\0\0%WpRwwwwwwwwwwwwwwwwwuwwWwea@VAae%\'ewuwwq\0\0\0\0\0\0\0\0\0\0\0\0\0\0\0\0\0\0\0\0\0\0\0\0Vp`\0\0\0\0swCR\0 a5wwwwwwwwwwwwwwwqwwpspRuaw4s`V%vSV4wwpp\0\0\0\0\0\0\0\0\0\0\0\0\0\0\0\0\0\0\0\0\0!a\0\0\0\0\047wwwwu5wwwwwwwwwwwwwwwwwwwuww %6gaaBRAe%wsewq\0\0\0\0\0\0\0\0\0\0\0\0\0\0\0\0\0\0\0\0\0\0\0\06\0\0\0\0\0\0\0\0\0$447v0qwwwwwwwwwwwwwqwwwwrGWWwrP64%$6RRWwww\0\0\0\0\0\0\0\0\0\0\0\0\0\0\0\0\0\0\0\0\0\0@@\0\0\0\0\0\0\0\0\0\0\0\0\0\0W\'wwwuwWuwwwwwwwww5w5wspQ t0e5$PpABRAae%GC\0\0\0\0\0\0\0\0\0\0\0\0\0\0\0\0\0\0\0\0\0\0\0\0   `\0\0\0\0\0\0\0\0\0\0\0\0tw7Wwwwsw777wwwwwwwuw5vwwRPpGw@rC@RVsqw3\0\0\0\0\0\0\0\0\0\0\0\0\0\0\0\0\0\0\0\0\0\0@\0\0p\0\0\0\0\0\0\0\0\0\0wvwwwuwwwwwswwwwww7wwwqqat5aFW$`PRVV6ss\0\0\0\0\0\0\0\0\0\0\0\0\0\0\0\0\0\0\0\0\0\0\0uw\0\07@\0\0 \0\0ww%wwswwsW7Wwwwww5ww7wp\0sBp5%seppR@\0$45qs73!\0\0\0\0\0\0\0\0\0\0\0\0\0\0\0\0\0\0\0\0\0\0wv\0w \0`\0\0u\0\0t7V7wwwswsW77www5wwwvSp5%a`p\'%$%%`pCAGsw6\0\0\0\0\0\0\0\0\0\0\0\0\0\0\0\0\0\0\0\0www\0w@\0p\0v\0wt!guwwwww7sSWwwww7wpu4\0`!rRPWwRR@pp`@t47332\0\0\0\0\0\0\0\0\0\0\0\0\0\0\0\0\07wwp\0w\0\0gp\0w\0WwBV!wwsswwqssswwwwCwwwAw0%aAe%%Ru%v@CGCBww720\0\0\0\0\0\0\0\0\0\0\0\0\0\0\0\0\0\07www\0 \0p\0w\0\'wpVswwWsSsQqu7wwwpPSw644A`put4444ppV7sss!!\0\0\0\0\0\0\0\0\0\0\0\0\0\0\0\0wwwt0\0\0\0W\0\0waeww0Wsw6447wwwu0\'wprSCA`46stppaa6abRRC@a%asw776\0\0\0\0\0\0\0\0\0\0\0\0\0\0wwww\0\0\0\0\0\0\0\0uBSgpV7WsqrsSpswwsaAwwAA\0A\'\'\0@RU5%4`RP$7sw7371 \0\0\0\0\0\0\0\0\0\0\0\0wwvt\0\0\0\0@p%vwsG6wwWuwCAwwpRWw!qaew\'40@ %45! v!ag7agSB3swsv1!\0\0\0\0\0\0\0\0\0\0\0\07wwww\0\0\0\0\0@\0Ru4pCGqr57scwsswww%\'uvPqwwPA%5B\0R@R!GPpwwwws3s3s73\0\0\0\0\0\0\0\0\0wwwuvp \0\0!Ae\'RC%cwwwu5usuwRwwRWww7wqq 0 PvpPGw%7!a!%\'Agwwwsww7w7rs3\0\0\0\0\0\07wwwww\0W@\0\0`\0 V4Ru57sSw75wsww@0wgqwwwrQA wwwwWa$pA\'wuswssw373sss2P\0\0\0\0wwwwvw\0\' \0\0t\0uw\0gRwuWguwsuwSwGvqqwwwsq 7@Bw@!w7rp` \00@wWswsW73wsw77#s341\0\07wwwvWvWP\0\0w\0w@$RwsS57qsqwwswswu5wwwwweuqv0qA5aCCC\07wuwwww3s3ssw7733#\007wwwwwwW`p\0\0\0w@0PWs\0%WgwqwtwqswwWwwwwwwwuss@\0AvQ%CB%4\07wW7qsw7w7w7733sscs73wwwwwWwrwp7\0\0w\0\0&wt\0\0cW57wg57uwwwSwww7wswtp\00\0wW$4\0\0W%swW7wwwSW3w3777v7733swwwwwwwGuw\0\0\0\0\0w\0Qwr\04rwqwwwwwwwswwwwwuqwwWp\0u\0\0a\0ww7u55swswswsss3s3w77wwwwwwwwwwp\0\0\0\0\0\0$7t\0CuwwwqsW57wwwwwwwwww7Qs@\0\0v0\07pp@@\0p7w7wst5577777s7s7wwwwwwwwwwvwe \0\0\0\0GC@t7wwwwwusWwwwwqwwwwwu5gr7\0\0\0t05 7B\0Puvwwsrqsssss7s7wuwwwwwwwwwWp\0\0\0\0\0\00v\0twwwwwwwwwwwwwwwwwwwwsC\0\0S@\0\0`1\04\0w7wSwwSRw77SCwwwwwwwwwwwwwA\0\0\0\0\0CA\0VswwwwwwwwwwwwwwwwwwwwR4P7p\0\0\0 \0\0\0qswSuqrq6cRs0w1wwwwwwwwWwtwwr`\0\0`\0\0p\0t6\0 twwwwwwwwwwwwwwwwwww$A5pr\0\0\0\0p\0pwW767SssSqSpWwwwwwwwwuwwwuu\0\0\0\0\0G\0\0t7wwwwwwwwwwwwwwwww7SwwR$wrww\0\0\0\0\0\0\0\0p\0\07Sct5cSqR1pq%715s7wwwwwwwwwwwwpav\0\0w\0\0w\0$7\0\0Vwwwwwwwwwwwwwwwwwww!CA PCAp\0`\0\0\0\0\0u\'5sw577VSSRSC1pwwwwwww7wwwwwvC\0\0w\0G@SWp\04swwwwwwwwwwwwwwwwwsSAcP40u!B\0%\0 `\0\0\0\0\00sqwSSAsQ3W6551t1wwuwwwvWwwwWwpt\0\0wp\0wp$vq\0CewwwwwwwwwwwwwwwwwWvrPwawBCq\0`\0\0\0\0\0\0\0psRq\'776S%541rRCwwwwwwwwwwwwww@w\0\0wp\0wpWv\07wwwwwwwwwwwwwwwqswat7\00@pPpPa\0 %\0w57SRSaq53S1rSww7wwwwwWwwwwt0\0\0\0\0\0wp`wu\0BVwwwwwwwwwwwwww7wwpqqp\0\0u\0!a\0!\0aA%!sG57qsSCRWG1ppvwwWgwwwwwwwvWs\0\0\0\0\0\0\0\'7v\0!awwwwwwwwwwwwwwwwqq\0$6\0\0pPuuv@ptWcwrW437u1w#RwCwwuwwwwwuwwt0\0\0\0\0\0\0\0P\'\0\0RVwwswwwwwwwwwwwWqg\0S\0\0\0\0\00`0$As wt47Wppq#RqSRpwwwqwwuwwwwwwwB\0\0\0\0\0\0\0p0\05wwwwwwwwwwwwww7wqa\0 P$a\0p\05@0$5$wwSpsq17Q5r5qq5wwwWvuwwRwwwww\0\0\0\0\0\0V\0acswwwwwwwwwwwwuwwq`\0!\00\0aar@pA\0awwwrSSRVQsCa1sQ!!C%wsWgwvwgwuwWuvr\0\0\0\0\0 p \0\0twwwwwwwwwwwww7w\0\0\0qa\0 pww7qap717%0w%#qs5wwwwuswqww7gww\0w\0\0\0\'\0\0\0\0Pwwwwwwwwwwwwww7w00\0$% \0 \0\0\000tewwwwwwSqsgQ2Swww7swWwvwwwwwtu`\0\0p\0p\0\0$$wwwwwwwwwwwwwWws@ \0004\04P\04swwwwwqps15\'7R16qcQwwWwwwWwWuwwwgp\0\0p\0\0Gt\0\0swwwwwwwwwwwwwsu4\0\0\0 C!!w\0P1wwWwwu5w1GRQap1saa6wwwvWwrwwwwwws@\0\0wp\0\07R\0`twwwwwwwwwwwwwwws\0\0\0\0\0541qsA!Gqwwwwwswq01ccsaAwwwwwGuvwwguw\0T0\0\07v\0\0ww\0PwwwwwwwwwwwwwusW\0\0\0\0\0!SSV75w5ww77w7wwwpqaCRrP7wwqwwwwwsGwwwp \0\0\0w\0w\0`pwwwwwwwwwwwww7ws\0\0\0\0\0\0\0\05155rqw7wuwwqww1ap7swuwwwgwwwu7wWsWww\0\0\0\0\0\0 w\0\0pwwwwwwwwwwwwwWsP\0\0\0\0\0\0!3CW\'57sWwWwswwwwas!cWwwwwwwwwwSGu7wewwwwvwa\0\0\0\0\0p\0\0$\0\0wwwwwwwwwwwwwwswp\0\0\0\0\0\0\01p1qwWqsssuwwwwwSWsswW7wrwwwwsvuwwv7Wwqw\0\0\0\0 \0\00R0`wwwwwwwwwwwwwwSs\0\0\0\0\0\0\0\0!0557sqw5uuw75wwwu!sw7www7wwuwwwwuwwuwwvqwwa`\0\0\0\0\0$At#wwwwwwwwwwwwu7wp\0\0\0\0\0\0\0\0\0aRPsu%w5g777uswwwww57w5swwuswwwwwv5rv7wwwwwwp\0\0\0\0$\0\0RP4Twwwwwwwwwwwwwww\0\0\0\0\0\01470SSsVqus4wwwwwwqqw5wwwuwwwww5wwwWwpwWgww@\0g\0C@ BpCwwuwwwwwwwwwww4\0\0\0\0\0\0\0\0\0\05#35sw757suwwwwwwwww7wwwwwwwwwuwuwwewwsuwpwp\0uw Rt0Rww7sSwwwwwwwsWw\0\0\0\0\0\0\0\0\01ArQ#P57RW7wwwwwwwwqwwwwwqwwwwwwwqawwwuwwpRw\0\'vtwV\0wG%uwwwwwwwwwwwwswp\0\0\0\0\0\0\0\0007Q75#pq77SuwwwwwwwwwwwwwwwwwwwvW\'wwwwSgwwpwRwGwaewppR7swwwwwwwwwwwwS\0\0\0\0\0\0\0\0\0\0QqqqpaSW7WqsCwwwwwwwwwwwwwwwwwswu7Wwwwwwwwaec@wwD%wRCwpp\'wwqwwwwwwwwwqssP\0\0\0\0\0\0\0\01##5a0qS17wwwwwwwwwwwwwwwwwuwwwwwwWwwwwp!Gw!wawe$wwwwwwwwwwwwwt5! \0\0\0\0\0\0\0\0\0a#Q553tw3SwwwwwwwwwwuwwwwwwwwwwuwwvwwwwV!B!BPwwpppqwwwwwwwwwwww1p\0\0\0\0\0\0\0\0RQ56SE3cWwwwwwwwwwwwwwwwwwwwwwwwwwwwWwwsC42R Rwwwwwwwwwwww!a0C\0\0\0\0\0q51p5uqq5wwwwwwwwwwwwwwwww5wwwwwwuwwwwt\0CCDp% Ra`$4wwqv7qwwwwwwwP5pR0\0\0Sq5u541!4S57wwwwwwwwwwwwwwvuwwwwwwwwwwwwwwpp44CPCaBpawwwwWwqcwwwwwu5a%\0\0qg553asW5qwwwwwwwwwwwwwww77Wwwwwwwwwwwwww\0a`4 \'0a%qvww7wwuwwwwwwwwRp5cRVw#Ru47WwwwwwwwwwwwwwsWwwwwWwwwwwwwwwwtw\0V0`%wwwwwwwwwwwwwwwwww0pAawwwwqqq5%5sSsSqqwwwwwwwwww7wwSwwWwwwwwwwGwwwwwwvw`AGwp``wwwwwww7wwqwwwwwwwwwA0wwwwwwwwwqqp%47wwwwwwwwwuwwwwuw7Wsw7wwwwwwwwGwp%pw$0w`aBwA`Raww57wuwwwwwwwwwwwwwwvwwwwwwwwwwwwwwq\'wwwwwwwwqwwwwww7w7wwwwwwwwwwwwwwB@Gwu$4w4wwwu77wwwwwwwwwwwwwwwwwwwwwwwwwwwwwwwwwWwwwwwwwwwwWwwsVwwuwwwwwwwwwwwww7aa\0wpRCwv\0&57wgwwswwwwwwwwwwwwwwwwwwwwwwwwwwwwwwwwwwSuwwwwwwwww7wwwsSwwu%wwwwwwwwwwtvw%%w@Pwuwu1wwuwwwwwwwwwwwwwwwwwwwwwwwwwwwwwwwwwwwwwwwwwwwggwwwwwwWw\'wwwwwwwwwwww`w!`Rw4 2@wwww7wsSwwwwwwwwwwwwwwwwwwwwwwwwwwwwwwwwwwwwwwwwwu55grwwWswSawwwwwwwwwww \0 `\0@@\'wuwww7wwwwwwwwwwwwwwwwwwwwwwwwwwwwwwwwwwwwwwwwwwwwww55uswwwwWwwwwwwwwwwwCCCC!`pa$wwwwwswwwwwwwwwwwwwwwwwwwwwwwwwwwwwwwwwwwwwwwwwwwwwwwwwswwwwpswwwwwwwwwwww\0\0@$\0`B\0\0\0ww\0\0\0\0\0\0\0\0\0\0\0\0\0\0\0\0Ö­þ'),(5,'Pâtes et céréales','Pains, biscuits, pâtes et céréales','/\0\0\0\0\r\0\0\0!\0ÿÿÿÿBitmap Image\0Paint.Picture\0\0\0\0\0\0\0\0\0PBrush\0\0\0\0\0\0\0\0\0 )\0\0BM˜)\0\0\0\0\0\0V\0\0\0(\0\0\0¬\0\0\0x\0\0\0\0\0\0\0\0\0\0\0\0\0ˆ\0\0ˆ\0\0\0\0\0\0\0\0ÿÿÿ\0\0ÿÿ\0ÿ\0ÿ\0\0\0ÿ\0ÿÿ\0\0\0ÿ\0\0ÿ\0\0\0\0\0\0\0wwwt\0Cs@t77777wpCpwwwwwwwCwwwwp\0S@@g5wwu\0t\0\0@\0P\0BP\0\0wwp\0B7777sww03w0ssrP\03t0\0\07777w7vCwwsGsswv7wwwwwwTwwwww@P%swwPSPp\0P\0\0\0\0\0ww7ssssw3p@\0@@pq!Cw776r\0\0swwwwww7w@D\'Cs7wwsCAwwWwwWGpwWwww@P\0wuwwp@aC@\0\0\0\0\0\0\0ww\0\0wssw7ssw\0@\0\0777sSas\0\077ssssu @@@E7tww777wwwgwwwwwwwwwwp\0GpGw7wwp\0\0\0\0\0\0\0\0wwp777sw77 \0\0@@@qsssw7774\0\0wwwwww6D@BG77wwwswwWwwwwEvwwwwu\0wwSwwu\0e\0\0\0@\0\0\0\0ww3sssw3sw\0@\0\0cw7sssss\0\0\0@@ssssw7p\0www77swwwwWwwwwBwwWuwwwwWwuwwvs@\0\0\0\0\0\0wwv7777sw0!@\0\0@77777774\0@@\0\0wwwwsu6RD@@@G777wwwwvugwwwu4uuww7wtwwwwwqVPCQu\0\0\0\0\0\0\0w\0Cssw \00@\0\0ssssss7r@\0\0sssswcE4\0BDswww7swwuwwwwwwgRpw5wwqw7wWuwwww@\07q\0\0\0\0\0\0@Gwpp3sw\"Ss70@\07ssssv@\0@@\0wwww67D@CwsswwwwwwwWwwwwWwWGw7wwwwwsqwww@\0\0u1v\0\0\0\0\0\0\0wq\073Q\'7s3Csa`77w7sP`\0@\0\0@ss76Sw7ss@@w#ewsswwwwwwwwWwwVwwWwwpWvwwWww\0P\0sWq\0@\0\0\0\0\0w@63W0\0as7p\07\0\0@\0wwwe47cwsD\'7wwwwwwwwwwwwwWRwswwwpGwswww0u7P\0\0\0\0\0\0\0\0ww\0@\0Csssp7#q`\'7s73s44\0@776@Cgw7ppw74Stwwwwwwwwwwwwewu%%wwwquu@wWww@\00ww\0\0\0\0\0\0\0wwSw1\0\07s ss7`\0S6`%cR\0\03Pwepsw7psww$7wwwwwwwwwuwWgwTWwwsv\0w7ww\0W7w\0\0\0\0P\0\0\0\0\0w4q7R77737\03@@737%447 @C@GVpwwssRPwu\'wwwwwwwWwwuwV7wwwwwq@@wwsWwpSqWp\0\0\0\0\0\0\04\0sCQ\0P!\0w77w77sp\0\0qw70ssp@D\'`7777wwwsFVWwwwwwwwwwwueTwwwwWw\0\0wwwu\0qg7P\0\0\0\0\0\0\0\0\0Wu3WPq0cs33s4\0@@63Cw750@\0`Gwwww7sstauvwwwwwwwwwwwqcw5wt\'p@Awswwwq1qw\0\0\0\0\0\0\0\0@\0P%q0Sqww2@\0\0\0CT0w3sr4@D@Dcssw7swt4ugwwwwwwwwwwu7VWuwwq@t\0u57wwsu\0\0\0\0\0\0\0\0\0\0sAP4\03p\0@#swsss\0@@Awww7wwstCGVWuwwwwuwwwVtwwwwww7C@twwwwwwwwp\0\0\0\0\0\0\0\0\0\0w75At0u!\0\0\0\0@\0Cs77777@DD@@w777w77wagCgvwwwwwwwuegWwwwwww@Rw7wwwww\0\0\0\0P\0\0\0A7uwRqA7!w@@@77sssss@\07cwww7wwRWEwWWWwwwwwwwwqwwwwwwu5@C`@wuwwwwwq\0P%\0\0\0\0\0\0\0AgRqPpwPq0@\0\0@\0sw77777D@t@sT$7ssrwwrVwgwwwwwuwwWVWuwwwwwpq@Tw5qwwww\0P\0\0\0\0\0GW5PQA@qpqq1\0@73ssssv0\0gw6SGswwW77wuewwwwwwwwwvwwwwwwwwwwaw7ssSWww\0\0@@\0\0pwwW0%Sw\06\07BSsss@t@w77@t2wqcgwwwwwwwwwwwwuwuwwwwwwwwSSuwWewwu7www5\0\0\0\0\0\0B\0wPSW1AA6P453\0p\0\'7723gsww4\0GvwwwwwwwwwwwwwwuwuwwwwwwwwwwwsWww5www P\0\0V\0\0\0W4!VQpsRps70BSw5#sWw7w77swsSDwwwwwwwwwwwwwwwwwWwwwwwwwwwtpwwswwpP\0\0@\0\0\0PSuaS4q5177sR@70BPs#swwwsw7w$@erwwwwwwwwwwwuwwwwwwWwwwwwwwwQwwu7ww\0\0\00@w6SPs1qqAwSC73ssC0@\0077w7sswsw$DRwWwwwwwwwwwwwwwwwwwvwwwwwwwwPgWswwwq\0P@\0qAu\0w1A%pRW7q$sws67r@\0@CCqwwwww7p@@t@ewwwwwwwwwwwwwwuwwwwuwwwwwqwwpW\'wwwwwRP\0\0qpwPsS4e%SSCR7s7\0\0\04ss777qt$CGGwwwwwwwwwwwwwwwuwwwwwwwwwwwwqwwwwpC\0\0s\0\04p5`sAPQ1p1ap\0\0wwwwwv7t@dt7wwwwwwwwwwwwwwwwwwWwwwwwwwwwvWwwwwq\0\0PT\0\0\0@@qpSC5gWv557q\0\0\0\0@w77ssqae%4dwwwwwwwwwwwwwwwwwwwvWwswwwwwwp@wsWwwwq@ \0\0\0\0\0\0wRqa\0qSqq\0\0pW44\0@\0\03wwwwV7ssdBSwwwwwwwwwwwwwwwwwwWWqtwwuwwwwwuWwwwwp\0@P\0\0@\'VSA5@PqpqCA\0$\0\0swssqsaswwSTGwWwwwwwwwwwwwwwwWvwewCGwswwwwwwv55Swp@\0\0\0\0\0Tse5DC151\0\07\0@763wwvw77v7wwrWwwwwwwwwwwwwwwuwwVT5wwwwwwwwputp\0@p@\0P@qEwsawu@s@3`0\0pBqscSwvw7sGwwwwwwwwwwwwwwwwwWwwVwwwwwwwwwt0@q!t\0\0P\0ppWQsA@SA501Bw\0Sw\00v@DvRswwwwwwwwwwwwwwwwwwwwwWwuacWwwWwwwwpCTwqsS@\0PR\0pWqD\0pasS014wAC\0\0\04w33\0@@BCwWwwwwwwwwwwwwwwwwwwwwwwwwwWwww7wwwwu7wp7wWw7wPRS3WPu57pBV5@0S\0wv@D@7wwwwwwwwwwwwwwwwwwwuwwwWWuewwwwwwwqwwwwuwswt\0Wpu%Awr@QqAq%\0@BP7PA@\0\076S@DBDww7wwwwwWwwwwwwwwwwwwwwwwwwwswwwwwwwwwW755wpvuww45pQAv4qA0AA\0\0\0@\0sss @@@V7ww7wwwwwwwwwwwwwwwwwwwwwuewWwwwwwww@%wwWvw7sWAGswwwQ@C$QAq5Q\0%\01\077 @DBD$7w7wwwwwwwwwwwwwwwwwwwwwwWwwguwwwuwwwwVaA@pvWwwwqACAS0Aqq0\0QAsq@\0@r@WsvwwwwwwwwwwwwwwwwwwwwwwwwwWWwwwwsWwww\0aaa@D\0w51t7wwuwACAqaA\0\0G@\0P72@Dst5\'7wwwwwwwwwwwwwwwwwwwwwwwwwGWwwwwwwqGPpa\0PegSSCSWwwpCWp\0q\0@1\0A@\0$ \0r@wswBVWwwwwwwwwwuwwwwwwwwwwwwwWwuwvwwwwwwpCCCw57u7wqqwwwu54Fs\00P\0\0@\0P05swsuaawwwwwwwwwwwwwwwwwwwwwwwwuwwWwwwwwwuA@@P@Aeqqe7wwwu57wwqqPqpR@\0\00sr\0wswswswwwBWwwwwwwwwuswwwwwwwwwwwwwWuwwwwwwpp44%!wSwSSqwwwwwWwwww5SpPAq350swswswwwatvwwwwwWwuwuwwwwwwwwwwwwwwwuu7qwwpA@PWAgu53WwwwwwwGewqp%54a7\0\0ss2\0wswsww7$Gwwwwww7qwwwwwwwwwwwwwwwwwWwwwwPgwG0w%wqwpwwwwwwwwww54wSQ@@t\0\0@P\0\042Pswsww7tTeuuwwwwuww7wuwwwwwwwwwwwwwwWwGWWW5psTW575w7wwwqsGwwwSPww1@PP\0\0\0!Cswswswwse$wgewww7wuuwwwwuwwwwwwwwwwwwwWw%pw%gWGwswwSwqsSqSwswuwW5wWwww@W\0a\0q\0w7swswsVRWtuwwwwusWw55wwwwwwwwwwwwwwwwwWWwWWSwWwwvW5w1uw7wwwwwwww50\0Q\0\073swswsvswwugwwwwuwwwsWwwwwwwwwwwwwwwwwwwwwww7u3aww3Sqwwswu5wwwqswwwqu7W@\0\0w77swswqwswwuwwwwwwWsu7wwwww7wwwwwwwwwwwwwwwuwu1qqwW5swwuwwwwwwWVWW41@P@\0\0rsswswCg\'wwwwwwwwwssWwSW5wqwwWwwwwwwwwwwwwwusswq5wwsusA77qsqqwwwwwquA@CP\067677swpSWwwwwwwwwwwWws45wwwuqwwuswwSwwuw7ww5u5qR5wwwSu7pwWuww5wwwww5 R507\0sswCd6w7wwwwwwwwusw7qwswwwwwuwwwWswwusWs1sSqw7SwwwswSsSwwwwwwWWqP\01\0r@\077p@@DwwwwwwwwwswsCWwwSWqu557wwwSwSwspqwqqqqqu75qwSwWwSRWwwwvqwqWw0s1\0prdtWwwwwwwwwwWw555su1qw7wsSwwu7wSuu70111wswwwQwwu7755%gwwwqwPw7\0WQ7r0\04\0@@DRBwwwwwwwwwu7usSww5su5qwwSWsuww57wS1S0qwuqqu\'wwwuuwqSpwwwwAD50\0us753p\0\0@Fuwwwwwwwwwwu75wSWqR7W5557swSSWwqu3qq0sP1QwqsSwqGw57SsqwqGWuwws\0Asss6\0\0\0Dt7wwwwwwwwwqwuwSws1qqqqqaquw17u7sWqu77wwWw7Sw1uwsquwqw%7wwwAsss6\0\0@Fc@GwgwwwwwwwwwqwwsqSWqwWwq51wqwS5qqqww7Su1qq7WW7qu7wpPTu5wwwqq777S\0\0@\0u%7wWwwwwwwwwwwu57wsWqw57su57w5us3qwwwswW7wwswWw1w7wwgwwRWRWssp \0\0\0@c@Rwwwwwwwwwwwwquwsqu557SSusp1Ssu1wW71q5SSp1wwu5qw3SW55ww1770G7sww5\0Psr\0P\0\0u%wwwwwwwwwwwwww5uqcWwu57S715777W51wwwww5u5q7wwu7WSSP\0Cw7wwwq@S\07673 \0\0Rw7swwwwwGwwwwwuqww555q7w705wSW5w5571CqwwwqwswSSSwW3u51@\07sA\'7w642C3Cs@\0wwwwwwwwWwewwwww5qwsaww7SsuwSSSSq51u71q1qq151swwwwqwSqcwwwSsWSSB7ww7wwsP\0C730\0777swwwwwGgWWvwwwqw7WwsqsW7710Su5150sQ1wwwu5557wW75q751\0\0Ssssw7w4\0\07C\'\0sCwwwwwwwwVvwuwwwwWW7usWwWswWQsQ5151%7A11177wwwsw7Ww7WSwQsS7777sw6@\0\03Rss7wwswwwwwuuvwwwwww5wsSww5qu7531q0155q1wqqS!wwwwwqu5qswwwswSw\0sssss770\0\0@@@#773wwwwwwwwwguwwwwwwW555Qswqq751QSSSS55!wwwww7wswuwwu7SCq\0s\'7777sBP@\0\0ssscsswwwwwwwwuwwwwwwWsWsqsqwSq2SQ15q15SwwwwwW7qwwww7qsqR P77700\0@\0\0777777wwwrwwwwwwwwwwwwsWsWSQqp5wqww55aq1SWwwww7qwqwwwwwuw51sp\07723@\0\0wssss77ww7GGwwwwwwwwwwww757501wwsswS1qqq10q057wwwuw7wwwwWwsqsSA70\07%$rs7\0! 77770wrD4VWwwwwwwwwwwuuwWWCSqWwwwwqqaqsq0517wwWwwwwWwwwwwqwSQ!sr\00\0\'3s@\077\00sw0\07GCG\'wwwwwwwwwwwwsu77Wswwwqu71%w5q1q30usW7wwwwwwwwwwwu1W3s72\0@a70CsP7723D4dTuGwwwwwwwwwwu7WSSqa55awu7sSSQ5%q5qsw7sw7wwwwwww773w77\0\0\0CC3sc\0\03r\0rCG%gvwwwwwwwwuwwwSswqsSwqSSqqQ70S7q!53SquwW777wwwwssWWsWw3sp\0\0\0\0@\07w77p\0\03dTtVuwwwwwwwwvwwwwWSW5q51w57A75SSu57Wsswuwwwwwwwuss33w7\0\0@@\0\03s3ss7p\0@s%qegwwwwwwwwwutwwu757WsqqSuq7sW51%17Sww77Wswuu7Swwww7uw7w0p\0@\0\0@77sw7sp\0@\0\0\0\0tVwrWwwWwwwwwwwwwwwusSswu5511543SSW%q5wSquw77swuwWvu3s3p0q\0\0\0\0!#s73s7\0\0\0@@\0qetwwwwwwwwwwwwwWwwwwu5wqsQ3SSW#q3SU051715svsSwwswwSWu7Cw7\0swps2P\0!777ssw1`\0\0\0\0wrswwwwwwwwwwwwwwwwwSSSwW3Q1u\'Q5q3SSwwSSwuwww7w55u04\00s470\0r@\02770`\0\0\0\07twwwwwwwwuuwwwwwwwwqwwwsqu5CSRS7SsSSspwqw7wwsqsqqqwssws0\0ss\0sw\0\0ssp%3\0sswwwwwwwwvvwwwwwwwwwswQwWSq51q554555553Wqwue57WwuwswW5s@7#0p72p\0\074%67\0\0140wwwwwwwwgWWWwwwwwwwwWWswwq55sS1%571qp4qwqcwwwwSsqu7qs7qsw5\0\0P073s044\0Rss\0!r\0\0wwwwwwwvugggWwwwwwwwwwuqqwq55!qqSSq1wq4qgSSu77WW7q7uqvsp\00ssssss0\0\07%\'7 \0wwwwwwwwVwWWgwwwwwwwwSw7qsSS571%GSqwW7qww7wWwursWw7qw55s@7777770@\0\0\0`R3sr\0wwwwwwwwwVwewwwwwwwwwwwwqqtqu57SSQ51a3ugv7WWsasuucpqsSRSw77777`\0@\0\0w772wwwwwwwwuewwwwwwwwwwSquwSSwwsS7RqSWsWAussqqswwuwWsSWSRRu5su7v7777773\0\0\0\0\0s7ssss`wwwwgwwwwwwwwwwwwwwwwwwwwwSuwu515q1q1qwWswSuugww5%7wqeu5%55qs77p4@\0@\0s7s7770\0ww44wwwwwwwwwwwwwwwwwWqqu1uq7swW51sWwwsusCG7qavWWwup146!rw7Rssp0\0@\0s3w3w3s@\0wwugGVwwwwwwwwwwwwwwwwwww7u07Suqq7qwwqquwWuGwv7wSCWqWVqu5PsCsp!c7701B3w3G\0\0\0w4$4uwwwwwwwwwwuwwwwwwwwSwqSuswSS57wwwwww5sCqwquww5w5p RCAq%t555\03s\0w\0\0C7s02B\0ugedt6GwwwwwwwwwGwwwwwwwWwWqq%ww557wuwuu%5vuwWaqwsqwww%\'WRsSss\0ag7\0770\0\03aq1\0$PGE5wwwwwwuetwwwwwwwwwSswSSqw7wu7ww7wwaqwppwWupspSR5p\0PS!uaqapP007ss`\04\07#r\0edw4dvwwwwwwwwvwugWwwwwwwwu5squ7wwWWuwwwSAWCGuww7swW51RSSA%WS0@CCw77752\0\0@Ss1PG7u4wwwwwwwwWGgTwwwwwwwwwsW77WwwWp%gwwWww5545suwquwWqaeP1454445t41S\073ss3s@\0@\0 4 cw4wCGwwvwwwwwwwutwwwwwwwwugwwWwwwwwWuwwWRRW5puwawsqwSq0@SRQ\0rQR51R577w77w\0\0\0\0@\0@37uw7wwtwwwwwwwwCwwwwwwwwwuewwWwWwwu6uwuwswSRWwwu7Ws@\0S@rSPP5%7Q%!03s3ss1 \0@\0\0@33wwCtww7sqwuwwwwwwwwuwwwwwwwwwewwWwwuwuwww5wStw4upW7\0\0SA440qAPq7w75`\0\0\0\0\07w3w77wwwwwwgGwwwwwwrwwwwwwwwuwwwwwwwuw5wwWwSWSAu7wQwC@\0\04!aaqA\0pq%\'77@\0\0\073#stww7wwwwttwwwwwwwwWwwGwwwwwwwwwWwwwwwwuw7qwsWuw7wu\0\0Ap\0\0Qq@7rP73\0\0\06777wwwwwwveE47WwwwwwwwewwwwwwwwwwwWwwuwwwwWVqucGWwewS@\0\0GpPapqe\0\001%0g6p\0\0srs\0\00\0\03sw7wwswwu`V6GFww7wwwwwSewwwwwwwwwwwwWwuuwwwsWcu55qsGwt\0\0SeP!APuQs@77702p\0\07 wwswww66VAdswwwww6FGVWwwwwwwwwwwwwwwwwwwWquwwwU557Pu6wq\0\0RP\01q%\0\0\07\0w10\0\0\0wwwswwGW4d4Cwwwwww6u5t5gGwwwwwwwuugwwwwwwSwwwWwu\'wGt4RRSSQaVAA\0\04P\0\0\0sw2sc1 \0\0swCww7sswPD7V4wwwtuwFVpwwwwwwwVWgwWwRTwwwqw5wWSW7W4WvRQaru\0@\0\0Qqe\0\0\0\077s773\0\0\0wst77pwwp77wasCwwww75uaGwwwwwwwwwWWgWwsGWww7uwv7gwwWw5sPqquWR@P\0 P\0\0\0cw7ss7 \0\0\0Cww`G77wGsstFww77ww%GwwwwwwwwwVwgWwuwpuqtuwSWSWqw%%vWugVqaa51!@\0\0P\00@\073ss7p\0\0\0\0t7wp@agsCswwsqspewwwtw7swSwwwwwwwVWwwwuwrwsCwwtsWquww5qpVa@Pp\0A\0\0700@7 rw77s\0 \0\0\0wp77ww77wtFV\'ssswwwGgwwwwwwwwwwwwwuuuut1Ww5wwPuw5wWSSRW\0S@\03s@\01q\0\0w7 \0\0\0wpt@D$\'w77ww4Pwtw7wwsWwuwwwwwwwwwwwwwwwSWwwuwvWw74wSwu%e%Pt4@e\0g777#@@\'3prs\0\0p\0@@Swwsw7w`pd47wwwswwtrVwwwwwwwwwwwuwSe%sWquawWSVu%wSupqCpSvP@\00@sss\0\0s@57\0t@`DT7sswst4tDGw7wsww6uuwwwwwwwww7wwwSAegwevusWWwwRW5q\0@@\0@@7w777sw\0@usrc6\0`7g7ww5cC@BBF77w7wwwEevpgwwwwwwwwtuwwwwwqqAAAGSWusrRwuqeqwRW\0\073ssw3@\0\0\0sss`D74Cp\0G77rSw7@DGwww7sarRAGPwwwwwwvtwvvwwwwwwwwwpwwtTuuwsGswG!@\0\03sw7sst\0@@@@pssss\0spsppwBV77qwsppswwGwwug@wwwwwwwwWGWWwwwwwwwwWGWww7w7t770sw1`\07Rw777p@\0\0\0777774w\0sw47p@awsG77BV7st7777prwwwwsu%44%wwwwwwwppppsw7w7w5$t27\0C`\0\07sa44\0@@qsssssspwsssssp\06swww5awCwwwwwwwuwwwwwwwGGWwwwwwwwGEeeFWwwwsssp\0\0\0ssp1s70\0sRss0\03ssssw\0\0\0\0\0\0\0\0\0\0\0\0\0\0\0\0\0å­þ'),(6,'Viandes','Viandes préparées','/\0\0\0\0\r\0\0\0!\0ÿÿÿÿBitmap Image\0Paint.Picture\0\0\0\0\0\0\0\0\0PBrush\0\0\0\0\0\0\0\0\0 )\0\0BM˜)\0\0\0\0\0\0V\0\0\0(\0\0\0¬\0\0\0x\0\0\0\0\0\0\0\0\0\0\0\0\0ˆ\0\0ˆ\0\0\0\0\0\0\0\0ÿÿÿ\0\0ÿÿ\0ÿ\0ÿ\0\0\0ÿ\0ÿÿ\0\0\0ÿ\0\0ÿ\0\0\0\0\0\0\0s41$wwwwwwwwwwwwwwwwwwwwwwwwwwwwwwwwwwww%wwwwwwwwwwwwugwP5wwwqvwwwv477sqrscscS773srs\0\0$Gw7wsw7wwwwwwwwwwwwwwwwwwwwwwwwwwwwwwwwwwwwwwwwvvwwgwwwRGuwwwguv777#srsqsqsw77w677s4wwwwwwwwwwwwswwwwwwwwwwwwwwwwwwwwwwww7wwwwtwww7wwwwvwwggw`CWwwug3rssssw77777773ss3qss$wswwwwwwwwwwwwwwwwwwwwwwwwwwwwwwwwwswu$\0\0\0\0\0\0\0Aewwwwwwwu\'u5gwww74ssqsss7777\'7\'63G73swwwwwwwswww7wwwwwwwwwwwwwwwwwwwwwwww6\0\0\0\0\0\0\0\0\0\0\0\0\0@PwwwwwwwpWwwws77\'677csscssssq73sv7wswwwwwwwwwwwwwwwwwwwwwwwwwwwwwwwww4\0\0\0\0\0@A`tg@\0\0\0\0@ewwwwwwRAgww7w777773srsw77757ssr77wwwwwwwwwwwwwwwwwwwwwwwwwwwwwwwwsR\0\0\0Ggw7wWsSwwwe @\0\0Cwwwwwtwww7rSssSg7771sqsr3777sswwwwwwswwwwww7ww7wwwwwwwwwwwwwt7\0\0\0w7SBG4ttwsp\0\0@wwwww\0Cwwww777773sqsw67\'7wcss77wwwwwwwww7wswwwwwwwwwwwwwwwwwV7\0\0\0WvPda@tt\0C@``@t7v\0\0\0Wwwwu$wwsssscsw7763ssss35\'5sswwwwwwwwwwwwwwswwwwwwwwwwwwsww\0\0w0RPp\0\0\0@%%u4\0\0SwwwS@wwww7\'771sssw7777W3sscwwwwwwwwswwwwwwwwwwwwwwwwwu44wp\0\0\0wupG\0@\0@\0@\0@\0@@@@e$w\0wwwtpwwsw57rw6773ssss#w7773wwwwwwwwwuwwwwwwwwwwwwwwCrCw%\0\0wrRB@@\0@\0\0\0\0@\0\0\0\0\0\0@\0PA$w \0wwwtGwwsss3s7676SsCsws7777wwswswwwwswwwwwwwwwwwwu764gP\0\0Gu\0\0\0\0\0\0\0\0@\0\0\0C@wp\0www\0www7\'w7ssSs677737scsCwwwwwwwwwwwwwwwwwwwwqv7%wtwp\0\0wrRW\0@\0\0``ptT$\0@\0\0\0@aaw\0\0Gwwtww7ss73qssw777\'w%777swwwww7wwwwwwwwwwwv6%4v4sp\0\0gtP@@\0\0\0WGWWuwWwwWwwp@\0\0\0@w\0wwwuGwww7Sw\'7\'3ssss3g76WGwwwwwwwWwwwwwwwwwSSu6g5gv\0\0GqC@\0@$VSSwwwsu\'cwwuwt\0\0\0\0@CCp\0Gwwp7wwsw63sssw773qwsVWrswwwwwwwwuwwwwwwsSrp6WcVRRq\0@wVD\0@$W77erW0WwWuuwWwwwv@\0@\0Pw`\0wwwAGwwssw7771rRu6rW\'75wwwwwwww7wwwwwssC`qgSdt3cw\0\0r4\0@\0ewpqawW5Gaw47w77vw7wt\0\0\0@\0CAp@wwt4www73ssscs76qw7wecGwwwwwwwwwwww%%47vqds2VWt\0w@@\0\0GSRWpsRwpwu%%rSuuwWt\0\0\0\0BW0wwwwwwww75%swGw7pw777wwwwwwwwww5!7V7gt7s5eww\0\0wt \0@usg!qevSwsSsW5wWwwww`\0\0@t\0wwpwwssqcsswCsqgrsCGwwwwwwwww7qcvV%pu\'Cq%gwgv\0w`D\0VSCWSpqg7S45%wCrw7wuw@\0\0\0BP7`www\0www77Gwswewsww77wwwwwwwwPsuvw\'rWwtwvp\0pV@\0\0Wpq%47asCW%4ww551e77ww\0\0\0@w\0WwwwWwwww7Wssru7w#ws7wwww7s\'4rwv1!qwGwVvww\0\0wa\04wVV@sSG5cCWRqpsCw@\0\0\0C@7\0wwwwwwwwg656Ssg7Ww7www744vwG7AacvvVwfwGw`\0u$\0@\0SG14sw%4qr7rq%45tqagu\0\0\0Gp\0wwwuwwww7www7ssw3sw7wwrpsww4t674wwwggWgwep\0w\0S@\0\0GwCRCWPSSCcqrWq7pSRp7`\0\0\0\0w\0WwwwewwwwwWw77w77w77S7AwGFqcCGggVugWgWt7\0\0wV@@@\0453V77w0Wqw5\'Gwwwwuw\0\0\0P`@wwww\'wWWGwwssw7w7sswrpw`rscwwwWugvvvtr7v\0p \0\0wt1ppupq@s\'sSe61qqCWwwwuwwwt\0\0pwww7WWwww7Www7qcv5v7Awg40pvevwggwggu77F\0WU`\0\0wRpwSSw447wW1qwwWww\0\0\0\0@Gq\0wwwwwwwwsu7wsw7wwsWw`qagwwwgGtvvwW6477p\0sA`\0\0EvCSwpu%77a7w1cww5w6Cagwp\0\0w\0wwwwwww7\0ww5g7sswwgagwvwegwvwweg4qcGtw\0w\0\0\07qc441pSqRSVSV5swpSs7ww\0\0\0\0@pwwwwwsPq@Pww7wwtrsqwugGVVwggrp75\'6u\'c\0Cpu`@\0TsWCRRt40677!wS%!uw%471rSCauw@\0\04pwwwws%\0\0wwuav5wagvvwwgwvV5CvtwRts\0@@\0\0cqu1!sWsQqqWw3SWsq55!RW477sp\0\0@ApwwwupRCGp\0www7swwwwuwGggwrW1cw4ew%2340@\0\0uw\'e45!v527gsu446Wa%7%!sCrRWt\0\0\0B@q\0wwu!\0Wu\0wwwwwwwvvvwwe\'0g@ve652S3p\0wG\0\0RSQsCRQrU05%54ssSWw1t0qqpSqS7wP\0\0w\0WwwV%u%wp\0wwwwwwwwGwsCRprG5g7%2a!c760\0sB\0\0uersuqa4rW2WWw\'1q%wCSRps6`\0\0`S\0\'wwqaCwrT7twwwwwwvwt4saCusFsBS73a3s\0t%@\0\0@SqRW04%5w0%7quwawv5%%5$6SAqswP\0\0g\0Wwwwt5GwRWwwwwwwwwws3s%\'tbVq41\'3rsS773@qD4\0AtV5!wSRG5sqqcwsq7wqqaCSSC`Q\'5wp\0\0\0B0wwwq`5wt0wpwwwwwwt4adwV7W!&ssc73\'3ps0r@\0\0\0tsusRPqq4s\'VWuw%6446U7%qpst\0\0@TPwwwwWCGwGwPwwwwww3sWsds@!cq71s5sSs37\0uG\0\0Ce%7vWCqucWswwW7SSqq2PRsu\0\0\0\0 wwwwwwpWw\0WwwwwwadbVS43773s\'2s#63sss\0Gp`P\0\0@`GSu!qwgWR1wwSqgwcpSCesSqss5p\0\0t\'wwwwwtvWu\0wpwwwwwWsW3%#ss\'3s53ssR71s@p$\0\0t0t7Upw75wwwww!a575u%%%%%wp\0\0Cpwwwwww5waGtwwwwwbV pss6\'3a73s5371r3\0u%\0@\0\0pWqqGgprpSSCCusWuwSuqv5\'p753Rt\0\0\0@0wwwwwwtVwtw\0wwwwwW3ss7573s72s63csr770rC@\0\0GgV7qqw6Ruw75wwwwsw1t5wPppRP5w\0\0\0@$Pwwwwwww%wwpwwww p33a2s63cs72S75#3qs\0pT\0\05qwCAce5qWsV7wwwSVS!sq\'75\'wp@\0\0\0PS wwwwwwwTgw`twwwwss63w1s3q73s35727\0p$@\0\0GvWAsWsUsGw#W7SWwWsv77cV47SSCSpwp\0\0\0\'Gwwwwwwwwwuw\0wwww333ss3r73ss63s\'2qw3pw\0\0@4qsrS%7W45%A%sww7wwqwSW5sRqappww@\0\0\0PW\0wwwwwwwwaGw@wpGwww6s67C73c\'3ss\'3s73#0\0q`d\0\0G6WpSau\'uws7Su0qwwqwswssCw7Swqu\0\0\0\03\0wwwwwwwwwwwpWt7www3s3q33c1s63s71sssrp7P\0\0\0Guwau0Uwe5t2RWwwwwsvW%u7pqaguww\0\0\0@@4\0wwwwwwwwwwAwwwwwws663w77#s3q7\'5s\'3c32\0G@`@\0\0r5swp52SrsW77wwwSsScu7www04\0\0\0\0q\0wwwwwwwwwwtwpwuwww3q3r3ass\'073s273a72ss\0p @\0W\0wCS4u5uwwvwwwwwwWwwwwwwCS\0\0\0pwwwwwwwwwwwPwt7wwww63s737sss\'771s73s5\0p`T\0\0wqe\'upsSwcsesSSWwwwwwwuswu0t\0\0\0 \0wwwwwwwwwwwpWwGwww73r3c3Sc6\'3S1c63s61r\'\05\0\0@\0WqpusPw%7wwuwwspstwWC\0\0\0\0Pq\0Gwwwwwwwwwwwwww7RSgss7673ssqc7\'3s7416Sp\0W$@\0\0u wp%7wwwwwVwwwwwuwVww5%\0\0\0@@\0q\0wwwwwwwwwwwwwwwwcwwW3c7s3q37373sq73GCc\'W\0pS@\07Sw!0RPqqwu67wwwwwwwww5 @\0\0\0$p\0wwwwwwwwwwwwwsCsWwwws7r6567\'sss#a%G25uqc\04@\0\0GppqpA!057wsSuwwwwWwwwwwwRQp\0\0\0P\0wwwwwwwwwwww7wWwgrs73s3s3s770rVR6V667@\0w\0p\0\0\0wWRSRRwSwwwwwwwwwwww%6@\0\0@@\0q\0gwwwwwwwwwwwSGwwgw57Vr6s563w7350vwwvww5w7\0Ct`@\0\0Gqaqp 57guwwwwWwuwwwwwsSq\0\0@\0@Cp\0wwwwwwwwwwSsgwww7%www3s7#3s44&w555swuwws@7\0P@\0\0w0wwuu7Wau7GWwuqEsWwwwwwwt\0\0\0@\0\0wwwwwwwwwswWwwqauwwvws53ss47%aCsqcSCrsuswwwwp\0W$\0\0Wuw6t!sCV7wwu4sWwwwwww\0\0q\0wwwwwwwqcSe6wu47wgwvww7#43CpC#BV5\'757susw7ww\0pA`\0\0wuwwuwSWGw7W7u5wuwwWwS@\0\0\07\0wwwwwwwwwwwww\'wwwwwwww3s3aar6qG75w7Ssswrwwwwwp\0W$@@@\0wwwWwwwssw7Gwu5WWwwwwWt@\0PBq\0wwwwwwwwwwwG7Wwwgwgwvw43@rRW4qc\0sqsw757ssWwwww@SA`P\0wwwwWwwtsGSwu5Suwwuwwsa\0@wwwwwqewwwwwwwwwwwwwwwS73a7%\'!cswg63Csaw7swwwwp@w\0wwwwwuwwu7wWWRuwWwu7qwu\0Aa@q\0GwsRVRSWwwwwvwvwww567G@rrRV0ss7Rw377sqw7wwwww\0wAB@\0wwwwwwuqwwwwwU5wu6WWWSG%sv\0P07Wwwwwwww%vwww7%5%#aw4wwSss77wwwwwwt\0rAB@wwwwwwwwutu7wwU5wwt%`Sp\0\0\0\0\0@AA%7wwww7wwwwwrR3qw7#sw7w500tqepu77wwwwB@WQd4\0\0Wwwwwwwp\0RWWwagWw@w\0P\0\0\0\0\0\0\0RRuwwwwwwW%435%sss3s77sq0cw7777rTwWwwwu\0we@E%%t4RT\0@4WwwwWQwwPG@Ww\0\0\0\0\0\0\0wwwwwv7ssw377rsw77RP4771swwwpwWwwwt\0w@R@\0\0\0\0\0\0\0\0PsWWwqwwTpp7\0\0\0\0\0\0\0\0\0\0\00q!Wwwwu77ssssssc57CS1%75CAC1puWWewwwwt\0CwPP@@C@\0\0\0\05eswwt%pRTwP\0\0\0\0\0\0\0\0\0\0!ASP1wwssw27777773arwpCsGwug@qwwwwwwpwpAae$\0@\0CWWWwWV@w0\0\0\0\0\0\0\0\0P!%www7usssssqrV%!\'S\0GtGvWwt5\0Wuuwwwww@w4Ae!$qwwu4\0E7w\0F\0\0\0\0\0\0\0\0\0\0\0\0\0!0q7sww77\'770cacsWu0WwpdpGu5twpa5wwwwwwww@\0ww\0@DDT%uwR@usu \0Dq@\0\0\0\0\0\0\0\0AaqWwssssssqg7ce0\0CtGvFRWDCwwwwwwwwt\0\0ww5\0\0\0\0\0\0uwwt\0\0Gw@\0\0\0\0 \0\0\0\0Sq1wwsss0c7Ccp47Cp@tw@`VW5eeq`dpuwwwwwwwww@\0wwwvqcPtwwww%\0\0Gww@\0\0\0PAACP7psw7w77gw6wp4\0wV\0wDv@@CSwwwwwwwwwwD\0\0\0Aau7WwSRPp\0\0wwwp\0\05% 5!Ppqsw7rs7!%%wwwP\0aw\0VwWuwetduwwwwwwwwwwww@@\0\0\0\0\0\0\0\0\0\0@Gwwwww\0 pq0APp5qGwsw7wwwwwww$pwPv\0WaGGVvWwgwwwwwwwwwwwwwwvVD$egGwwwwwwt%0 SPqquswsss!%wwwwww5\0B\0Bd@evtpuwvWwqwwwwwwwwwwwwwwwwwwWwsWwwwwwww4\0\0\0\0\0\0\0QS1q0q5%T7wsw77wwwwwwwt6WpBECGGegvVWwwwwwwwwwwwwwwwwwG0CTwwwwwwwwA\0\0\0\0\0\0\0\0\0\0aqSu!wswscswwwwwwwsP@\0A`pp%$$`VVWeegwwwwwwwwwwwwwwue5\047wwwww\0\0\0\0\0\0\0\0\0\0\0\0P\01qpsPswsssswwwwwwwtp\0t\0\0AGgwuwwuwwwwwwwwwwwwwwwwpRq4SuuwwwwwqA\0\0\0\0\0\0\0\0\0 445557wswsswwwwwwwww5@@@@w\0GBVuwwwW4uwwwwwwwwwwwwwwww\'wuwwwwR\0\0\0\0\0\0\0\0QCSW0sw7sr7wwwwwwwwp\0`@\0vwuvuwW4qwwwwwwwwwwwwSt4ppBsAsGwwwwwwS\0\0\0\0\0\0\0 A40540w7Cs5wwwwwwwwwR@\0@d\0A@RGuwWuwu5U5uwwwwwwwwwwwSWe1utsswWwwww@\0\0 @P0ASAw7Vwwwwwwwwwwwq$`@D$$4SvSWV7CRWwwwwuwwwww\0sAp@qutWwwwwwwP\00\0\0@\0AA0aswwwwwwwwwwwwwwwR@\0@RP$\0CAeupu4uwWuwwwwwwtwwww\0q@0pPpsswWWwwwwppP\00Rwqwuw7w77wwwwwwwww0\0@\0P%$5qauqu7W7Cuwwwwwwuwwp%BPw\0eGqwwwwwwwwP\0Caa!ACwwwwvw\'wswwwwwwwwwwwqt$g@DPCWRuuuuwwwWWWwwwwwP5\0\0\0sG!wWwwwwwwwwqa\0\0PR7wwWwswwswwwV7wwwwwwwwwwGwww\04UpRwwwWwwwww7wwww@0\0\0@qGpspWsWwwwwwwwwwpqa%%%%wwwwwuwwsww77wwwwwwwwwwwq%wwwW@$SqaawuAuwwwwwwwupwwww@4\0 @rqG6Wquwwwwwwwwwwwswwwwwqv7sw7usWwwwwwwwwwwwwv56SPtu PBQqgW5ewwCuuwwwwwwwSWwu`\075wqewgswwwwwwwssw7wwwwrSgwwwwuswwwpwwwwwwwvsqqvwp44r\0paPq0uEw7wwW7wwwwwwwwsww@\0rSgSAw5uwwwwwwswwwwww7swww7ww7swwspwwwwwwwRStwvwgwsPup4@%4wSsW5wvWwwwWwwwwuwwA\0\0qG4qwt5wvw7wwwwwwwwwwwwwww7u76wwgsGwwwwwwg6wewvw7GwqGCu7300wWuuwswwwwwwsw4t\0as\07qapw7vqwWwwwwwwwwwwwswswW7wwwg5wwwwwwwwuwWww%4ugwwvwqsw3q5q1q5wwwuwwwwwwuwR\0\04uwsWqwwswWwwwwwwwwwwwswswwwqsWwwwwwsSg6vw\'cawgvwvwesBW6Ss`e7Wwwwwwwwwww`R\0qaRWwqe4wwuuwwwwwwwwww7swWqwwwswwwwwwww7wuwwwsuvWwwwwgwWsS3wssSuwwwww5wwwwpr7asRSGvwswwwwwwwwwwww7wwwrWwwwww7W7wwvwt7Gwwgwggwww`w75cw#gu0147wwwwwwwwwwwpAqatvwqwuwWwwwwwswsw7wwrSwwwwwwwSwwVwwwwwwwgwgwwgqvrSc57qASWwwwuwwwwuw@sPwg5wpw7wwWswWwwwswwwWwgswwwwwww\'swwtwt7wgwvwwwsqqgaw7SawGe!01q3qCwwwuwwwwwwwtB#e0wqCvrWqw7uwwwwwwwwwwsSwwwwwwrsqgvqg3vwwwwvwwvwWgww477v535w5757wwwwwwwwsw7pA`WS7puqwu%wuwwwwwwwwwwswwwwwwsw7WwwuwstwwgwwwwpwwgwggWu\'w2Q6ws!0CSwwwwwwwwwwww571%wpsww7wwwwwwwwww7wwwwwwsv7wwgvsrWwwwwwt7wwwwwSqs\'SqwsSsQqWt!%1wqwswwwwSwwsVqGw0wWwqwWwu7wwwwwwwwwwwww75wGwqqvWwgwwwwwwgww7677Wsscqc07pSgwVuuwwww7w7wwsgw7sGWsCwwuwwwwwwwwwww7rWgwww77wwwwwgwtwwwww3sCsrs75%1\'57SCq51wS1%wwwgwwwwwwwwwwwqawqspwWwwwwwwwwwwwwwwCwwwwgsewvwwvW7wwwww57Cs777\'w3SSCw15SSwRwwwwwwwqwwwwwwqvpwwAgu%r7WwwwwwwwwwwW57wwwwqsGwgwwt77www7%rsswssssWw07qqqprp1s51%wwwwwwqwwwwwwwwqw7qww5w7uwwwwwwwwwsrwwwWcRwwwwwwsspvwwwsGw77773csssw34w51w5uSwwwwwwwwwwwwwwwprwwqwwwwwwwwwwwW7wwwrwwwwwws%74wwrw7wsssw7cwsrss45#q0wsGsSp47141GwwwwwWwwwwwwwwwwWwqgwsvwwwwwww77uwwtw7wwwvwcwsewwsWsGswww77777776ssVCGsu0wwwwpWwwwwwwwwwwwwsu%7wwwwwwwW7wuvwwsuwvwwwsW7Www4v7wswsssVsSssqss773q7sSw05305waWwwwwwwwwwwww77wSwwgrWwwwwwu7wtwvwsRwvwwwsCw7gw7wcqwsww7ww77757757sS5sRScW!cS4pwwwwwwvwwwwwwwwwwwwwqasuwwwwww7wwwwsw7wwwvww7wRwswv5wwws7Ssssscrscrs3cs%755\'1s45rSgwwwwwu7wwwwwwwvsWwwwvwwWwwwwwu7wvwwvw5gwwww57qruwWrSwwwww7sw7777777777cs1W73C!srqsWwwwu7wswwwwt7swswwsqwwwwwwucwwwwwsqwwwwww7sagwww6wwwww7Sw7srssssssss77\'5!R73cw51wwwwscwwwww7wswwWwwgRwwwwwwwsswwwwu7wvwwgqpwwwur47wwwwwSswss%7575757sSsscw%u51qasw7svuwwswwesWwswwgswwwwwwwrwwwwgw7wwwwwwsv7www7r5wwwwwww7w7w7ssrscrs\'6767773s3awqswwwcVwssswwSswgwwgwqwwwwwwsswwwwu7wgwgwwRwqvww7RwwwwwwrScss7sw777777ssssssss777Cwww7%!w7w7wwVqswwwwwG47wwwwwwru\'wtwCvwwwwwwcu4wswCwwwwwwqcW7Ww7w77ssssss7777704rVRswCCaasws77w7777wwww777wwwwwww77wgvsswwwwwwq\'\'w6Wsswwwwwwq77sw77sswsssssssssssssww7sw77w77777w7wsswwwwwwwwwwwwwwwww7wwwwww7wwwwww77wwwww77wwwwww77wwwwww7\0\0\0\0\0\0\0\0\0\0\0\0\0\0\0\0¢­þ'),(7,'Produits secs','Fruits secs, raisins, autres','/\0\0\0\0\r\0\0\0!\0ÿÿÿÿBitmap Image\0Paint.Picture\0\0\0\0\0\0\0\0\0PBrush\0\0\0\0\0\0\0\0\0 )\0\0BM˜)\0\0\0\0\0\0V\0\0\0(\0\0\0¬\0\0\0x\0\0\0\0\0\0\0\0\0\0\0\0\0ˆ\0\0ˆ\0\0\0\0\0\0\0\0ÿÿÿ\0\0ÿÿ\0ÿ\0ÿ\0\0\0ÿ\0ÿÿ\0\0\0ÿ\0\0ÿ\0\0\0\0\0\0\03\'3s3ss73s!wvVw4w!&WwwvVwvwwwtpwwwwwwwwwwuwwuGWwwwwwwwww7wwwwwwwwwww7wwwwwwww!6w\0w\0\073s72373s7!sa7wvwsawrWwwgwwvwwwwwwwwwwwWwwwpwFuwwwwwwwwwwwwwwwwwwwwwwwswwwwwwwRA%vp`3\'s71sssr73ss07cGwgVrs7gwwgwgwwwwwwwwwwwwwWwtGWVwwwwwwwwwwwswwwwwwwwwwwwwwwwwwwwRcv733s73733s773ssswVWwWGw\'Vwwgwgwwwwwwwwwwuwwp`pueGwwwwwwwwwwwwwwwwwwwwwwwwwwwwwwwwpCws7s72ss73s#773su#cw\'gwavw7CGwwwggwwwwwwwWwwwtwew%wwwwwwwwwwww7wwwwwwwwwwwwwwwwwwwww03s72s77#ss73ssc755\'WRwwu6swwGwwwwwwwwwwWwwwtwtWFWwwwwwwwwwwwwwwswwswwwwwwwwwww7wwwwps7sw3s773\'3sw7373ss1#7VVvutsswvwwwwwwwwwwuwtTgFu\0tuewwwwwwwwwwwwwwwwwwwwwwwwwwwwwwwwwww723373s3ss73237sw777sCswwvwtwssWwwwwwwWuwwu`eBWuwPGVVWwwwwwwwwwwwwwwwwwwwwwwwwswwwwwwwwwswsss\'3w3737sss733rs7747wwwaewswwwwwwwwww`GVwpdeuegwwwwwwwwwwwwwww7wwwwwwwwww7wwwwww337373s3ssv37773sv77sssswvwwwwwwwwwwwwwwpRS@@GGR@CGV\'gwwwwwwwwwwwwwww7wwwwwwwwwwwswwwss3rs73r733ss7#s\'3ss7777swqwwwwwwwwWwWuwtdRVVdWVtvq7Ggwwwwwwwwwwwwwwwwwwwww7wwwwwww73773q73r7773s77773ssssw7swwwwwwwwwwWwwq@BP5a@D@gtGTu\'v5wwwwwwwwwwwwwwwwwwwwwwwswwwsw3rs3s7#s73s7\'7sss7777773sw7swwwwwwwwwwwd$\0@@@D\0GwwFV5&rRGwwwwwwwwwwwwwwwwwswwwwwwwww777773s71s73s3s77776777w77swwwwwwwwWwwtP@BA\0\0\0\0t@wwpGWGGRW57wwwwwwwwwwwwwwwwwwwwwwwwwws33s3s73s63s7s7s73sssss3w77swwwwwwWwwp@g\0\0@\0\0@wutttwebG!gewwwwwwwwwwwwwwwwww7www7ww777673s63ssss3s3sg7777swsww7w7wwuwwwwtuvEe\0\0\0D\0WvV7etRwwRVswwwwwwwwwwwwwwwwww7wwwww3s3ss\'7373737\'7\'73sssw7sw77wwwwwwwww@RGGu4pPW\0wutGu\0vTCGw%$gs\0gwwwwwwwwwwwwww7wwwwwww76w7733ssw3sssssssssw3sw7wsw7wwwwwwpD$gWGDew`@wwFDgtGed4$wqpwsWwwwwwwwwwwwwwwwwwwwww3s33sss733r73ss777773w7ssswwwwWuwwtpBPEv@G@wtD\0Ep@VTwvw@FsVwwwwwwwwwwwwwwwwwswww77w772s677773sssss77sw7wwsswwwwwt\0G@@@RFu\0E@@@up@d\0EBegGcscBVwsDsvwwwwwwwwwwwwwwwwww3333sss73s3s773s776sw77ssswwwwwww@TdBD44@WvD@@Vq@tEGu%cGGrV%cwwwwwwwwwwwwwwwww7w%!777sw777\'7\'7\'73w3ssw7wswuuwwp\0@a`@@V@Dt@ww@\0\0D@@DFTVRugse&sG5cF$0f7wwwwwwwwwwwwwww33sw!#S733ss33ssssw3w77sw77swwwt\0B@GA4\0GPwVt@\0\0peeGwgSq$vVtqe\'Vwwwwwwwwwwwwwww%!tpw73s7w37ww777737sw77swwwWwt\0D4\0Gp\0Gwteu\0\0@tuwDeeewvRS!&vSe$cgwwwwwwwwwwwwswsw4pr703ws33ssssww77wswswwws@\0dwQ\0\0t\0\0Fwt@t\0\0\0\0@GwqGBVvwwvVcGtvwrspWwwwwwwwwwwwtp5swuasS#Wwssssw3swssw7wswwt4\0@A`\0d\0\0WwpAWp\0\0\0wwvueegwwwf0rGw4 605wwwwwwwwwwswwCgRswg\'33sssw7w777wsw7wwt\0\0G\05@\0D@\0w`tevw\0\0\0\0\0@wwwuPFTtvvvtwvS%rwVVWC\'wwwwwwwww5rwt7Wwwv7u67sssswwwswwwww\0t@P@\0\0\0Wt@VPt@\0\0D$wvWe$GVRWgGgdgwCGecv4v2SwwwwwwwwwC547wrRw57ecqswwwwsssww7wwp\0\0G\0\0@v$V\0w\0@\0@\0WuuuW\0eedwewwvwwwsrtGqd6sGwwwwwwrww7Rwwtvwswww77sswwww7wwww\0@GC@\0\0wTte\0@V@@\0GwdwBPueVVwvwvtvwww\'q`gwCFc0wwwww54sww7%7wqwwwwww7wsww7wwwwwp\0\0\0@\0@\0Wpg\0\0V\0\0Ew`S`Gt@EdtvwdvVwgggvw\0Cwqcc4gwww7wsswwwwwwwwwwwwwww7wwwwwwq\0\0@\0@P@\0GwtDA\0\0@D\0\0\0vqEvTVS@GpGGCVwwgdvwGGwa\06vFGg6RCrgwsw37w7ww7wwwwwwwwwRTFDdwwwwww\0@w\0wC@\0t\0\0@BPtwuDu\0\0D\0wDt7\'gwwewvvwwsSqdqg7$1wwswwwswww7wwwwvu`@@\0\0\0\0\0evwwwv\0\0\0\0tTt\0\0\0@wwwst\0w\0\0wgG4u7Vwvwwegwvtpq&gGGesC37s7ssswww7wwu%\0\0\0\0\0\0@\0@www\0\0\0Wt`@D\0\0\0\0wwAD@GP\0\0\0wtwG\'ag4wggVudgggrQ!44qrtvswwww7wwswwwwe\0\0@P%eerW\0@Swp\0\0Dqee`E\0@\0\0\0Wwu@q\0\0\0DwupGvwVsV6VwgggwtvwvsCs&gGsVs7vwwwwwwwu\0\0uwwwWvwwu%\0w\0\0\0GtG\0\0\0p\0@dww@GP\0ww\0wVwgcWGwvvwwGGwtvcFeww7sswwwwwu\0\0WwuwGWweuegWwwA`p\0\0p@@A@@P\0\0D\0Dw\0D\0\0\0wwD\077vVut624\'qegfvvegggaa756vwwwwwwwq@\0wvVVWww5wvTuduwwA@G\0\0\0@B@t@\0\0\0wDged\0A\0\0\0u@\0\0swwwvweecSvtwwgVwwgwvSC7swwwwwww\0wGGwWwupVSWdWgWwp@\0\0G4\0P\0@G@@WP@q\0\0u\0\0wwwwwVVSa`vCgGwfwWGgwvw3wwwwwwwwt\0\0twtWpwS57WDeEgwWe\0\0\0\0P@w@@@t@gP@@@ut@\0wwwwwwv7\'egwat6qgwggvWggFGwwwwwwww\0\0wwDwdRWu%40PqtPWWwwtP\0\0@@@@@\0\0De@e`V@\0\0wt\0\0\0gfVwgwwugSwC`vrSe\'gvwgVwwvwwwwwwwp\0uCGDSEwWQA\0Vegeeeww\0\0\0\0@\0\0G@GP\0@P\0G@ut\0\0\0TtPdegwgCwWGgRG\'74gwwgwwgwwwwwwq\0EwVt@Eewu1Wsp@WWWWWWwwu\0\0\0D\0\0Wtq\0\0R@7wWC@\0GfFFGdtF@B@ww@csFT6sCBCqGgvVfVwwwwwwt\07vFVWwWqwSQR7wwwwwVWwt\0\0\0Dts@D\0\0\0DGae\0\0DttugVVGefTdFwpCs\'ettw42sqgewgwwwwww\0wduwuw5wUq55Wwwwwwwuww\0\0\0wtDa\0\0\0\0D\0wT\0\0VvvVgFdgdtVdtB@dw`50rvgegGacCrwwwwwwwt\0ttugWtuwww40AwwwwwwwwgWt\0\0GP`P\0\0\0p@GP@@\0GtttedwGVVfgGFtddursRV56%6GwwwwwwwGGuwwwwSQqQwwu5wW7uuww\0\0\0t`@\0\0\0GTpu\0\0gGggwwvwgguttgFTd\0d53%#rVevVpr00wwwww\0wuwqwqwwwuwwwwwwwwwWt\0\0\0w\0\0`G@@\0gwwwwvvwwwwgggttfVF@Gf73p0qrVagGgwwwwt\0wtwWwau5wwquSUwuququwwwwww\0\0\0EpDa@P@@W@\0\0wwvwgvwwvwgwwwvvvVedtas3s!vTg%6wwwwpwWwwu57www51!P\'wW77SQwueuwt\0\0D\0\0`@w@@\0\0wwwwwwwwwwwwgvvwwwvVed`Dd\'773r1\'4Wewwww\0GuwqqwwuwwwQW1\0WwwuASSGuwwwwp\0\0p\0@wT\0\0wwwvwwwwwuwwwwwwwgggvVed`ps3733RRrVwwwu\0vuww5qusWwq01quw15eqqwuwWw\0\0\0\0@@Ww@\0\0wwwwwvvvFfVttwgwwwwwgefVF@F773qss3!%\'wwww\0wuwu5pwsWqwvC!wwuSCwV5sGuwT\0\0p@wT\0\0wwwwwed@TAG@t`egwgwvVee`D`sp367773wuwp\0wWwSwWsVu0QqSQu5w5wwWtuwwp\0\0@Ww@\0\0wwwwv@Au7wsQEBFwvwetd\0E#7733#373wwwPwwwwPuwsuqsq!CwwqP7wwuwuwpGp\0\0DT\0\0wwwwd\0Ag7wwq5us5PDgwvdVTcs373SsS7wpwpwWW5quuwwqaqSppqqW5wSGWGqgww\0w\0\0\0\0\0\0wwwwd\055w7w113S7WwwFd\0G3rSc3#63wPwPwwwuprSWwwqW!u\0\0ww5wwA5u5twWuwPWp\0\0\0\0wwwwtAqqsuwwqS%s51w@Gvuadd3373s3swpw\0wWwSqQusWwws0uwwww7w0wwuwWw`w\0\0\0Wwww`@wssw75Q1Sw\'vtgDc77373s3wPw\0WwwqpW7V5wwwqAqpwP\0uwwqWWWVwwwPWwp\0wwwd5wQq57wu07q!sQ11151w0gv@g@Css1c5#7w\0w\0uwWq1qaqWwuwWSpwwwusWwwwwWWwpww4wwwwA%7sSW7s11SS15w\0wwD`D32w7373w\0w\0GwWwWPWwqSSuquu5\0WwuwW%wwWwwWwwwGwwwDSsqq13Sw!105q1177spvpeCs33s3sw\0w\0twusSW5wwQ!QCw7P5wwwwwWtuwwwuwuwwwwwtq%usCQ711SS1P755\0gvD$777\'73w\0w\0Gwwwu5wWwu1Q5uwu5u7wwwwwsSRuwWwwpGwvwwvAq753qS11C71501qpwp\0vv@C3r3327w\0w\0quuwwwwws\04wwwsWwwwwwWPASwwuwwwuwwu7Sw71%1q43QqSS1SswPtds773w\0wwwwwwwwwu7wWWQwvWCWwww54twwwwuwwwwD5sqp1111q!0111015w77\0gt@3s33sw\0w@wWwuswwwq1\0 WwwwwwqqSGwwAAquwwWvwwwt75Sss11!7SQqs0s1uwGgcs7673wwwwwuu7wP\0PwwwwwtP4wu5GwwwwqWwwwA55sq!SsQCSsSSwqvD3c3s\'w@wp\0wWWSwwww1wwwwww\0sRP7WuwtwwsAqs7S51sA57sq551!57wwbCs773wwt\0wwuSWwqq\0u1q7wuwWwu4Wu4WwwwuGwwT11Sq1Wqq17wq1q7sw10Swpt7333swpws\0uwqwww1PWwwu7wS@7SAwwuwtwwCSSq71173sW71q7Cq1q15%7w\0vC3ssc3wtwu\0wwW%ww57wwswqSp\0u5%wuwwwwp1ss7s1051sSq1s70WwPv7273swsww\0w7wwwqp5Wwwutq4AspSWvWwdwwT5!505337715SWw1AswwpR3sss7wuwwp\0wWWVwwqS\0P5sWvqq7\0euqewwwwQwwaq153S1111sqq!11S55517wwQ5wwwwRe#3373wwwwp\0ucw7WWwS\01SuwQSssWswuwuww5515111qq71157wwwq7s5577\0p53swwwww\0\0SsQqwqGq\05q75AAwuusuuwRWwpSs1!5wSq110755111SQ1uwgB323wwwwwp\0\0EwwCSwPS5wwwuwvwwtwT7Qqwq3q1s11w1q1Cq7BG12wwwwwu\0\0@\0Stq\0@G5%5q\0wawWwWuwwQwwpsq31170S111sss1q7u7Cw4 awwwwww\0\0\0SPAw55a1wQ\0wWWwWvWwuwwq5311ssqqw51101wQQ57wsCCVwwwwwwp\0\0wSeqpwtwwu5uwuwqwwUwwdwwCS55701Sq3w557S05qq15RwWw\044sacwwwwWww\0\0\0WwWwQuwQwwwwwwpWu5vwwuQwwtS1q513S7751s7w111Spwsq57wPccwwwsrwwt\0\0BVU7wwpwvWwwwwwwW5wUwupwwu%q1S1RQ51175ssSq053ww51qusWwwt5c`wwwwwSgs\0\0W\0AeuwwwwqwwwwWtwwptwwVwwwpS1q1q311p11SS15115w5\'5SS737wwp\'sR4wswWwwqwP\0\0u\0GSwwWP@wwWWwWuSWWwqaSwwwCqSS0Q577Qs17ssQSWWwqw7sSsww3wwwww7\0\0\0wFWSPwp$wsqu5stqwwtPwwwwtw11151q0110sq3S0W1wqwps337wWw477wwwq@\0w0\0BWSu\0TFWuwpTwwp@wwwwPwS57q1q1!53wwC7wrs3w3sqgwvww0\0\0u5C5$5CGttwwtwwwwwpq1114141Q!17SW0Pss77w4w777wuww@\0\0wu5\0FDDdDPQuwwP@CWwwwwwq53S1ss30555351q5731%3QWq\'2ss33s3rssrSsgwsP\0\0www51QAaSSwwww\0wswwwwp!1515111s1ss51q5u!Q77q1t\0q47sw7w777775sWsp\0\0\0@Www7wwwwwwt@@\0WwwwwwwwV51511uqsq1wwSwsqS5SWww3rW3r3sssss3r5\'7wp\0\0\0\0@VWWWGD@@\0\0swwwwwwwwpW1S3SSPsS11wW3w11qaswwQ110swpcF2w77sssssw7s7%7w\0\0\0\0\0\0\0\0\0\0\0\0\0Vwwwwwwwwwwps1QWw1SWsq1ws1wwu115wpw5a6%3ss777773s7ssscqw5!\0\0\0\0\0\0twwwww7SwwwwwpG61q75551uwS7571!ww1wPag7CV7s7773sss73ssssrwwwwppq477wwwwwwwwwsw%wwwsAww3w7WwSq10sqq5w`rRRv7s7sssw72sss777773wwww7gwvwwwwwwwwwwwswuwSWsQq71C515wwq151wS50w5%\'RR773sss77677w77777swwwwwvSsswwwwwwwwwwwswwq111773Sq3ws11w5577wQqGww5!ass77\'3ss3sc373sss7spwugwwwwwSuwwwwgwwwwww0wsS01q1111Q51wSWw75517wwwwwww73ssssw77s77w\'sssws7747sGswgWwswwvwwwwwwwwqGW511!sSS1111S1sqww73wwtwwwwww777773rs73s3s77737sssp4stwwvwwsGwwwvwwwwwt3sS11115s11q1SwsS0wwPwwwwwwssss77sssw3w7s777s3w77s3C0swwwww77wwwwvwvwq1q53s310q1q57wq1!wu\'wwwwww773sss73s#73s7sss7w3ss77775#Rwwwwwwwwgwwwwp7S11!q111w171Swuw371wvWwwwwwwsss737sw7sssw3s7737ssw3ssssw747wwwswwwwwwwu551qqw73q7151qq1S1wwwpwwwwwww3s63ws33s7773w63sv3773ss73s3sssCVwwwu7wwvwv1Qsqqq3S7w1q11u1wwwwwwwwws717#3ww3sscw3sw737ssw\'3s77w777ssWuwww47wvww1505SS5311w7Ww51R1W7wwqwwwwwwww63cc73w7773w73sss\'73s67sc3sss777\'6wwwsswwtsqsSs1151SSq1wQ%wqqsS7wwwtwwwwwwww17wacss73ssw3ss77777s7s3s7sssw77ssSsgwwwqvw`u55511517w7WsSq51wwwwwwwwwwwwccswwu%\'1g773s77c3sss7s7s7s7773ss3ssqqwwgvqsSSSsS11SSS1wwwewwwwwwwwwwtv7swug3777ss3g73sw3s3s3w77\'srwssssaauwwwt\0q511!q550sw1S50sS5wwwwwwwwwwwwsw7CGwssVq3ss7773s773w7\'3w3sss77377\'77767wvwpsSSSS77S1q\01qwwtwwwwwwwwwwtvwwsrRwwsvu47sss7rsw3sss7\'77777w7\'777ssu\'5cw@w511q11s10w7qSA5q1wwwwwwwwwwww7sssw7w7sRs2r7773773w7763sssssS3ss773773sC4w0w555S51w1S1WwTwwwwwwwwwwwwwpssswssGwwue7Cssssw3w777777773w3ssswssw3ss0u\0Gw11113Swqs7wwwTW6wwwwwwwwwsssvwWww7sGrw7G7t45773w3ssssscss73W7773773w3773s\0ww5557W77w51qwwsCv4swwwwwwwwwps47277sssu\'w7g7w\'#S3w77777776ss7773w3ss3wssssp\0gs50q0wsSQ7swwWCcCCawwwwwwwsvwwwGSswwwsqaawwswwW\'73s773ssss763scs#s77s377777SS1ue5qw1WwSwp\0cvwWww%\'swwww47qew7\'aqcsww7746tw7rRR3ssw7777ssss3ssscs#scs\'3\'7\05q17w1!7wu55wwwUu56ggw\'4444wwwww7Gqw\'77777wsq7Gwwwpr753ssss777773w3s3w7373sss70\0WwuwWuu5wwwwwwvtGgwapsugVtwvs&qewwspwwwtwCGsswwsssCw7wuars7777ssssss3s7s3ssss737777\0wwwwwuwwwwwwwGwvwvwe\'qgcGwGprw7wwww44t7777%673wswptscw%%!css777777773773s73sss73s7@DuwwwwwwsVVvwvvvwvwwcCCTw`vWewwwwwwwsswwwwwsswwsww7swwwwww73ssssssssssss73s7373s73s731aCEettueeaacwwvwwwgwvwwvwcrWwvwww\0\0\0\0\0\0\0\0\0\0\0\0\0\0\0\0’­þ'),(8,'Poissons et fruits de mer','Poissons, fruits de mer, escargots','/\0\0\0\0\r\0\0\0!\0ÿÿÿÿBitmap Image\0Paint.Picture\0\0\0\0\0\0\0\0\0PBrush\0\0\0\0\0\0\0\0\0 )\0\0BM˜)\0\0\0\0\0\0V\0\0\0(\0\0\0¬\0\0\0x\0\0\0\0\0\0\0\0\0\0\0\0\0ˆ\0\0ˆ\0\0\0\0\0\0\0\0ÿÿÿ\0\0ÿÿ\0ÿ\0ÿ\0\0\0ÿ\0ÿÿ\0\0\0ÿ\0\0ÿ\0\0\0\0\0\0\0!1!!\00 Q\0\0\0\0\0\0 \04\'Pa1aq3RRCAa!@0\0\0\0\0\0\0\0\0\0\0\0\0\0\0\0\0\0\0\0\0\0\0!!C%%\0 p0p\0\0\0\0\0\0\01!S4046CSQC5#BR`\0 \0 \0\0\0\0\0\0\0\0\0\0\0!1AP0p04R\00s\0\0\0\0\0\0!\0\010q@prSSSqsAu%467acCR5%%$p\0\0\0!\0\0\0\0\0\0\0\0\0\0\0\0\00\0!! CC\01!!q\0\0\0\0\0\0\0p!1aa0\'544746sw75%%vqq6\0\0\0!\0\0p\0\0\0\0\0\0\0\0\0 \0\0!BP0%Cv\0\0\0\0\0\00SCu\0qssSWsSGSSwwqt!eQp\0\0\0\0\0\0\0\0\0\0\0\0\0\0\0\0\0!Q\0q\0!!#040q\0\0\0\0\0\0\0\0a$%!4417Cwu777wwswu7Sw7wwu2sS\'@\0\0\0\0\0 \0\0\0\0\0\0\0\0\0\0!001Rq!7P\0\0\0\0\0  CQ3SCqwp7SswSSwsGww7w7SucG4qdR \0\0\0\0\0\0\0\0\0\0\0\0\0QC A a%0\0\0Cw \0\0\0\0  T06577G7ww7ww4wwwwwwwV5wwwqw%!A\0\0\0\0\0\0\0\0\0\0\0\0\0\0\0\0!00001!!41w\0\0\0\0\0\0\0SQsCSwwpwwwwwwwuwwwwu\0@\0\0\0CqgRRA\0\0\0\0\0\0\0\0\0\0\0\0\0\0CS\0%\000\04w\0\0\0\0\0!@p6su7w7wwwwwwwgg%%\0BADt p@F\0A\0@550p! \0@\0\00\0\0\0\0\0\0\0!\0\0001Q CRABP57w\0\0\0\00u5swwtwwwwwwRpTdFFvf@DdddFFCGP\0\0\0\0\0\0\0\0\0\0\0\00\0!!A000\07Wp\0\0\0\0esusswwwwwwww@@dDfVv\0@d\0\0\0\0\0GgFBD\0!%40\0\0\0\0\0\0\0\0\0\0\0\0\00\01R$cP1CS7p\0\0\00!a45swwwwwwwttdt`@`@ @\0F \0\0\0@$gP@@P\0\0\0\0\0\0\0\0\0\0\0\0\0\0\0\0!\0 1ap0@!Cwp\0\0! Gsw7wwwww\'\0ggd\0\0\0pGd\0\0DFDd\0\0\0Fdd\0 \0 \0\0\0\0\0\0\0\0\0\0R1!1A1S!Ssw\0\0\0 41!pw7wwwwwv\0DFd@@@\0\0\0u\0\0\0\0\0\0\0\0d\0V\0\0gD\0B\0\0\0\0\0\0\0\0\0\0\0 \0\0\0RP`0a a\0!q57w\0\0 \0!qswwwwww@@Ggg@\0\0 d\0d%gR\0\0\0\0\0\0\0@\0d@\0\0Fvt\0\0\0\0\0\0\0\0\0\0 1!1!!A1 Q%7p\0\0$! 754wwwwwdgd@\0\0\0G@@www\0\0\0\0\0\0\0\0\0tv\0gF@\0Ft\0\0\0\0\0\0\0\0\0\0\0\0\0\0R\0\0!\0p!1swp\0\0qsSwwwRDvwv\0pF@@s1ww1\0\0\0\0\0\0wwp@@\0\0\0FdA!\0\0\0\0\0\0\0!1!pR1!570\0@0474wwDFvF \0d\0d!1Sq310\0\0\0\0wp\0\0\0g@\0\0g@\0\0\0\0\0\0\0\0\0\0\0A\0\0$0\0!0!C3qq\0\0aqswWudwg@\0G@p\0Aq33q11S1\0\0\0\0\0\0\0\0\0\0PFt`\0\0@\0\0\0\0\0\0\0\0$0R3\0q5567\01C45777gGfvP\0Bv\0\0eq37313s3ss\0\0\0\0\0\0\0\0\0d\0FT\0\0\0 \0\0\0\0\0$0aC51%0SsQq\0\03SSSwtvd\0@g`t\0@GwR1533w773733\0\0\0\0\0\0\0\0\0f \0\0\0\0\0\0 \0 \00Q\01a!!S453Ssp\0pa7577wvFw\0DF`\0\0wv371ssswqs110\0\0\0\0\0v@\0`\0\0\0\0\0@\00!!aBSPq0S57\0\071sswwvwwd\0Ft\0\0G\'wp!1sRq\03w31w03q0\0\0\0w@\0\0\0\0\0\0 \0 0QP\053A75\'\0TsW7wwwwFF@\0\0d`\0www01 111\07w71rs010 \0\0\0Ft\0@\0\0\0\0\0\0\0\0\0!01%!A61qsSs77wwwvv@\0\0P\0\0\0Wwwv13ss71\0wsw1rq71011\0\0\0F\0\0\0 \0\0\0B\0\010@q!%ssap\07Swwwwwgg\0td`\0sssw01773w0qp\0\03ws7!s010\0\0\0g@\0\0\0\0 \0\0000%407\0u7\'wwwwwvt\0@wsw7sPws71\0\00\0\0ws3s10011\0\0t\0\0\0\0\00\0 \0\01!ApCCSssc3wwwwwf@\0dp1331sw 1ww7p\0\0\0s\0\0\0 w773\0113103\0\0v@\0\0\0\0\0\0\0\0!R\0\'0pr7wwS7wwwwgP\0\0\0S11sqsss77wsw3\0\0\0CsS\03757!\0@wd\0\0\0\00\0\05!rQ1wwwwpsq7wwwtw``\0373770\01ww7ww\0 \0\0\0\031\0\01177s\0w@f@\0\0\0\0\0 \00\0\0! a#77Wwwqwwwwv\0e\0s33773sw13wwwws\0\0\0\0\013su\0\0\00F\0G@\0\0\0\0\0\0\05015!pq%0wssswwwvfDdas7307s3p\03psww0p\0\01170\077s\0\0\0\01\0\0\0`\0\0\0\0\0   !!50qSwwwwwww@\0d\07s!373qs0\00Q77ws3!\0wpC\0\0wsqqp\0\00vR\0\0\0\0\00!Rq1%0uwssqwwv\0\0\0\0ss7775!37p\0\010\04ww0s ww\0\0\0w7771\0Fv@\0\0\0\0\0 \0!!0002!CRpGwwwwwwvgv\0353s35133qs0\0\0w71w1\0\0\'w7wwp!\0pv\0\0\0 !\0\00p\0ww7wwwGv\0ta73s73351q33p\0\0\00\07s7S03sp\07w7w7gG@\0\0\0\0 \0\0000!0C10qp7\0pqw7wwf\0\01ss73ssq003RSs\0\0\0131w11Sww\001\0\0ws7\0\0d \0\0\0\0 A!\0\0\0!0Pw\0p\0w\0swwwv@t@C3s71s313!33\0\0\001ws37www77s\0\0\0d\0\0\0P\0\0!\0!%A0q%7qwpwswwt\0\0\01u3S7753q000550\0\0\011w1577ww\01w0\0v@\0\0\0\0 00\0 \0!417ppspswwvg\0t\'S3s7s33q75#3S\0\01135773swwssq1\0\0g`t`\0\0\0\0\0\0\0% !p0s0p\0wwwww@\0@D!Sw3773#\0\0\03ws17w777sw3\0@p\0gA\0\0\0 !! \0\040pSw\0s\0w\0w77wv@\0\0\0S33sss710131!11 !5#3w7wssw7s1!\0\0dVDf\0 \0\0A @\0@\015!srppswwwF\0G@1qw73q37a7\0!103537s33ss3ssr743\0\0fBvA\0 ` \00p41qcpuwwvt\0$dd773sSs3qq135!110q07ws1#ww73sp3\0\0@e`0\0\0\0 P\0\0 !!qssp%`P\077wwg\0@`Ss3151330s1!001q1!#S0773w11120qw553\0\0\0v@\00\0\0\0!!!!411\0CpSp7\0qswwtgdp\0\0S7777371qs3S!37s33\01\0\0@\0\0\0P\0\0\0\0@a3Sss0\0pswwwvtF@Fe3SsS11q7312q%!1210517771!sq\0\0\0\0\0\0\0\0\00\0V\0D0!\0\0\0$41!555\0p7777wv@\0g\0\0B133ss3Ss11100s#013w0\0\0\0\0\0\0\0\0\0B\0dfv50B !sA!ss\0q\0CSwwwe`\0V@Dssqq17133S#313q73ww\05\0\0\0\0\0\0\0\0t@\0vCGwwwww5\0`0\0P!3q!p01sswwvp\0`\0d%133sq773s3s1!1011!q31113w\0\0\0\0\0\0\0V\0@g\0gwwss777w50\0 \0A4!!sBp\0p57wwGd\0\0R\0fSSSS73s373SS1!3S7311157p\00\0\0\0\0Fd`\0\0$wss3sss73ae%\0`\0q31s\00!Cqswwwg\0\0e\0@3377753s731703!s3\0ww3\0\0d\0tDGw73s3333372a\0C\0!!!A\'p@1057swv@\0\0\0\0W573qssss71qs1711311113w7wwwr\0F\0\0F`vssss77773s31 $Bpqq3Q!P\0\0qasswwt\0\0\0FFcS15373s53s31s3s1110s173wwwws11\0\0F@\0Ggwss7333373s0 0!!C4S\0p#57wwG`P\0\0\0wSs3s73s7771!sSS111\0vqwwwsB$\0\0\0gwwsss7777333\0 \0ppq01q414101sSw7vgd\0a!\'753ss1q733s33Sqwwwsw\011\0\0\0aFwww73733333\' fv !P6C\00SR7wuv\0\0p\0AS3s3sS71sssS5113wwwpww1111\0vwwwssw3sss3gvGGGgdaa@0103Qp0pq41sSw7vd\0G``\0q#s7711s771111375ww7pwp\0\00\0wwww7737333vvvVGgGA`7c3PR577ww@\0@\0\00153ss3sss7357111ww3ww@\0\01110\01\0\0gwwwwsssssrvvwgvvvvV$4\000341ap1aqsSw5wv`@\0pS1353757777715313wwwwp\0\0\0\0111`dwwwwwww7337wFwgwww`47q\0R11a07SCwswug\0\0\0\0a3qs333s13s3S\0s17w\0\0\0\0\0\00wwwwwwwwwwwwWVRRtwvwtP@\00q5CPRqsSsWGwd`\0v@\0ss377577s73SS\0771\0@\0\0\0\0\0\010ggwwwwwwwwwu% \0wvG 0\0q5\0C#SS57sssV\0\0dw173S33S3S5311!#110\0G\0\0\0\0`\0@DwwwwwwwwwwrR@@@apppawvA\0qq%7!a%4$ssqswstwwwD\0\0`573ss1ss3s311\07W t`\0@\0gtgwwwwwwwwwwDB@\0RG@0\0\05\0P0BR1q7qaqu7wwwwwwwtv@\0q5733337!\0@`F\0\0\0fgwwwwwwwwwue%`@@ACPquppt\00q3Qa550q%777wwwwwwwwwFp\0\0qq53qqsSs33\0\0@\0e\0g\0g@BFwwwwwwwwwwwvVFe\'BDpt7\0P0CSCsSW4cwwwwwwwwwwwt`\0Cs1557333Q37\0gPde`\'wFgwwwwwwwwwwvEdeGFDRTRRWu\0\03Q#5P571sWwwwwwwwwwwwwt@D\01111qqq3\0dD`p\0\0GfwwwwwwwwwwwwGvVVF$\0%\'55%7t\0\00ps7wwwwwwwwwwwwwwwwgg`\0\05753S111`\0\0`G\0\0\0@tDgwwwwwwwwwwwwwwwwwtd@`@aaPgapWsAa #5r777wwwwvvwwgggfwvwtFV\0\0q53q13 PF@\0\0\0\0\0\0wfvwwwwwwwwwwwwwwwwwwwttRV7G%w\0A01qaqwwwwwwdwwvvwwGGvgvwtdwvS511q1wPdg\0\0\0\0ffGwwwwwwwwwwwwwwwwwwwwwtSErSWwprSssswwwwgwwwwwvvvvwwgvwwtdg@sp`\0\0`\0\0wvGwwwwwswwwwwwwwwwwfgegwwww@e%rt5ww1qsR7wwwwwwwvteDTeDeDvwggwwFFGgu!v@\0v \0ggDfFwwwwww7773sswwwwww EdFGFvwwwRWGwP\057777wwGwwtdvvggFgFe\'fvwgwwtvGFTggBGg@Dtdvwwwwwwwwsssw77wwwww EdDtveGGwtaepRSggwpsRspwwwwwwwwGgwwWwggtvVDG\0GvwgwwtwgftdeDtdvGewwwwwwww77sss77wwwwtfFggedddwwV%ww\0555g77wwwwGgwwvdvVVFVDvtt\0gvwwwGwwwwvvrWEgw7wwwwwwwwss777sswwww\0FTeggfVFDFwV5pW4rwwPasp73SwwwwwvwwtvTvVGe`edFFGdD$vwwwwwwwwqwWg\'wwswwwwwwwsw7sswwwt\0vdvvvvdtdGubStsUww\055qt7swwwvwwwGd&D$$DBG@edFvVGvwwwwwwqgpwSe7w7wwwwww77rt4wwwww@eggggdtdBFVgC7wu%!7373Swwwwwwtdf@DFT\'e$B@GGe\0wgwwwwpupw7SVwwwwwwwwwt7wwwwp\0vVvwgggFDd@@w55gww 2qtstwwwwwwvFp@G t@g@dp\0FVVdvtvwwwwVws`wwSv5wwwwwwwwvAwwww@ggwfvtdeFDdduwCWwt!737swwwwvtd@\0Dg\0Ft\0eg`dt$gdwwwww\0wWwwvBWwwwwwwwe!AwwwwFgvgwggvfddD`sCWwwp 00RstsqwwwwwG`\0dB\0DGFFtFBGEwPdwt\'gwwwWvwtu%w77wwwwwvwwwtugwgvvgfgD\0\0\0\0uwwwtAC77wwwwwtd@F\0\0$fpgGddttfdefTwdwwwvRwWusswawVwswwwsPwwwvwgggfwgP\0\0\0\0\0\0wwwr\0RCsqsqwwwwF@t`dD@@d@`FttpGu\'wwpw7spWw\'swwwwwuRwwvGegwwwwvvd\0\0\0\0\0\0wwwA\0\0@7w77wwvV@ d`\0\0\0\0d$gFW$GwGwwu$wtuspwpw7wwa\0 wwqevwwwBF\0\0\0\0\0\0\0\0\0wua\0\0\0! sqw5wwwtdD\0`Dt$\0d`@GDG$Gtegdwwpwswqqgvwwwww4!% 0!7wVwgwT\0@\0\0\0\0\0\0aC\0 \0\073wwwwd\0BF@FfT$\0\0edvFvVE\'BVGwwwttwwwcwwQw77wsAWvvw` `R$pt!`B\0\0\0\0 \0\0w5u7wwwG@@ptfE`\0\0FVdvGgvVtpwGwswwww7swgCww74RBwwVwp@AE$WFpp\0@\0\0\0\03w7qwwv`tt\0DBDdFv\0\0ededw`\0dgwwtwwwwwwwe7wwa!PQp7pww@g$rBVBVAGG\0\0p%\0a 0\0Au7swwwuFFF\0`dG@F@\0\0GFpBv4vRWVwwpwwww3s7w3t1ss7S@40! 0 WTw`vCAe t$4v\0\0\00p\0p\007q77w7v`G \0a@@dddp`r\0\0\0gFAGadvgwwwwwwwwwwwwW751u \0Ascpg`V%P`vGBWBW\0G\0\0%!\0swSuwwuGDDFD\0@Dd@d\0\0\0\07wwvttwtwwwwwwwwwswsrQswsu\0WVV4G$5`t$vp17777wwvF\0@\0`t\0\0vtVv\0\03wwwwwGtwwwwww7ws7wwww6w7!B\0!!w\0G`tC4RPFCVt\0B\0p\0C\0a`Su7w7w@gDd\0gF@`F\0B\0\0Gwwwe@gGvwwwwwwwww7!7sSswSt@ \0\0pCeCGcCD$Bpt4aeds @077qwwwwF\0DDdFt@@wGa\0gwwvvwvwWwwwwwwwwuGwsu\'7w\0\0\0P0!CRRRp4444CCEad4pet\0P\0 4775swwDp`FPe@BFB@ddq\0gwwwGVtvwwwwwwwwws13W5sWwsp\0\0\0 4`tpVGBC@`t4e&SFVw00!qw6W7svFV$dFDd@`$RF0wwwgeewwwwwwwwwww7w1sw7qwu`\0\0!PVRa`t4444a`VRGCGw\0\0\0\0q@7577wwted@g`gB@dt\0dwp@Wwwwtvwwwwwwwwwww7wwesu7w7\0\0\0\0\0!$aaeC@eaFWpGu%gu$! aP16sGw77w@v@F@@`$@Rgwe3wwwvwGvwwwwwwwwwswww5sw6w\0\005dadpRpRV0cB@wr \0a747wwwD`D\0`\0DD$dVgww1wwww@vWwwwwwwwwww3wwvRqaeu%aaAavBSFtRudt%%epwwu!!!\0r#sGsWsSwsqd\0$edDdd`FFDVwwswwwtggwwwwwwwwwwwwwsu7p3S7swwwwwVGCBRPa@Rc@GwC@0A0P45%57swwGt@VFD@@`dvwwswwgtwwwwwwwwwwwsww7P%%swat5`tDe%GRP\0`RVa@ww00@p0CsWRRww7wwvFFd@\0fF\0\0FFPGww4wvwGGwwwwwwwwwwwwwwsrRRGRqwBWBp\0V g$ 6wwpa4@P045%3Gqqssut@\0DT\0@@\0Df`wwwwtgvwwwwwwwwwwwwqwww0pP1!Cw57wt$B\0TprPRSVT\0www5!a !RRWqswwW6wdV`@vd\0\0EFwwvvtwwwwwwwwwwwwswwwq%57Wp1@@@B\0@@$$$\0WGwa Aq60R3G0pw5777W7Wf\0ddDBF@v@etGwweGwswwwwwwwwwwwwww2PR1pcSaw!s4\0\0!\0\0wegwA2Q#\0Ap!WG5sW\'W7D@d\0 \0tDVdwwww\'wwqsGwwwwwwwwwwsp4 prSRqepa\0\0@@a%pgFWeaa`1!pR0p0a51s3V7swwG`G@\0\0FDdGFwwwEsqww5wwwwwwwwwwp%#PSq6q!%!\0\0\0BFtwRRR%000RP!aecCG5sAC57u4ud`@@\0BFtgwwcww5swwwwwwwwwww!pP6%\'SF\0\0\0dG$ P%\0\0!!a R0a51a%\'7Sqsw6VDtdFDucWsvqssSwwwwwwwwwqpRQ@q5!sS$!Q0$Bpp0 !1a!#\0aR0Sae4psCqaq66ewsGeAeg657qe74qsqtwwwwwwwq0445RR0P2PB44 0C\01ppSSSsp754577w7Ru4swsCRpwwwwwwwv%5CT51arW0a0q%!1\0CA04p4$%cA#p1q$CrSsCSwsqg53pG5q50q4!u7wwtwsRRSS0p0%!\0!p\0q\00C!p040\0\0q$%5V%5%5\'CcW sR4657\0G0sw7wPqAp50pCC5%0aA\0!A!!0@\004 q!a!A04$% a07BSsCS5%!aq\'qp%7SqSaasw40F23CsRRS@00\0BR a\0!00 Pq \0q@6\0pRPSaCAqa%%1asCpCRR5`rSaq\0qqsw3R50p0$441q!%c\0\0!!0r\0P!%4Ca0C$%2! \032@qqa0qqpa5554351q07\'0p1`00!\0q5qCSSC\004q\0a\0Q\0AA0140\0P%!\0@6CCP%%%%CCpCGRRP$1pSG4C$\'BCRCCBq 0 00RQBSApR4$!!\001q0q57\0q50q517SSA5!01! !!0qsPq51p1!\00!\0\0!010\0!!\00CC\0\0\0\0\0\0\0\0\0\0\0\0\0\0\0\0”­þ');
UNLOCK TABLES;
/*!40000 ALTER TABLE exp_categories ENABLE KEYS */;

--
-- Dumping data for table `exp_clients`
--


/*!40000 ALTER TABLE exp_clients DISABLE KEYS */;
LOCK TABLES exp_clients WRITE;
INSERT INTO exp_clients (code_client, societe, contact, fonction, adresse, ville, region, code_postal, pays, telephone, fax) VALUES ('ALFKI','Alfreds Futterkiste','Maria Anders','Représentant(e)','Obere Str. 57','Berlin',NULL,'12209','Allemagne','030-0074321','030-0076545'),('ANATR','Ana Trujillo Emparedados y helados','Ana Trujillo','Propriétaire','Avda. de la Constitución 2222','México D.F.',NULL,'05021','Mexique','(5) 555-4729','(5) 555-3745'),('ANTON','Antonio Moreno Taquería','Antonio Moreno','Propriétaire','Mataderos  2312','México D.F.',NULL,'05023','Mexique','(5) 555-3932',NULL),('AROUT','Around the Horn','Thomas Hardy','Représentant(e)','120 Hanover Sq.','London',NULL,'WA1 1DP','Royaume-Uni','(71) 555-7788','(71) 555-6750'),('BERGS','Berglunds snabbköp','Christina Berglund','Acheteur','Berguvsvägen  8','Luleå',NULL,'S-958 22','Suède','0921-12 34 65','0921-12 34 67'),('BLAUS','Blauer See Delikatessen','Hanna Moos','Représentant(e)','Forsterstr. 57','Mannheim',NULL,'68306','Allemagne','0621-08460','0621-08924'),('BLONP','Blondel père et fils','Frédérique Citeaux','Directeur du marketing','24, place Kléber','Strasbourg',NULL,'67000','France','03.88.60.15.31','03.88.60.15.32'),('BOLID','Bólido Comidas preparadas','Martín Sommer','Propriétaire','C/ Araquil, 67','Madrid',NULL,'28023','Espagne','(91) 555 22 82','(91) 555 91 99'),('BONAP','Bon app\'','Laurence Lebihan','Propriétaire','12, rue des Bouchers','Marseille',NULL,'13008','France','04.91.24.45.40','04.91.24.45.41'),('BOTTM','Bottom-Dollar Markets','Elizabeth Lincoln','Chef comptable','23 Tsawassen Blvd.','Tsawassen','BC','T2F 8M4','Canada','(604) 555-4729','(604) 555-3745'),('BSBEV','B\'s Beverages','Victoria Ashworth','Représentant(e)','Fauntleroy Circus','London',NULL,'EC2 5NT','Royaume-Uni','(71) 555-1212',NULL),('CACTU','Cactus Comidas para llevar','Patricio Simpson','Assistant(e) des ventes','Cerrito 333','Buenos Aires',NULL,'1010','Argentine','(1) 135-5555','(1) 135-4892'),('CENTC','Centro comercial Moctezuma','Francisco Chang','Directeur du marketing','Sierras de Granada 9993','México D.F.',NULL,'05022','Mexique','(5) 555-3392','(5) 555-7293'),('CHOPS','Chop-suey Chinese','Yang Wang','Propriétaire','Hauptstr. 29','Bern',NULL,'3012','Suisse','0452-076545',NULL),('COMMI','Comércio Mineiro','Pedro Afonso','Assistant(e) des ventes','Av. dos Lusíadas, 23','São Paulo','SP','05432-043','Brésil','(11) 555-7647',NULL),('CONSH','Consolidated Holdings','Elizabeth Brown','Représentant(e)','Berkeley Gardens\r\n12  Brewery','London',NULL,'WX1 6LT','Royaume-Uni','(71) 555-2282','(71) 555-9199'),('DRACD','Drachenblut Delikatessen','Sven Ottlieb','Acheteur','Walserweg 21','Aachen',NULL,'52066','Allemagne','0241-039123','0241-059428'),('DUMON','Du monde entier','Janine Labrune','Propriétaire','67, rue des Cinquante Otages','Nantes',NULL,'44000','France','02.40.67.88.88','02.40.67.89.89'),('EASTC','Eastern Connection','Ann Devon','Assistant(e) des ventes','35 King George','London',NULL,'WX3 6FW','Royaume-Uni','(71) 555-0297','(71) 555-3373'),('ERNSH','Ernst Handel','Roland Mendel','Chef des ventes','Kirchgasse 6','Graz',NULL,'8010','Autriche','7675-3425','7675-3426'),('FAMIA','Familia Arquibaldo','Aria Cruz','Assistant(e) marketing','Rua Orós, 92','São Paulo','SP','05442-030','Brésil','(11) 555-9857',NULL),('FISSA','FISSA Fabrica Inter. Salchichas S.A.','Diego Roel','Chef comptable','C/ Moralzarzal, 86','Madrid',NULL,'28034','Espagne','(91) 555 94 44','(91) 555 55 93'),('FOLIG','Folies gourmandes','Martine Rancé','Représentant(e)','184, chaussée de Tournai','Lille',NULL,'59000','France','03.20.16.10.16','03.20.16.10.17'),('FOLKO','Folk och fä HB','Maria Larsson','Propriétaire','Åkergatan 24','Bräcke',NULL,'S-844 67','Suède','0695-34 67 21',NULL),('FRANK','Frankenversand','Peter Franken','Directeur du marketing','Berliner Platz 43','München',NULL,'80805','Allemagne','089-0877310','089-0877451'),('FRANR','France restauration','Carine Schmitt','Directeur du marketing','54, rue Royale','Nantes',NULL,'44000','France','02.40.32.21.21','02.40.32.21.20'),('FRANS','Franchi S.p.A.','Paolo Accorti','Représentant(e)','Via Monte Bianco 34','Torino',NULL,'10100','Italie','011-4988260','011-4988261'),('FURIB','Furia Bacalhau e Frutos do Mar','Lino Rodriguez','Chef des ventes','Jardim das rosas n. 32','Lisboa',NULL,'1675','Portugal','(1) 354-2534','(1) 354-2535'),('GALED','Galería del gastrónomo','Eduardo Saavedra','Directeur du marketing','Rambla de Cataluña, 23','Barcelona',NULL,'08022','Espagne','(93) 203 4560','(93) 203 4561'),('GODOS','Godos Cocina Típica','José Pedro Freyre','Chef des ventes','C/ Romero, 33','Sevilla',NULL,'41101','Espagne','(95) 555 82 82',NULL),('GOURL','Gourmet Lanchonetes','André Fonseca','Assistant(e) des ventes','Av. Brasil, 442','Campinas','SP','04876-786','Brésil','(11) 555-9482',NULL),('GREAL','Great Lakes Food Market','Howard Snyder','Directeur du marketing','2732 Baker Blvd.','Eugene','OR','97403','États-Unis','(503) 555-7555',NULL),('GROSR','GROSELLA-Restaurante','Manuel Pereira','Propriétaire','5ª Ave. Los Palos Grandes','Caracas','DF','1081','Venezuela','(2) 283-2951','(2) 283-3397'),('HANAR','Hanari Carnes','Mario Pontes','Chef comptable','Rua do Paço, 67','Rio de Janeiro','RJ','05454-876','Brésil','(21) 555-0091','(21) 555-8765'),('HILAA','HILARIÓN-Abastos','Carlos Hernández','Représentant(e)','Carrera 22 con Ave. Carlos Soublette #8-35','San Cristóbal','Táchira','5022','Venezuela','(5) 555-1340','(5) 555-1948'),('HUNGC','Hungry Coyote Import Store','Yoshi Latimer','Représentant(e)','City Center Plaza\r\n516 Main St.','Elgin','OR','97827','États-Unis','(503) 555-6874','(503) 555-2376'),('HUNGO','Hungry Owl All-Night Grocers','Patricia McKenna','Assistant(e) des ventes','8 Johnstown Road','Cork','Co. Cork',NULL,'Irlande','2967 542','2967 3333'),('ISLAT','Island Trading','Helen Bennett','Directeur du marketing','Garden House\r\nCrowther Way','Cowes','Isle of Wight','PO31 7PJ','Royaume-Uni','(198) 555-8888',NULL),('KOENE','Königlich Essen','Philip Cramer','Assistant(e) des ventes','Maubelstr. 90','Brandenburg',NULL,'14776','Allemagne','0555-09876',NULL),('LACOR','La corne d\'abondance','Daniel Tonini','Représentant(e)','67, avenue de l\'Europe','Versailles',NULL,'78000','France','01.30.59.84.10','01.30.59.85.11'),('LAMAI','La maison d\'Asie','Annette Roulet','Chef des ventes','1 rue Alsace-Lorraine','Toulouse',NULL,'31000','France','05.61.77.61.10','05.61.77.61.11'),('LAUGB','Laughing Bacchus Wine Cellars','Yoshi Tannamuri','Assistant(e) marketing','1900 Oak St.','Vancouver','BC','V3F 2K1','Canada','(604) 555-3392','(604) 555-7293'),('LAZYK','Lazy K Kountry Store','John Steel','Directeur du marketing','12 Orchestra Terrace','Walla Walla','WA','99362','États-Unis','(509) 555-7969','(509) 555-6221'),('LEHMS','Lehmanns Marktstand','Renate Messner','Représentant(e)','Magazinweg 7','Frankfurt a.M.',NULL,'60528','Allemagne','069-0245984','069-0245874'),('LETSS','Let\'s Stop N Shop','Jaime Yorres','Propriétaire','87 Polk St.\r\nSuite 5','San Francisco','CA','94117','États-Unis','(415) 555-5938',NULL),('LILAS','LILA-Supermercado','Carlos González','Chef comptable','Carrera 52 con Ave. Bolívar #65-98 Llano Largo','Barquisimeto','Lara','3508','Venezuela','(9) 331-6954','(9) 331-7256'),('LINOD','LINO-Delicateses','Felipe Izquierdo','Propriétaire','Ave. 5 de Mayo Porlamar','I. de Margarita','Nueva Esparta','4980','Venezuela','(8) 34-56-12','(8) 34-93-93'),('LONEP','Lonesome Pine Restaurant','Fran Wilson','Chef des ventes','89 Chiaroscuro Rd.','Portland','OR','97219','États-Unis','(503) 555-9573','(503) 555-9646'),('MAGAA','Magazzini Alimentari Riuniti','Giovanni Rovelli','Directeur du marketing','Via Ludovico il Moro 22','Bergamo',NULL,'24100','Italie','035-640230','035-640231'),('MAISD','Maison Dewey','Catherine Dewey','Assistant(e) des ventes','Rue Joseph-Bens 532','Bruxelles',NULL,'B-1180','Belgique','(02) 201 24 67','(02) 201 24 68'),('MEREP','Mère Paillarde','Jean Fresnière','Assistant(e) marketing','43 rue St. Laurent','Montréal','Québec','H1J 1C3','Canada','(514) 555-8054','(514) 555-8055'),('MORGK','Morgenstern Gesundkost','Alexander Feuer','Assistant(e) marketing','Heerstr. 22','Leipzig',NULL,'04179','Allemagne','0342-023176',NULL),('NORTS','North/South','Simon Crowther','Assistant(e) des ventes','South House\r\n300 Queensbridge','London',NULL,'SW7 1RZ','Royaume-Uni','(71) 555-7733','(71) 555-2530'),('OCEAN','Océano Atlántico Ltda.','Yvonne Moncada','Assistant(e) des ventes','Ing. Gustavo Moncada 8585\r\nPiso 20-A','Buenos Aires',NULL,'1010','Argentine','(1) 135-5333','(1) 135-5535'),('OLDWO','Old World Delicatessen','Rene Phillips','Représentant(e)','2743 Bering St.','Anchorage','AK','99508','États-Unis','(907) 555-7584','(907) 555-2880'),('OTTIK','Ottilies Käseladen','Henriette Pfalzheim','Propriétaire','Mehrheimerstr. 369','Köln',NULL,'50739','Allemagne','0221-0644327','0221-0765721'),('PARIS','Paris spécialités','Marie Bertrand','Propriétaire','265, boulevard Charonne','Paris',NULL,'75012','France','01.42.34.22.66','01.42.34.22.77'),('PERIC','Pericles Comidas clásicas','Guillermo Fernández','Représentant(e)','Calle Dr. Jorge Cash 321','México D.F.',NULL,'05033','Mexique','(5) 552-3745','(5) 545-3745'),('PICCO','Piccolo und mehr','Georg Pipps','Chef des ventes','Geislweg 14','Salzburg',NULL,'5020','Autriche','6562-9722','6562-9723'),('PRINI','Princesa Isabel Vinhos','Isabel de Castro','Représentant(e)','Estrada da saúde n. 58','Lisboa',NULL,'1756','Portugal','(1) 356-5634',NULL),('QUEDE','Que Delícia','Bernardo Batista','Chef comptable','Rua da Panificadora, 12','Rio de Janeiro','RJ','02389-673','Brésil','(21) 555-4252','(21) 555-4545'),('QUEEN','Queen Cozinha','Lúcia Carvalho','Assistant(e) marketing','Alameda dos Canàrios, 891','São Paulo','SP','05487-020','Brésil','(11) 555-1189',NULL),('QUICK','QUICK-Stop','Horst Kloss','Chef comptable','Taucherstraße 10','Cunewalde',NULL,'01307','Allemagne','0372-035188',NULL),('RANCH','Rancho grande','Sergio Gutiérrez','Représentant(e)','Av. del Libertador 900','Buenos Aires',NULL,'1010','Argentine','(1) 123-5555','(1) 123-5556'),('RATTC','Rattlesnake Canyon Grocery','Paula Wilson','Représentant(e)','2817 Milton Dr.','Albuquerque','NM','87110','États-Unis','(505) 555-5939','(505) 555-3620'),('REGGC','Reggiani Caseifici','Maurizio Moroni','Assistant(e) des ventes','Strada Provinciale 124','Reggio Emilia',NULL,'42100','Italie','0522-556721','0522-556722'),('RICAR','Ricardo Adocicados','Janete Limeira','Représentant(e)','Av. Copacabana, 267','Rio de Janeiro','RJ','02389-890','Brésil','(21) 555-3412',NULL),('RICSU','Richter Supermarkt','Michael Holz','Chef des ventes','Grenzacherweg 237','Genève',NULL,'1203','Suisse','0897-034214',NULL),('ROMEY','Romero y tomillo','Alejandra Camino','Chef comptable','Gran Vía, 1','Madrid',NULL,'28001','Espagne','(91) 745 6200','(91) 745 6210'),('SANTG','Santé Gourmet','Jonas Bergulfsen','Propriétaire','Erling Skakkes gate 78','Stavern',NULL,'4110','Norvège','07-98 92 35','07-98 92 47'),('SAVEA','Save-a-lot Markets','Jose Pavarotti','Représentant(e)','187 Suffolk Ln.','Boise','ID','83720','États-Unis','(208) 555-8097',NULL),('SEVES','Seven Seas Imports','Hari Kumar','Chef des ventes','90 Wadhurst Rd.','London',NULL,'OX15 4NB','Royaume-Uni','(71) 555-1717','(71) 555-5646'),('SIMOB','Simons bistro','Jytte Petersen','Propriétaire','Vinbæltet 34','København',NULL,'1734','Danemark','31 12 34 56','31 13 35 57'),('SPECD','Spécialités du monde','Dominique Perrier','Directeur du marketing','25, rue Lauriston','Paris',NULL,'75016','France','01.47.55.60.10','01.47.55.60.20'),('SPLIR','Split Rail Beer & Ale','Art Braunschweiger','Chef des ventes','P.O. Box 555','Lander','WY','82520','États-Unis','(307) 555-4680','(307) 555-6525'),('SUPRD','Suprêmes délices','Pascale Cartrain','Chef comptable','Boulevard Tirou, 255','Charleroi',NULL,'B-6000','Belgique','(071) 23 67 22 20','(071) 23 67 22 21'),('THEBI','The Big Cheese','Liz Nixon','Directeur du marketing','89 Jefferson Way\r\nSuite 2','Portland','OR','97201','États-Unis','(503) 555-3612',NULL),('THECR','The Cracker Box','Liu Wong','Assistant(e) marketing','55 Grizzly Peak Rd.','Butte','MT','59801','États-Unis','(406) 555-5834','(406) 555-8083'),('TOMSP','Toms Spezialitäten','Karin Josephs','Directeur du marketing','Luisenstr. 48','Münster',NULL,'44087','Allemagne','0251-031259','0251-035695'),('TORTU','Tortuga Restaurante','Miguel Angel Paolino','Propriétaire','Avda. Azteca 123','México D.F.',NULL,'05033','Mexique','(5) 555-2933',NULL),('TRADH','Tradição Hipermercados','Anabela Domingues','Représentant(e)','Av. Inês de Castro, 414','São Paulo','SP','05634-030','Brésil','(11) 555-2167','(11) 555-2168'),('TRAIH','Trail\'s Head Gourmet Provisioners','Helvetius Nagy','Assistant(e) des ventes','722 DaVinci Blvd.','Kirkland','WA','98034','États-Unis','(206) 555-8257','(206) 555-2174'),('VAFFE','Vaffeljernet','Palle Ibsen','Chef des ventes','Smagsløget 45','Århus',NULL,'8200','Danemark','86 21 32 43','86 22 33 44'),('VICTE','Victuailles en stock','Mary Saveley','Assistant(e) des ventes','2, rue du Commerce','Lyon',NULL,'69004','France','04.78.32.54.86','04.78.32.54.87'),('VINET','Vins et alcools Chevalier','Paul Henriot','Chef comptable','59 rue de l\'Abbaye','Reims',NULL,'51100','France','03.26.47.15.10','03.26.47.15.11'),('WANDK','Die Wandernde Kuh','Rita Müller','Représentant(e)','Adenauerallee 900','Stuttgart',NULL,'70563','Allemagne','0711-020361','0711-035428'),('WARTH','Wartian Herkku','Pirkko Koskitalo','Chef comptable','Torikatu 38','Oulu',NULL,'90110','Finlande','981-443655','981-443655'),('WELLI','Wellington Importadora','Paula Parente','Chef des ventes','Rua do Mercado, 12','Resende','SP','08737-363','Brésil','(14) 555-8122',NULL),('WHITC','White Clover Markets','Karl Jablonski','Propriétaire','305 - 14th Ave. S.\r\nSuite 3B','Seattle','WA','98128','États-Unis','(206) 555-4112','(206) 555-4115'),('WILMK','Wilman Kala','Matti Karttunen','Assistant du marketing','Keskuskatu 45','Helsinki',NULL,'21240','Finlande','90-224 8858','90-224 8858'),('WOLZA','Wolski  Zajazd','Zbyszek Piestrzeniewicz','Propriétaire','ul. Filtrowa 68','Warszawa',NULL,'01-012','Pologne','(26) 642-7012','(26) 642-7012');
UNLOCK TABLES;
/*!40000 ALTER TABLE exp_clients ENABLE KEYS */;

--
-- Dumping data for table `exp_commandes`
--


/*!40000 ALTER TABLE exp_commandes DISABLE KEYS */;
LOCK TABLES exp_commandes WRITE;
INSERT INTO exp_commandes (num_commande, code_client, num_employe, date_commande, a_livrer_avant, date_envoi, num_messager, port, destinataire, adresse_livraison, ville_livraison, region_livraison, code_postal_livraison, pays_livraison) VALUES (10248,'VINET',5,'1996-07-04 00:00:00','1996-08-01 00:00:00','1996-07-16 00:00:00',3,161.9,'Vins et alcools Chevalier','59 rue de l\'Abbaye','Reims',NULL,'51100','France'),(10249,'TOMSP',6,'1996-07-05 00:00:00','1996-08-16 00:00:00','1996-07-10 00:00:00',1,58.05,'Toms Spezialitäten','Luisenstr. 48','Münster',NULL,'44087','Allemagne'),(10250,'HANAR',4,'1996-07-08 00:00:00','1996-08-05 00:00:00','1996-07-12 00:00:00',2,329.15,'Hanari Carnes','Rua do Paço, 67','Rio de Janeiro','RJ','05454-876','Brésil'),(10251,'VICTE',3,'1996-07-08 00:00:00','1996-08-05 00:00:00','1996-07-15 00:00:00',1,206.7,'Victuailles en stock','2, rue du Commerce','Lyon',NULL,'69004','France'),(10252,'SUPRD',4,'1996-07-09 00:00:00','1996-08-06 00:00:00','1996-07-11 00:00:00',2,256.5,'Suprêmes délices','Boulevard Tirou, 255','Charleroi',NULL,'B-6000','Belgique'),(10253,'HANAR',3,'1996-07-10 00:00:00','1996-07-24 00:00:00','1996-07-16 00:00:00',2,290.85,'Hanari Carnes','Rua do Paço, 67','Rio de Janeiro','RJ','05454-876','Brésil'),(10254,'CHOPS',5,'1996-07-11 00:00:00','1996-08-08 00:00:00','1996-07-23 00:00:00',2,114.9,'Chop-suey Chinese','Hauptstr. 31','Bern',NULL,'3012','Suisse'),(10255,'RICSU',9,'1996-07-12 00:00:00','1996-08-09 00:00:00','1996-07-15 00:00:00',3,741.65,'Richter Supermarkt','Starenweg 5','Genève',NULL,'1204','Suisse'),(10256,'WELLI',3,'1996-07-15 00:00:00','1996-08-12 00:00:00','1996-07-17 00:00:00',2,69.85,'Wellington Importadora','Rua do Mercado, 12','Resende','SP','08737-363','Brésil'),(10257,'HILAA',4,'1996-07-16 00:00:00','1996-08-13 00:00:00','1996-07-22 00:00:00',3,409.55,'HILARIÓN-Abastos','Carrera 22 con Ave. Carlos Soublette #8-35','San Cristóbal','Táchira','5022','Venezuela'),(10258,'ERNSH',1,'1996-07-17 00:00:00','1996-08-14 00:00:00','1996-07-23 00:00:00',1,702.55,'Ernst Handel','Kirchgasse 6','Graz',NULL,'8010','Autriche'),(10259,'CENTC',4,'1996-07-18 00:00:00','1996-08-15 00:00:00','1996-07-25 00:00:00',3,16.25,'Centro comercial Moctezuma','Sierras de Granada 9993','México D.F.',NULL,'05022','Mexique'),(10260,'OTTIK',4,'1996-07-19 00:00:00','1996-08-16 00:00:00','1996-07-29 00:00:00',1,275.45,'Ottilies Käseladen','Mehrheimerstr. 369','Köln',NULL,'50739','Allemagne'),(10261,'QUEDE',4,'1996-07-19 00:00:00','1996-08-16 00:00:00','1996-07-30 00:00:00',2,15.25,'Que Delícia','Rua da Panificadora, 12','Rio de Janeiro','RJ','02389-673','Brésil'),(10262,'RATTC',8,'1996-07-22 00:00:00','1996-08-19 00:00:00','1996-07-25 00:00:00',3,241.45,'Rattlesnake Canyon Grocery','2817 Milton Dr.','Albuquerque','NM','87110','Etats-Unis'),(10263,'ERNSH',9,'1996-07-23 00:00:00','1996-08-20 00:00:00','1996-07-31 00:00:00',3,730.3,'Ernst Handel','Kirchgasse 6','Graz',NULL,'8010','Autriche'),(10264,'FOLKO',6,'1996-07-24 00:00:00','1996-08-21 00:00:00','1996-08-23 00:00:00',3,18.35,'Folk och fä HB','Åkergatan 24','Bräcke',NULL,'S-844 67','Suède'),(10265,'BLONP',2,'1996-07-25 00:00:00','1996-08-22 00:00:00','1996-08-12 00:00:00',1,276.4,'Blondel père et fils','24, place Kléber','Strasbourg',NULL,'67000','France'),(10266,'WARTH',3,'1996-07-26 00:00:00','1996-09-06 00:00:00','1996-07-31 00:00:00',3,128.65,'Wartian Herkku','Torikatu 38','Oulu',NULL,'90110','Finlande'),(10267,'FRANK',4,'1996-07-29 00:00:00','1996-08-26 00:00:00','1996-08-06 00:00:00',1,1042.9,'Frankenversand','Berliner Platz 43','München',NULL,'80805','Allemagne'),(10268,'GROSR',8,'1996-07-30 00:00:00','1996-08-27 00:00:00','1996-08-02 00:00:00',3,331.45,'GROSELLA-Restaurante','5ª Ave. Los Palos Grandes','Caracas','DF','1081','Venezuela'),(10269,'WHITC',5,'1996-07-31 00:00:00','1996-08-14 00:00:00','1996-08-09 00:00:00',1,22.8,'White Clover Markets','1029 - 12th Ave. S.','Seattle','WA','98124','Etats-Unis'),(10270,'WARTH',1,'1996-08-01 00:00:00','1996-08-29 00:00:00','1996-08-02 00:00:00',1,682.7,'Wartian Herkku','Torikatu 38','Oulu',NULL,'90110','Finlande'),(10271,'SPLIR',6,'1996-08-01 00:00:00','1996-08-29 00:00:00','1996-08-30 00:00:00',2,22.7,'Split Rail Beer & Ale','P.O. Box 555','Lander','WY','82520','Etats-Unis'),(10272,'RATTC',6,'1996-08-02 00:00:00','1996-08-30 00:00:00','1996-08-06 00:00:00',2,490.15,'Rattlesnake Canyon Grocery','2817 Milton Dr.','Albuquerque','NM','87110','Etats-Unis'),(10273,'QUICK',3,'1996-08-05 00:00:00','1996-09-02 00:00:00','1996-08-12 00:00:00',3,380.35,'QUICK-Stop','Taucherstraße 10','Cunewalde',NULL,'01307','Allemagne'),(10274,'VINET',6,'1996-08-06 00:00:00','1996-09-03 00:00:00','1996-08-16 00:00:00',1,30.05,'Vins et alcools Chevalier','59 rue de l\'Abbaye','Reims',NULL,'51100','France'),(10275,'MAGAA',1,'1996-08-07 00:00:00','1996-09-04 00:00:00','1996-08-09 00:00:00',1,134.65,'Magazzini Alimentari Riuniti','Via Ludovico il Moro 22','Bergamo',NULL,'24100','Italie'),(10276,'TORTU',8,'1996-08-08 00:00:00','1996-08-22 00:00:00','1996-08-14 00:00:00',3,69.2,'Tortuga Restaurante','Avda. Azteca 123','México D.F.',NULL,'05033','Mexique'),(10277,'MORGK',2,'1996-08-09 00:00:00','1996-09-06 00:00:00','1996-08-13 00:00:00',3,628.85,'Morgenstern Gesundkost','Heerstr. 22','Leipzig',NULL,'04179','Allemagne'),(10278,'BERGS',8,'1996-08-12 00:00:00','1996-09-09 00:00:00','1996-08-16 00:00:00',2,463.45,'Berglunds snabbköp','Berguvsvägen  8','Luleå',NULL,'S-958 22','Suède'),(10279,'LEHMS',8,'1996-08-13 00:00:00','1996-09-10 00:00:00','1996-08-16 00:00:00',2,129.15,'Lehmanns Marktstand','Magazinweg 7','Frankfurt a.M.',NULL,'60528','Allemagne'),(10280,'BERGS',2,'1996-08-14 00:00:00','1996-09-11 00:00:00','1996-09-12 00:00:00',1,44.9,'Berglunds snabbköp','Berguvsvägen  8','Luleå',NULL,'S-958 22','Suède'),(10281,'ROMEY',4,'1996-08-14 00:00:00','1996-08-28 00:00:00','1996-08-21 00:00:00',1,14.7,'Romero y tomillo','Gran Vía, 1','Madrid',NULL,'28001','Espagne'),(10282,'ROMEY',4,'1996-08-15 00:00:00','1996-09-12 00:00:00','1996-08-21 00:00:00',1,63.45,'Romero y tomillo','Gran Vía, 1','Madrid',NULL,'28001','Espagne'),(10283,'LILAS',3,'1996-08-16 00:00:00','1996-09-13 00:00:00','1996-08-23 00:00:00',3,424.05,'LILA-Supermercado','Carrera 52 con Ave. Bolívar #65-98 Llano Largo','Barquisimeto','Lara','3508','Venezuela'),(10284,'LEHMS',4,'1996-08-19 00:00:00','1996-09-16 00:00:00','1996-08-27 00:00:00',1,382.8,'Lehmanns Marktstand','Magazinweg 7','Frankfurt a.M.',NULL,'60528','Allemagne'),(10285,'QUICK',1,'1996-08-20 00:00:00','1996-09-17 00:00:00','1996-08-26 00:00:00',2,384.15,'QUICK-Stop','Taucherstraße 10','Cunewalde',NULL,'01307','Allemagne'),(10286,'QUICK',8,'1996-08-21 00:00:00','1996-09-18 00:00:00','1996-08-30 00:00:00',3,1146.2,'QUICK-Stop','Taucherstraße 10','Cunewalde',NULL,'01307','Allemagne'),(10287,'RICAR',8,'1996-08-22 00:00:00','1996-09-19 00:00:00','1996-08-28 00:00:00',3,63.8,'Ricardo Adocicados','Av. Copacabana, 267','Rio de Janeiro','RJ','02389-890','Brésil'),(10288,'REGGC',4,'1996-08-23 00:00:00','1996-09-20 00:00:00','1996-09-03 00:00:00',1,37.25,'Reggiani Caseifici','Strada Provinciale 124','Reggio Emilia',NULL,'42100','Italie'),(10289,'BSBEV',7,'1996-08-26 00:00:00','1996-09-23 00:00:00','1996-08-28 00:00:00',3,113.85,'B\'s Beverages','Fauntleroy Circus','London',NULL,'EC2 5NT','Royaume-Uni'),(10290,'COMMI',8,'1996-08-27 00:00:00','1996-09-24 00:00:00','1996-09-03 00:00:00',1,398.5,'Comércio Mineiro','Av. dos Lusíadas, 23','São Paulo','SP','05432-043','Brésil'),(10291,'QUEDE',6,'1996-08-27 00:00:00','1996-09-24 00:00:00','1996-09-04 00:00:00',2,32,'Que Delícia','Rua da Panificadora, 12','Rio de Janeiro','RJ','02389-673','Brésil'),(10292,'TRADH',1,'1996-08-28 00:00:00','1996-09-25 00:00:00','1996-09-02 00:00:00',2,6.75,'Tradição Hipermercados','Av. Inês de Castro, 414','São Paulo','SP','05634-030','Brésil'),(10293,'TORTU',1,'1996-08-29 00:00:00','1996-09-26 00:00:00','1996-09-11 00:00:00',3,105.9,'Tortuga Restaurante','Avda. Azteca 123','México D.F.',NULL,'05033','Mexique'),(10294,'RATTC',4,'1996-08-30 00:00:00','1996-09-27 00:00:00','1996-09-05 00:00:00',2,736.3,'Rattlesnake Canyon Grocery','2817 Milton Dr.','Albuquerque','NM','87110','Etats-Unis'),(10295,'VINET',2,'1996-09-02 00:00:00','1996-09-30 00:00:00','1996-09-10 00:00:00',2,5.75,'Vins et alcools Chevalier','59 rue de l\'Abbaye','Reims',NULL,'51100','France'),(10296,'LILAS',6,'1996-09-03 00:00:00','1996-10-01 00:00:00','1996-09-11 00:00:00',1,0.6,'LILA-Supermercado','Carrera 52 con Ave. Bolívar #65-98 Llano Largo','Barquisimeto','Lara','3508','Venezuela'),(10297,'BLONP',5,'1996-09-04 00:00:00','1996-10-16 00:00:00','1996-09-10 00:00:00',2,28.7,'Blondel père et fils','24, place Kléber','Strasbourg',NULL,'67000','France'),(10298,'HUNGO',6,'1996-09-05 00:00:00','1996-10-03 00:00:00','1996-09-11 00:00:00',2,841.1,'Hungry Owl All-Night Grocers','8 Johnstown Road','Cork','Co. Cork',NULL,'Irlande'),(10299,'RICAR',4,'1996-09-06 00:00:00','1996-10-04 00:00:00','1996-09-13 00:00:00',2,148.8,'Ricardo Adocicados','Av. Copacabana, 267','Rio de Janeiro','RJ','02389-890','Brésil'),(10300,'MAGAA',2,'1996-09-09 00:00:00','1996-10-07 00:00:00','1996-09-18 00:00:00',2,88.4,'Magazzini Alimentari Riuniti','Via Ludovico il Moro 22','Bergamo',NULL,'24100','Italie'),(10301,'WANDK',8,'1996-09-09 00:00:00','1996-10-07 00:00:00','1996-09-17 00:00:00',2,225.4,'Die Wandernde Kuh','Adenauerallee 900','Stuttgart',NULL,'70563','Allemagne'),(10302,'SUPRD',4,'1996-09-10 00:00:00','1996-10-08 00:00:00','1996-10-09 00:00:00',2,31.35,'Suprêmes délices','Boulevard Tirou, 255','Charleroi',NULL,'B-6000','Belgique'),(10303,'GODOS',7,'1996-09-11 00:00:00','1996-10-09 00:00:00','1996-09-18 00:00:00',2,539.15,'Godos Cocina Típica','C/ Romero, 33','Sevilla',NULL,'41101','Espagne'),(10304,'TORTU',1,'1996-09-12 00:00:00','1996-10-10 00:00:00','1996-09-17 00:00:00',2,318.95,'Tortuga Restaurante','Avda. Azteca 123','México D.F.',NULL,'05033','Mexique'),(10305,'OLDWO',8,'1996-09-13 00:00:00','1996-10-11 00:00:00','1996-10-09 00:00:00',3,1288.1,'Old World Delicatessen','2743 Bering St.','Anchorage','AK','99508','Etats-Unis'),(10306,'ROMEY',1,'1996-09-16 00:00:00','1996-10-14 00:00:00','1996-09-23 00:00:00',3,37.8,'Romero y tomillo','Gran Vía, 1','Madrid',NULL,'28001','Espagne'),(10307,'LONEP',2,'1996-09-17 00:00:00','1996-10-15 00:00:00','1996-09-25 00:00:00',2,2.8,'Lonesome Pine Restaurant','89 Chiaroscuro Rd.','Portland','OR','97219','Etats-Unis'),(10308,'ANATR',7,'1996-09-18 00:00:00','1996-10-16 00:00:00','1996-09-24 00:00:00',3,8.05,'Ana Trujillo Emparedados y helados','Avda. de la Constitución 2222','México D.F.',NULL,'05021','Mexique'),(10309,'HUNGO',3,'1996-09-19 00:00:00','1996-10-17 00:00:00','1996-10-23 00:00:00',1,236.5,'Hungry Owl All-Night Grocers','8 Johnstown Road','Cork','Co. Cork',NULL,'Irlande'),(10310,'THEBI',8,'1996-09-20 00:00:00','1996-10-18 00:00:00','1996-09-27 00:00:00',2,87.6,'The Big Cheese','89 Jefferson Way\r\nSuite 2','Portland','OR','97201','Etats-Unis'),(10311,'DUMON',1,'1996-09-20 00:00:00','1996-10-04 00:00:00','1996-09-26 00:00:00',3,123.45,'Du monde entier','67, rue des Cinquante Otages','Nantes',NULL,'44000','France'),(10312,'WANDK',2,'1996-09-23 00:00:00','1996-10-21 00:00:00','1996-10-03 00:00:00',2,201.3,'Die Wandernde Kuh','Adenauerallee 900','Stuttgart',NULL,'70563','Allemagne'),(10313,'QUICK',2,'1996-09-24 00:00:00','1996-10-22 00:00:00','1996-10-04 00:00:00',2,9.8,'QUICK-Stop','Taucherstraße 10','Cunewalde',NULL,'01307','Allemagne'),(10314,'RATTC',1,'1996-09-25 00:00:00','1996-10-23 00:00:00','1996-10-04 00:00:00',2,370.8,'Rattlesnake Canyon Grocery','2817 Milton Dr.','Albuquerque','NM','87110','Etats-Unis'),(10315,'ISLAT',4,'1996-09-26 00:00:00','1996-10-24 00:00:00','1996-10-03 00:00:00',2,208.8,'Island Trading','Garden House\r\nCrowther Way','Cowes','Isle of Wigth','PO31 7PJ','Royaume-Uni'),(10316,'RATTC',1,'1996-09-27 00:00:00','1996-10-25 00:00:00','1996-10-08 00:00:00',3,750.75,'Rattlesnake Canyon Grocery','2817 Milton Dr.','Albuquerque','NM','87110','Etats-Unis'),(10317,'LONEP',6,'1996-09-30 00:00:00','1996-10-28 00:00:00','1996-10-10 00:00:00',1,63.45,'Lonesome Pine Restaurant','89 Chiaroscuro Rd.','Portland','OR','97219','Etats-Unis'),(10318,'ISLAT',8,'1996-10-01 00:00:00','1996-10-29 00:00:00','1996-10-04 00:00:00',2,23.65,'Island Trading','Garden House\r\nCrowther Way','Cowes','Isle of Wigth','PO31 7PJ','Royaume-Uni'),(10319,'TORTU',7,'1996-10-02 00:00:00','1996-10-30 00:00:00','1996-10-11 00:00:00',3,322.5,'Tortuga Restaurante','Avda. Azteca 123','México D.F.',NULL,'05033','Mexique'),(10320,'WARTH',5,'1996-10-03 00:00:00','1996-10-17 00:00:00','1996-10-18 00:00:00',3,172.85,'Wartian Herkku','Torikatu 38','Oulu',NULL,'90110','Finlande'),(10321,'ISLAT',3,'1996-10-03 00:00:00','1996-10-31 00:00:00','1996-10-11 00:00:00',2,17.15,'Island Trading','Garden House\r\nCrowther Way','Cowes','Isle of Wigth','PO31 7PJ','Royaume-Uni'),(10322,'PERIC',7,'1996-10-04 00:00:00','1996-11-01 00:00:00','1996-10-23 00:00:00',3,2,'Pericles Comidas clásicas','Calle Dr. Jorge Cash 321','México D.F.',NULL,'05033','Mexique'),(10323,'KOENE',4,'1996-10-07 00:00:00','1996-11-04 00:00:00','1996-10-14 00:00:00',1,24.4,'Königlich Essen','Maubelstr. 90','Brandenburg',NULL,'14776','Allemagne'),(10324,'SAVEA',9,'1996-10-08 00:00:00','1996-11-05 00:00:00','1996-10-10 00:00:00',1,1071.35,'Save-a-lot Markets','187 Suffolk Ln.','Boise','ID','83720','Etats-Unis'),(10325,'KOENE',1,'1996-10-09 00:00:00','1996-10-23 00:00:00','1996-10-14 00:00:00',3,324.3,'Königlich Essen','Maubelstr. 90','Brandenburg',NULL,'14776','Allemagne'),(10326,'BOLID',4,'1996-10-10 00:00:00','1996-11-07 00:00:00','1996-10-14 00:00:00',2,389.6,'Bólido Comidas preparadas','C/ Araquil, 67','Madrid',NULL,'28023','Espagne'),(10327,'FOLKO',2,'1996-10-11 00:00:00','1996-11-08 00:00:00','1996-10-14 00:00:00',1,316.8,'Folk och fä HB','Åkergatan 24','Bräcke',NULL,'S-844 67','Suède'),(10328,'FURIB',4,'1996-10-14 00:00:00','1996-11-11 00:00:00','1996-10-17 00:00:00',3,435.15,'Furia Bacalhau e Frutos do Mar','Jardim das rosas n. 32','Lisboa',NULL,'1675','Portugal'),(10329,'SPLIR',4,'1996-10-15 00:00:00','1996-11-26 00:00:00','1996-10-23 00:00:00',2,958.35,'Split Rail Beer & Ale','P.O. Box 555','Lander','WY','82520','Etats-Unis'),(10330,'LILAS',3,'1996-10-16 00:00:00','1996-11-13 00:00:00','1996-10-28 00:00:00',1,63.75,'LILA-Supermercado','Carrera 52 con Ave. Bolívar #65-98 Llano Largo','Barquisimeto','Lara','3508','Venezuela'),(10331,'BONAP',9,'1996-10-16 00:00:00','1996-11-27 00:00:00','1996-10-21 00:00:00',1,50.95,'Bon app\'','12, rue des Bouchers','Marseille',NULL,'13008','France'),(10332,'MEREP',3,'1996-10-17 00:00:00','1996-11-28 00:00:00','1996-10-21 00:00:00',2,264.2,'Mère Paillarde','43 rue St. Laurent','Montréal','Québec','H1J 1C3','Canada'),(10333,'WARTH',5,'1996-10-18 00:00:00','1996-11-15 00:00:00','1996-10-25 00:00:00',3,2.95,'Wartian Herkku','Torikatu 38','Oulu',NULL,'90110','Finlande'),(10334,'VICTE',8,'1996-10-21 00:00:00','1996-11-18 00:00:00','1996-10-28 00:00:00',2,42.8,'Victuailles en stock','2, rue du Commerce','Lyon',NULL,'69004','France'),(10335,'HUNGO',7,'1996-10-22 00:00:00','1996-11-19 00:00:00','1996-10-24 00:00:00',2,210.55,'Hungry Owl All-Night Grocers','8 Johnstown Road','Cork','Co. Cork',NULL,'Irlande'),(10336,'PRINI',7,'1996-10-23 00:00:00','1996-11-20 00:00:00','1996-10-25 00:00:00',2,77.55,'Princesa Isabel Vinhos','Estrada da saúde n. 58','Lisboa',NULL,'1756','Portugal'),(10337,'FRANK',4,'1996-10-24 00:00:00','1996-11-21 00:00:00','1996-10-29 00:00:00',3,541.3,'Frankenversand','Berliner Platz 43','München',NULL,'80805','Allemagne'),(10338,'OLDWO',4,'1996-10-25 00:00:00','1996-11-22 00:00:00','1996-10-29 00:00:00',3,421.05,'Old World Delicatessen','2743 Bering St.','Anchorage','AK','99508','Etats-Unis'),(10339,'MEREP',2,'1996-10-28 00:00:00','1996-11-25 00:00:00','1996-11-04 00:00:00',2,78.3,'Mère Paillarde','43 rue St. Laurent','Montréal','Québec','H1J 1C3','Canada'),(10340,'BONAP',1,'1996-10-29 00:00:00','1996-11-26 00:00:00','1996-11-08 00:00:00',3,831.55,'Bon app\'','12, rue des Bouchers','Marseille',NULL,'13008','France'),(10341,'SIMOB',7,'1996-10-29 00:00:00','1996-11-26 00:00:00','1996-11-05 00:00:00',3,133.9,'Simons bistro','Vinbæltet 34','København',NULL,'1734','Danemark'),(10342,'FRANK',4,'1996-10-30 00:00:00','1996-11-13 00:00:00','1996-11-04 00:00:00',2,274.15,'Frankenversand','Berliner Platz 43','München',NULL,'80805','Allemagne'),(10343,'LEHMS',4,'1996-10-31 00:00:00','1996-11-28 00:00:00','1996-11-06 00:00:00',1,551.85,'Lehmanns Marktstand','Magazinweg 7','Frankfurt a.M.',NULL,'60528','Allemagne'),(10344,'WHITC',4,'1996-11-01 00:00:00','1996-11-29 00:00:00','1996-11-05 00:00:00',2,116.45,'White Clover Markets','1029 - 12th Ave. S.','Seattle','WA','98124','Etats-Unis'),(10345,'QUICK',2,'1996-11-04 00:00:00','1996-12-02 00:00:00','1996-11-11 00:00:00',2,1245.3,'QUICK-Stop','Taucherstraße 10','Cunewalde',NULL,'01307','Allemagne'),(10346,'RATTC',3,'1996-11-05 00:00:00','1996-12-17 00:00:00','1996-11-08 00:00:00',3,710.4,'Rattlesnake Canyon Grocery','2817 Milton Dr.','Albuquerque','NM','87110','Etats-Unis'),(10347,'FAMIA',4,'1996-11-06 00:00:00','1996-12-04 00:00:00','1996-11-08 00:00:00',3,15.5,'Familia Arquibaldo','Rua Orós, 92','São Paulo','SP','05442-030','Brésil'),(10348,'WANDK',4,'1996-11-07 00:00:00','1996-12-05 00:00:00','1996-11-15 00:00:00',2,3.9,'Die Wandernde Kuh','Adenauerallee 900','Stuttgart',NULL,'70563','Allemagne'),(10349,'SPLIR',7,'1996-11-08 00:00:00','1996-12-06 00:00:00','1996-11-15 00:00:00',1,43.15,'Split Rail Beer & Ale','P.O. Box 555','Lander','WY','82520','Etats-Unis'),(10350,'LAMAI',6,'1996-11-11 00:00:00','1996-12-09 00:00:00','1996-12-03 00:00:00',2,320.95,'La maison d\'Asie','1 rue Alsace-Lorraine','Toulouse',NULL,'31000','France'),(10351,'ERNSH',1,'1996-11-11 00:00:00','1996-12-09 00:00:00','1996-11-20 00:00:00',1,811.65,'Ernst Handel','Kirchgasse 6','Graz',NULL,'8010','Autriche'),(10352,'FURIB',3,'1996-11-12 00:00:00','1996-11-26 00:00:00','1996-11-18 00:00:00',3,6.5,'Furia Bacalhau e Frutos do Mar','Jardim das rosas n. 32','Lisboa',NULL,'1675','Portugal'),(10353,'PICCO',7,'1996-11-13 00:00:00','1996-12-11 00:00:00','1996-11-25 00:00:00',3,1803.15,'Piccolo und mehr','Geislweg 14','Salzburg',NULL,'5020','Autriche'),(10354,'PERIC',8,'1996-11-14 00:00:00','1996-12-12 00:00:00','1996-11-20 00:00:00',3,269,'Pericles Comidas clásicas','Calle Dr. Jorge Cash 321','México D.F.',NULL,'05033','Mexique'),(10355,'AROUT',6,'1996-11-15 00:00:00','1996-12-13 00:00:00','1996-11-20 00:00:00',1,209.75,'Around the Horn','Brook Farm\r\nStratford St. Mary','Colchester','Essex','CO7 6JX','Royaume-Uni'),(10356,'WANDK',6,'1996-11-18 00:00:00','1996-12-16 00:00:00','1996-11-27 00:00:00',2,183.55,'Die Wandernde Kuh','Adenauerallee 900','Stuttgart',NULL,'70563','Allemagne'),(10357,'LILAS',1,'1996-11-19 00:00:00','1996-12-17 00:00:00','1996-12-02 00:00:00',3,174.4,'LILA-Supermercado','Carrera 52 con Ave. Bolívar #65-98 Llano Largo','Barquisimeto','Lara','3508','Venezuela'),(10358,'LAMAI',5,'1996-11-20 00:00:00','1996-12-18 00:00:00','1996-11-27 00:00:00',1,98.2,'La maison d\'Asie','1 rue Alsace-Lorraine','Toulouse',NULL,'31000','France'),(10359,'SEVES',5,'1996-11-21 00:00:00','1996-12-19 00:00:00','1996-11-26 00:00:00',3,1442.15,'Seven Seas Imports','90 Wadhurst Rd.','London',NULL,'OX15 4NB','Royaume-Uni'),(10360,'BLONP',4,'1996-11-22 00:00:00','1996-12-20 00:00:00','1996-12-02 00:00:00',3,658.5,'Blondel père et fils','24, place Kléber','Strasbourg',NULL,'67000','France'),(10361,'QUICK',1,'1996-11-22 00:00:00','1996-12-20 00:00:00','1996-12-03 00:00:00',2,915.85,'QUICK-Stop','Taucherstraße 10','Cunewalde',NULL,'01307','Allemagne'),(10362,'BONAP',3,'1996-11-25 00:00:00','1996-12-23 00:00:00','1996-11-28 00:00:00',1,480.2,'Bon app\'','12, rue des Bouchers','Marseille',NULL,'13008','France'),(10363,'DRACD',4,'1996-11-26 00:00:00','1996-12-24 00:00:00','1996-12-04 00:00:00',3,152.7,'Drachenblut Delikatessen','Walserweg 21','Aachen',NULL,'52066','Allemagne'),(10364,'EASTC',1,'1996-11-26 00:00:00','1997-01-07 00:00:00','1996-12-04 00:00:00',1,359.85,'Eastern Connection','35 King George','London',NULL,'WX3 6FW','Royaume-Uni'),(10365,'ANTON',3,'1996-11-27 00:00:00','1996-12-25 00:00:00','1996-12-02 00:00:00',2,110,'Antonio Moreno Taquería','Mataderos  2312','México D.F.',NULL,'05023','Mexique'),(10366,'GALED',8,'1996-11-28 00:00:00','1997-01-09 00:00:00','1996-12-30 00:00:00',2,50.7,'Galería del gastronómo','Rambla de Cataluña, 23','Barcelona',NULL,'8022','Espagne'),(10367,'VAFFE',7,'1996-11-28 00:00:00','1996-12-26 00:00:00','1996-12-02 00:00:00',3,67.75,'Vaffeljernet','Smagsløget 45','Århus',NULL,'8200','Danemark'),(10368,'ERNSH',2,'1996-11-29 00:00:00','1996-12-27 00:00:00','1996-12-02 00:00:00',2,509.75,'Ernst Handel','Kirchgasse 6','Graz',NULL,'8010','Autriche'),(10369,'SPLIR',8,'1996-12-02 00:00:00','1996-12-30 00:00:00','1996-12-09 00:00:00',2,978.4,'Split Rail Beer & Ale','P.O. Box 555','Lander','WY','82520','Etats-Unis'),(10370,'CHOPS',6,'1996-12-03 00:00:00','1996-12-31 00:00:00','1996-12-27 00:00:00',2,5.85,'Chop-suey Chinese','Hauptstr. 31','Bern',NULL,'3012','Suisse'),(10371,'LAMAI',1,'1996-12-03 00:00:00','1996-12-31 00:00:00','1996-12-24 00:00:00',1,2.25,'La maison d\'Asie','1 rue Alsace-Lorraine','Toulouse',NULL,'31000','France'),(10372,'QUEEN',5,'1996-12-04 00:00:00','1997-01-01 00:00:00','1996-12-09 00:00:00',2,4453.9,'Queen Cozinha','Alameda dos Canàrios, 891','São Paulo','SP','05487-020','Brésil'),(10373,'HUNGO',4,'1996-12-05 00:00:00','1997-01-02 00:00:00','1996-12-11 00:00:00',3,620.6,'Hungry Owl All-Night Grocers','8 Johnstown Road','Cork','Co. Cork',NULL,'Irlande'),(10374,'WOLZA',1,'1996-12-05 00:00:00','1997-01-02 00:00:00','1996-12-09 00:00:00',3,19.7,'Wolski Zajazd','ul. Filtrowa 68','Warszawa',NULL,'01-012','Pologne'),(10375,'HUNGC',3,'1996-12-06 00:00:00','1997-01-03 00:00:00','1996-12-09 00:00:00',2,100.6,'Hungry Coyote Import Store','City Center Plaza\r\n516 Main St.','Elgin','OR','97827','Etats-Unis'),(10376,'MEREP',1,'1996-12-09 00:00:00','1997-01-06 00:00:00','1996-12-13 00:00:00',2,101.95,'Mère Paillarde','43 rue St. Laurent','Montréal','Québec','H1J 1C3','Canada'),(10377,'SEVES',1,'1996-12-09 00:00:00','1997-01-06 00:00:00','1996-12-13 00:00:00',3,111.05,'Seven Seas Imports','90 Wadhurst Rd.','London',NULL,'OX15 4NB','Royaume-Uni'),(10378,'FOLKO',5,'1996-12-10 00:00:00','1997-01-07 00:00:00','1996-12-19 00:00:00',3,27.2,'Folk och fä HB','Åkergatan 24','Bräcke',NULL,'S-844 67','Suède'),(10379,'QUEDE',2,'1996-12-11 00:00:00','1997-01-08 00:00:00','1996-12-13 00:00:00',1,225.15,'Que Delícia','Rua da Panificadora, 12','Rio de Janeiro','RJ','02389-673','Brésil'),(10380,'HUNGO',8,'1996-12-12 00:00:00','1997-01-09 00:00:00','1997-01-16 00:00:00',3,175.15,'Hungry Owl All-Night Grocers','8 Johnstown Road','Cork','Co. Cork',NULL,'Irlande'),(10381,'LILAS',3,'1996-12-12 00:00:00','1997-01-09 00:00:00','1996-12-13 00:00:00',3,39.95,'LILA-Supermercado','Carrera 52 con Ave. Bolívar #65-98 Llano Largo','Barquisimeto','Lara','3508','Venezuela'),(10382,'ERNSH',4,'1996-12-13 00:00:00','1997-01-10 00:00:00','1996-12-16 00:00:00',1,473.85,'Ernst Handel','Kirchgasse 6','Graz',NULL,'8010','Autriche'),(10383,'AROUT',8,'1996-12-16 00:00:00','1997-01-13 00:00:00','1996-12-18 00:00:00',3,171.2,'Around the Horn','Brook Farm\r\nStratford St. Mary','Colchester','Essex','CO7 6JX','Royaume-Uni'),(10384,'BERGS',3,'1996-12-16 00:00:00','1997-01-13 00:00:00','1996-12-20 00:00:00',3,843.2,'Berglunds snabbköp','Berguvsvägen  8','Luleå',NULL,'S-958 22','Suède'),(10385,'SPLIR',1,'1996-12-17 00:00:00','1997-01-14 00:00:00','1996-12-23 00:00:00',2,154.8,'Split Rail Beer & Ale','P.O. Box 555','Lander','WY','82520','Etats-Unis'),(10386,'FAMIA',9,'1996-12-18 00:00:00','1997-01-01 00:00:00','1996-12-25 00:00:00',3,69.95,'Familia Arquibaldo','Rua Orós, 92','São Paulo','SP','05442-030','Brésil'),(10387,'SANTG',1,'1996-12-18 00:00:00','1997-01-15 00:00:00','1996-12-20 00:00:00',2,468.15,'Santé Gourmet','Erling Skakkes gate 78','Stavern',NULL,'4110','Norvège'),(10388,'SEVES',2,'1996-12-19 00:00:00','1997-01-16 00:00:00','1996-12-20 00:00:00',1,174.3,'Seven Seas Imports','90 Wadhurst Rd.','London',NULL,'OX15 4NB','Royaume-Uni'),(10389,'BOTTM',4,'1996-12-20 00:00:00','1997-01-17 00:00:00','1996-12-24 00:00:00',2,237.1,'Bottom-Dollar Markets','23 Tsawassen Blvd.','Tsawassen','BC','T2F 8M4','Canada'),(10390,'ERNSH',6,'1996-12-23 00:00:00','1997-01-20 00:00:00','1996-12-26 00:00:00',1,631.9,'Ernst Handel','Kirchgasse 6','Graz',NULL,'8010','Autriche'),(10391,'DRACD',3,'1996-12-23 00:00:00','1997-01-20 00:00:00','1996-12-31 00:00:00',3,27.25,'Drachenblut Delikatessen','Walserweg 21','Aachen',NULL,'52066','Allemagne'),(10392,'PICCO',2,'1996-12-24 00:00:00','1997-01-21 00:00:00','1997-01-01 00:00:00',3,612.3,'Piccolo und mehr','Geislweg 14','Salzburg',NULL,'5020','Autriche'),(10393,'SAVEA',1,'1996-12-25 00:00:00','1997-01-22 00:00:00','1997-01-03 00:00:00',3,632.8,'Save-a-lot Markets','187 Suffolk Ln.','Boise','ID','83720','Etats-Unis'),(10394,'HUNGC',1,'1996-12-25 00:00:00','1997-01-22 00:00:00','1997-01-03 00:00:00',3,151.7,'Hungry Coyote Import Store','City Center Plaza\r\n516 Main St.','Elgin','OR','97827','Etats-Unis'),(10395,'HILAA',6,'1996-12-26 00:00:00','1997-01-23 00:00:00','1997-01-03 00:00:00',1,922.05,'HILARIÓN-Abastos','Carrera 22 con Ave. Carlos Soublette #8-35','San Cristóbal','Táchira','5022','Venezuela'),(10396,'FRANK',1,'1996-12-27 00:00:00','1997-01-10 00:00:00','1997-01-06 00:00:00',3,676.75,'Frankenversand','Berliner Platz 43','München',NULL,'80805','Allemagne'),(10397,'PRINI',5,'1996-12-27 00:00:00','1997-01-24 00:00:00','1997-01-02 00:00:00',1,301.3,'Princesa Isabel Vinhos','Estrada da saúde n. 58','Lisboa',NULL,'1756','Portugal'),(10398,'SAVEA',2,'1996-12-30 00:00:00','1997-01-27 00:00:00','1997-01-09 00:00:00',3,445.8,'Save-a-lot Markets','187 Suffolk Ln.','Boise','ID','83720','Etats-Unis'),(10399,'VAFFE',8,'1996-12-31 00:00:00','1997-01-14 00:00:00','1997-01-08 00:00:00',3,136.8,'Vaffeljernet','Smagsløget 45','Århus',NULL,'8200','Danemark'),(10400,'EASTC',1,'1997-01-01 00:00:00','1997-01-29 00:00:00','1997-01-16 00:00:00',3,419.65,'Eastern Connection','35 King George','London',NULL,'WX3 6FW','Royaume-Uni'),(10401,'RATTC',1,'1997-01-01 00:00:00','1997-01-29 00:00:00','1997-01-10 00:00:00',1,62.55,'Rattlesnake Canyon Grocery','2817 Milton Dr.','Albuquerque','NM','87110','Etats-Unis'),(10402,'ERNSH',8,'1997-01-02 00:00:00','1997-02-13 00:00:00','1997-01-10 00:00:00',2,339.4,'Ernst Handel','Kirchgasse 6','Graz',NULL,'8010','Autriche'),(10403,'ERNSH',4,'1997-01-03 00:00:00','1997-01-31 00:00:00','1997-01-09 00:00:00',3,368.95,'Ernst Handel','Kirchgasse 6','Graz',NULL,'8010','Autriche'),(10404,'MAGAA',2,'1997-01-03 00:00:00','1997-01-31 00:00:00','1997-01-08 00:00:00',1,779.85,'Magazzini Alimentari Riuniti','Via Ludovico il Moro 22','Bergamo',NULL,'24100','Italie'),(10405,'LINOD',1,'1997-01-06 00:00:00','1997-02-03 00:00:00','1997-01-22 00:00:00',1,174.1,'LINO-Delicateses','Ave. 5 de Mayo Porlamar','I. de Margarita','Nueva Esparta','4980','Venezuela'),(10406,'QUEEN',7,'1997-01-07 00:00:00','1997-02-18 00:00:00','1997-01-13 00:00:00',1,540.2,'Queen Cozinha','Alameda dos Canàrios, 891','São Paulo','SP','05487-020','Brésil'),(10407,'OTTIK',2,'1997-01-07 00:00:00','1997-02-04 00:00:00','1997-01-30 00:00:00',2,457.4,'Ottilies Käseladen','Mehrheimerstr. 369','Köln',NULL,'50739','Allemagne'),(10408,'FOLIG',8,'1997-01-08 00:00:00','1997-02-05 00:00:00','1997-01-14 00:00:00',1,56.3,'Folies gourmandes','184, chaussée de Tournai','Lille',NULL,'59000','France'),(10409,'OCEAN',3,'1997-01-09 00:00:00','1997-02-06 00:00:00','1997-01-14 00:00:00',1,149.15,'Océano Atlántico Ltda.','Ing. Gustavo Moncada 8585\r\nPiso 20-A','Buenos Aires',NULL,'1010','Argentine'),(10410,'BOTTM',3,'1997-01-10 00:00:00','1997-02-07 00:00:00','1997-01-15 00:00:00',3,12,'Bottom-Dollar Markets','23 Tsawassen Blvd.','Tsawassen','BC','T2F 8M4','Canada'),(10411,'BOTTM',9,'1997-01-10 00:00:00','1997-02-07 00:00:00','1997-01-21 00:00:00',3,118.25,'Bottom-Dollar Markets','23 Tsawassen Blvd.','Tsawassen','BC','T2F 8M4','Canada'),(10412,'WARTH',8,'1997-01-13 00:00:00','1997-02-10 00:00:00','1997-01-15 00:00:00',2,18.85,'Wartian Herkku','Torikatu 38','Oulu',NULL,'90110','Finlande'),(10413,'LAMAI',3,'1997-01-14 00:00:00','1997-02-11 00:00:00','1997-01-16 00:00:00',2,478.3,'La maison d\'Asie','1 rue Alsace-Lorraine','Toulouse',NULL,'31000','France'),(10414,'FAMIA',2,'1997-01-14 00:00:00','1997-02-11 00:00:00','1997-01-17 00:00:00',3,107.4,'Familia Arquibaldo','Rua Orós, 92','São Paulo','SP','05442-030','Brésil'),(10415,'HUNGC',3,'1997-01-15 00:00:00','1997-02-12 00:00:00','1997-01-24 00:00:00',1,1,'Hungry Coyote Import Store','City Center Plaza\r\n516 Main St.','Elgin','OR','97827','Etats-Unis'),(10416,'WARTH',8,'1997-01-16 00:00:00','1997-02-13 00:00:00','1997-01-27 00:00:00',3,113.6,'Wartian Herkku','Torikatu 38','Oulu',NULL,'90110','Finlande'),(10417,'SIMOB',4,'1997-01-16 00:00:00','1997-02-13 00:00:00','1997-01-28 00:00:00',3,351.45,'Simons bistro','Vinbæltet 34','København',NULL,'1734','Danemark'),(10418,'QUICK',4,'1997-01-17 00:00:00','1997-02-14 00:00:00','1997-01-24 00:00:00',1,87.75,'QUICK-Stop','Taucherstraße 10','Cunewalde',NULL,'01307','Allemagne'),(10419,'RICSU',4,'1997-01-20 00:00:00','1997-02-17 00:00:00','1997-01-30 00:00:00',2,686.75,'Richter Supermarkt','Starenweg 5','Genève',NULL,'1204','Suisse'),(10420,'WELLI',3,'1997-01-21 00:00:00','1997-02-18 00:00:00','1997-01-27 00:00:00',1,220.6,'Wellington Importadora','Rua do Mercado, 12','Resende','SP','08737-363','Brésil'),(10421,'QUEDE',8,'1997-01-21 00:00:00','1997-03-04 00:00:00','1997-01-27 00:00:00',1,496.15,'Que Delícia','Rua da Panificadora, 12','Rio de Janeiro','RJ','02389-673','Brésil'),(10422,'FRANS',2,'1997-01-22 00:00:00','1997-02-19 00:00:00','1997-01-31 00:00:00',1,15.1,'Franchi S.p.A.','Via Monte Bianco 34','Torino',NULL,'10100','Italie'),(10423,'GOURL',6,'1997-01-23 00:00:00','1997-02-06 00:00:00','1997-02-24 00:00:00',3,122.5,'Gourmet Lanchonetes','Av. Brasil, 442','Campinas','SP','04876-786','Brésil'),(10424,'MEREP',7,'1997-01-23 00:00:00','1997-02-20 00:00:00','1997-01-27 00:00:00',2,1853.05,'Mère Paillarde','43 rue St. Laurent','Montréal','Québec','H1J 1C3','Canada'),(10425,'LAMAI',6,'1997-01-24 00:00:00','1997-02-21 00:00:00','1997-02-14 00:00:00',2,39.65,'La maison d\'Asie','1 rue Alsace-Lorraine','Toulouse',NULL,'31000','France'),(10426,'GALED',4,'1997-01-27 00:00:00','1997-02-24 00:00:00','1997-02-06 00:00:00',1,93.45,'Galería del gastronómo','Rambla de Cataluña, 23','Barcelona',NULL,'8022','Espagne'),(10427,'PICCO',4,'1997-01-27 00:00:00','1997-02-24 00:00:00','1997-03-03 00:00:00',2,156.45,'Piccolo und mehr','Geislweg 14','Salzburg',NULL,'5020','Autriche'),(10428,'REGGC',7,'1997-01-28 00:00:00','1997-02-25 00:00:00','1997-02-04 00:00:00',1,55.45,'Reggiani Caseifici','Strada Provinciale 124','Reggio Emilia',NULL,'42100','Italie'),(10429,'HUNGO',3,'1997-01-29 00:00:00','1997-03-12 00:00:00','1997-02-07 00:00:00',2,283.15,'Hungry Owl All-Night Grocers','8 Johnstown Road','Cork','Co. Cork',NULL,'Irlande'),(10430,'ERNSH',4,'1997-01-30 00:00:00','1997-02-13 00:00:00','1997-02-03 00:00:00',1,2293.9,'Ernst Handel','Kirchgasse 6','Graz',NULL,'8010','Autriche'),(10431,'BOTTM',4,'1997-01-30 00:00:00','1997-02-13 00:00:00','1997-02-07 00:00:00',2,220.85,'Bottom-Dollar Markets','23 Tsawassen Blvd.','Tsawassen','BC','T2F 8M4','Canada'),(10432,'SPLIR',3,'1997-01-31 00:00:00','1997-02-14 00:00:00','1997-02-07 00:00:00',2,21.7,'Split Rail Beer & Ale','P.O. Box 555','Lander','WY','82520','Etats-Unis'),(10433,'PRINI',3,'1997-02-03 00:00:00','1997-03-03 00:00:00','1997-03-04 00:00:00',3,369.15,'Princesa Isabel Vinhos','Estrada da saúde n. 58','Lisboa',NULL,'1756','Portugal'),(10434,'FOLKO',3,'1997-02-03 00:00:00','1997-03-03 00:00:00','1997-02-13 00:00:00',2,89.6,'Folk och fä HB','Åkergatan 24','Bräcke',NULL,'S-844 67','Suède'),(10435,'CONSH',8,'1997-02-04 00:00:00','1997-03-18 00:00:00','1997-02-07 00:00:00',2,46.05,'Consolidated Holdings','Berkeley Gardens\r\n12  Brewery','London',NULL,'WX1 6LT','Royaume-Uni'),(10436,'BLONP',3,'1997-02-05 00:00:00','1997-03-05 00:00:00','1997-02-11 00:00:00',2,783.3,'Blondel père et fils','24, place Kléber','Strasbourg',NULL,'67000','France'),(10437,'WARTH',8,'1997-02-05 00:00:00','1997-03-05 00:00:00','1997-02-12 00:00:00',1,99.85,'Wartian Herkku','Torikatu 38','Oulu',NULL,'90110','Finlande'),(10438,'TOMSP',3,'1997-02-06 00:00:00','1997-03-06 00:00:00','1997-02-14 00:00:00',2,41.2,'Toms Spezialitäten','Luisenstr. 48','Münster',NULL,'44087','Allemagne'),(10439,'MEREP',6,'1997-02-07 00:00:00','1997-03-07 00:00:00','1997-02-10 00:00:00',3,20.35,'Mère Paillarde','43 rue St. Laurent','Montréal','Québec','H1J 1C3','Canada'),(10440,'SAVEA',4,'1997-02-10 00:00:00','1997-03-10 00:00:00','1997-02-28 00:00:00',2,432.65,'Save-a-lot Markets','187 Suffolk Ln.','Boise','ID','83720','Etats-Unis'),(10441,'OLDWO',3,'1997-02-10 00:00:00','1997-03-24 00:00:00','1997-03-14 00:00:00',2,365.1,'Old World Delicatessen','2743 Bering St.','Anchorage','AK','99508','Etats-Unis'),(10442,'ERNSH',3,'1997-02-11 00:00:00','1997-03-11 00:00:00','1997-02-18 00:00:00',2,239.7,'Ernst Handel','Kirchgasse 6','Graz',NULL,'8010','Autriche'),(10443,'REGGC',8,'1997-02-12 00:00:00','1997-03-12 00:00:00','1997-02-14 00:00:00',1,69.75,'Reggiani Caseifici','Strada Provinciale 124','Reggio Emilia',NULL,'42100','Italie'),(10444,'BERGS',3,'1997-02-12 00:00:00','1997-03-12 00:00:00','1997-02-21 00:00:00',3,17.5,'Berglunds snabbköp','Berguvsvägen  8','Luleå',NULL,'S-958 22','Suède'),(10445,'BERGS',3,'1997-02-13 00:00:00','1997-03-13 00:00:00','1997-02-20 00:00:00',1,46.5,'Berglunds snabbköp','Berguvsvägen  8','Luleå',NULL,'S-958 22','Suède'),(10446,'TOMSP',6,'1997-02-14 00:00:00','1997-03-14 00:00:00','1997-02-19 00:00:00',1,73.4,'Toms Spezialitäten','Luisenstr. 48','Münster',NULL,'44087','Allemagne'),(10447,'RICAR',4,'1997-02-14 00:00:00','1997-03-14 00:00:00','1997-03-07 00:00:00',2,343.3,'Ricardo Adocicados','Av. Copacabana, 267','Rio de Janeiro','RJ','02389-890','Brésil'),(10448,'RANCH',4,'1997-02-17 00:00:00','1997-03-17 00:00:00','1997-02-24 00:00:00',2,194.1,'Rancho grande','Av. del Libertador 900','Buenos Aires',NULL,'1010','Argentine'),(10449,'BLONP',3,'1997-02-18 00:00:00','1997-03-18 00:00:00','1997-02-27 00:00:00',2,266.5,'Blondel père et fils','24, place Kléber','Strasbourg',NULL,'67000','France'),(10450,'VICTE',8,'1997-02-19 00:00:00','1997-03-19 00:00:00','1997-03-11 00:00:00',2,36.15,'Victuailles en stock','2, rue du Commerce','Lyon',NULL,'69004','France'),(10451,'QUICK',4,'1997-02-19 00:00:00','1997-03-05 00:00:00','1997-03-12 00:00:00',3,945.45,'QUICK-Stop','Taucherstraße 10','Cunewalde',NULL,'01307','Allemagne'),(10452,'SAVEA',8,'1997-02-20 00:00:00','1997-03-20 00:00:00','1997-02-26 00:00:00',1,701.3,'Save-a-lot Markets','187 Suffolk Ln.','Boise','ID','83720','Etats-Unis'),(10453,'AROUT',1,'1997-02-21 00:00:00','1997-03-21 00:00:00','1997-02-26 00:00:00',2,126.8,'Around the Horn','Brook Farm\r\nStratford St. Mary','Colchester','Essex','CO7 6JX','Royaume-Uni'),(10454,'LAMAI',4,'1997-02-21 00:00:00','1997-03-21 00:00:00','1997-02-25 00:00:00',3,13.7,'La maison d\'Asie','1 rue Alsace-Lorraine','Toulouse',NULL,'31000','France'),(10455,'WARTH',8,'1997-02-24 00:00:00','1997-04-07 00:00:00','1997-03-03 00:00:00',2,902.25,'Wartian Herkku','Torikatu 38','Oulu',NULL,'90110','Finlande'),(10456,'KOENE',8,'1997-02-25 00:00:00','1997-04-08 00:00:00','1997-02-28 00:00:00',2,40.6,'Königlich Essen','Maubelstr. 90','Brandenburg',NULL,'14776','Allemagne'),(10457,'KOENE',2,'1997-02-25 00:00:00','1997-03-25 00:00:00','1997-03-03 00:00:00',1,57.85,'Königlich Essen','Maubelstr. 90','Brandenburg',NULL,'14776','Allemagne'),(10458,'SUPRD',7,'1997-02-26 00:00:00','1997-03-26 00:00:00','1997-03-04 00:00:00',3,735.3,'Suprêmes délices','Boulevard Tirou, 255','Charleroi',NULL,'B-6000','Belgique'),(10459,'VICTE',4,'1997-02-27 00:00:00','1997-03-27 00:00:00','1997-02-28 00:00:00',2,125.45,'Victuailles en stock','2, rue du Commerce','Lyon',NULL,'69004','France'),(10460,'FOLKO',8,'1997-02-28 00:00:00','1997-03-28 00:00:00','1997-03-03 00:00:00',1,81.35,'Folk och fä HB','Åkergatan 24','Bräcke',NULL,'S-844 67','Suède'),(10461,'LILAS',1,'1997-02-28 00:00:00','1997-03-28 00:00:00','1997-03-05 00:00:00',3,743.05,'LILA-Supermercado','Carrera 52 con Ave. Bolívar #65-98 Llano Largo','Barquisimeto','Lara','3508','Venezuela'),(10462,'CONSH',2,'1997-03-03 00:00:00','1997-03-31 00:00:00','1997-03-18 00:00:00',1,30.85,'Consolidated Holdings','Berkeley Gardens\r\n12  Brewery','London',NULL,'WX1 6LT','Royaume-Uni'),(10463,'SUPRD',5,'1997-03-04 00:00:00','1997-04-01 00:00:00','1997-03-06 00:00:00',3,73.9,'Suprêmes délices','Boulevard Tirou, 255','Charleroi',NULL,'B-6000','Belgique'),(10464,'FURIB',4,'1997-03-04 00:00:00','1997-04-01 00:00:00','1997-03-14 00:00:00',2,445,'Furia Bacalhau e Frutos do Mar','Jardim das rosas n. 32','Lisboa',NULL,'1675','Portugal'),(10465,'VAFFE',1,'1997-03-05 00:00:00','1997-04-02 00:00:00','1997-03-14 00:00:00',3,725.2,'Vaffeljernet','Smagsløget 45','Århus',NULL,'8200','Danemark'),(10466,'COMMI',4,'1997-03-06 00:00:00','1997-04-03 00:00:00','1997-03-13 00:00:00',1,59.65,'Comércio Mineiro','Av. dos Lusíadas, 23','São Paulo','SP','05432-043','Brésil'),(10467,'MAGAA',8,'1997-03-06 00:00:00','1997-04-03 00:00:00','1997-03-11 00:00:00',2,24.65,'Magazzini Alimentari Riuniti','Via Ludovico il Moro 22','Bergamo',NULL,'24100','Italie'),(10468,'KOENE',3,'1997-03-07 00:00:00','1997-04-04 00:00:00','1997-03-12 00:00:00',3,220.6,'Königlich Essen','Maubelstr. 90','Brandenburg',NULL,'14776','Allemagne'),(10469,'WHITC',1,'1997-03-10 00:00:00','1997-04-07 00:00:00','1997-03-14 00:00:00',1,300.9,'White Clover Markets','1029 - 12th Ave. S.','Seattle','WA','98124','Etats-Unis'),(10470,'BONAP',4,'1997-03-11 00:00:00','1997-04-08 00:00:00','1997-03-14 00:00:00',2,322.8,'Bon app\'','12, rue des Bouchers','Marseille',NULL,'13008','France'),(10471,'BSBEV',2,'1997-03-11 00:00:00','1997-04-08 00:00:00','1997-03-18 00:00:00',3,227.95,'B\'s Beverages','Fauntleroy Circus','London',NULL,'EC2 5NT','Royaume-Uni'),(10472,'SEVES',8,'1997-03-12 00:00:00','1997-04-09 00:00:00','1997-03-19 00:00:00',1,21,'Seven Seas Imports','90 Wadhurst Rd.','London',NULL,'OX15 4NB','Royaume-Uni'),(10473,'ISLAT',1,'1997-03-13 00:00:00','1997-03-27 00:00:00','1997-03-21 00:00:00',3,81.85,'Island Trading','Garden House\r\nCrowther Way','Cowes','Isle of Wigth','PO31 7PJ','Royaume-Uni'),(10474,'PERIC',5,'1997-03-13 00:00:00','1997-04-10 00:00:00','1997-03-21 00:00:00',2,417.45,'Pericles Comidas clásicas','Calle Dr. Jorge Cash 321','México D.F.',NULL,'05033','Mexique'),(10475,'SUPRD',9,'1997-03-14 00:00:00','1997-04-11 00:00:00','1997-04-04 00:00:00',1,342.6,'Suprêmes délices','Boulevard Tirou, 255','Charleroi',NULL,'B-6000','Belgique'),(10476,'HILAA',8,'1997-03-17 00:00:00','1997-04-14 00:00:00','1997-03-24 00:00:00',3,22.05,'HILARIÓN-Abastos','Carrera 22 con Ave. Carlos Soublette #8-35','San Cristóbal','Táchira','5022','Venezuela'),(10477,'PRINI',5,'1997-03-17 00:00:00','1997-04-14 00:00:00','1997-03-25 00:00:00',2,65.1,'Princesa Isabel Vinhos','Estrada da saúde n. 58','Lisboa',NULL,'1756','Portugal'),(10478,'VICTE',2,'1997-03-18 00:00:00','1997-04-01 00:00:00','1997-03-26 00:00:00',3,24.05,'Victuailles en stock','2, rue du Commerce','Lyon',NULL,'69004','France'),(10479,'RATTC',3,'1997-03-19 00:00:00','1997-04-16 00:00:00','1997-03-21 00:00:00',3,3544.75,'Rattlesnake Canyon Grocery','2817 Milton Dr.','Albuquerque','NM','87110','Etats-Unis'),(10480,'FOLIG',6,'1997-03-20 00:00:00','1997-04-17 00:00:00','1997-03-24 00:00:00',2,6.75,'Folies gourmandes','184, chaussée de Tournai','Lille',NULL,'59000','France'),(10481,'RICAR',8,'1997-03-20 00:00:00','1997-04-17 00:00:00','1997-03-25 00:00:00',2,321.65,'Ricardo Adocicados','Av. Copacabana, 267','Rio de Janeiro','RJ','02389-890','Brésil'),(10482,'LAZYK',1,'1997-03-21 00:00:00','1997-04-18 00:00:00','1997-04-10 00:00:00',3,37.4,'Lazy K Kountry Store','12 Orchestra Terrace','Walla Walla','WA','99362','Etats-Unis'),(10483,'WHITC',7,'1997-03-24 00:00:00','1997-04-21 00:00:00','1997-04-25 00:00:00',2,76.4,'White Clover Markets','1029 - 12th Ave. S.','Seattle','WA','98124','Etats-Unis'),(10484,'BSBEV',3,'1997-03-24 00:00:00','1997-04-21 00:00:00','1997-04-01 00:00:00',3,34.4,'B\'s Beverages','Fauntleroy Circus','London',NULL,'EC2 5NT','Royaume-Uni'),(10485,'LINOD',4,'1997-03-25 00:00:00','1997-04-08 00:00:00','1997-03-31 00:00:00',2,322.25,'LINO-Delicateses','Ave. 5 de Mayo Porlamar','I. de Margarita','Nueva Esparta','4980','Venezuela'),(10486,'HILAA',1,'1997-03-26 00:00:00','1997-04-23 00:00:00','1997-04-02 00:00:00',2,152.65,'HILARIÓN-Abastos','Carrera 22 con Ave. Carlos Soublette #8-35','San Cristóbal','Táchira','5022','Venezuela'),(10487,'QUEEN',2,'1997-03-26 00:00:00','1997-04-23 00:00:00','1997-03-28 00:00:00',2,355.35,'Queen Cozinha','Alameda dos Canàrios, 891','São Paulo','SP','05487-020','Brésil'),(10488,'FRANK',8,'1997-03-27 00:00:00','1997-04-24 00:00:00','1997-04-02 00:00:00',2,24.65,'Frankenversand','Berliner Platz 43','München',NULL,'80805','Allemagne'),(10489,'PICCO',6,'1997-03-28 00:00:00','1997-04-25 00:00:00','1997-04-09 00:00:00',2,26.45,'Piccolo und mehr','Geislweg 14','Salzburg',NULL,'5020','Autriche'),(10490,'HILAA',7,'1997-03-31 00:00:00','1997-04-28 00:00:00','1997-04-03 00:00:00',2,1050.95,'HILARIÓN-Abastos','Carrera 22 con Ave. Carlos Soublette #8-35','San Cristóbal','Táchira','5022','Venezuela'),(10491,'FURIB',8,'1997-03-31 00:00:00','1997-04-28 00:00:00','1997-04-08 00:00:00',3,84.8,'Furia Bacalhau e Frutos do Mar','Jardim das rosas n. 32','Lisboa',NULL,'1675','Portugal'),(10492,'BOTTM',3,'1997-04-01 00:00:00','1997-04-29 00:00:00','1997-04-11 00:00:00',1,314.45,'Bottom-Dollar Markets','23 Tsawassen Blvd.','Tsawassen','BC','T2F 8M4','Canada'),(10493,'LAMAI',4,'1997-04-02 00:00:00','1997-04-30 00:00:00','1997-04-10 00:00:00',3,53.2,'La maison d\'Asie','1 rue Alsace-Lorraine','Toulouse',NULL,'31000','France'),(10494,'COMMI',4,'1997-04-02 00:00:00','1997-04-30 00:00:00','1997-04-09 00:00:00',2,329.95,'Comércio Mineiro','Av. dos Lusíadas, 23','São Paulo','SP','05432-043','Brésil'),(10495,'LAUGB',3,'1997-04-03 00:00:00','1997-05-01 00:00:00','1997-04-11 00:00:00',3,23.25,'Laughing Bacchus Wine Cellars','2319 Elm St.','Vancouver','BC','V3F 2K1','Canada'),(10496,'TRADH',7,'1997-04-04 00:00:00','1997-05-02 00:00:00','1997-04-07 00:00:00',2,233.85,'Tradição Hipermercados','Av. Inês de Castro, 414','São Paulo','SP','05634-030','Brésil'),(10497,'LEHMS',7,'1997-04-04 00:00:00','1997-05-02 00:00:00','1997-04-07 00:00:00',1,181.05,'Lehmanns Marktstand','Magazinweg 7','Frankfurt a.M.',NULL,'60528','Allemagne'),(10498,'HILAA',8,'1997-04-07 00:00:00','1997-05-05 00:00:00','1997-04-11 00:00:00',2,148.75,'HILARIÓN-Abastos','Carrera 22 con Ave. Carlos Soublette #8-35','San Cristóbal','Táchira','5022','Venezuela'),(10499,'LILAS',4,'1997-04-08 00:00:00','1997-05-06 00:00:00','1997-04-16 00:00:00',2,510.1,'LILA-Supermercado','Carrera 52 con Ave. Bolívar #65-98 Llano Largo','Barquisimeto','Lara','3508','Venezuela'),(10500,'LAMAI',6,'1997-04-09 00:00:00','1997-05-07 00:00:00','1997-04-17 00:00:00',1,213.4,'La maison d\'Asie','1 rue Alsace-Lorraine','Toulouse',NULL,'31000','France'),(10501,'BLAUS',9,'1997-04-09 00:00:00','1997-05-07 00:00:00','1997-04-16 00:00:00',3,44.25,'Blauer See Delikatessen','Forsterstr. 57','Mannheim',NULL,'68306','Allemagne'),(10502,'PERIC',2,'1997-04-10 00:00:00','1997-05-08 00:00:00','1997-04-29 00:00:00',1,346.6,'Pericles Comidas clásicas','Calle Dr. Jorge Cash 321','México D.F.',NULL,'05033','Mexique'),(10503,'HUNGO',6,'1997-04-11 00:00:00','1997-05-09 00:00:00','1997-04-16 00:00:00',2,83.7,'Hungry Owl All-Night Grocers','8 Johnstown Road','Cork','Co. Cork',NULL,'Irlande'),(10504,'WHITC',4,'1997-04-11 00:00:00','1997-05-09 00:00:00','1997-04-18 00:00:00',3,295.65,'White Clover Markets','1029 - 12th Ave. S.','Seattle','WA','98124','Etats-Unis'),(10505,'MEREP',3,'1997-04-14 00:00:00','1997-05-12 00:00:00','1997-04-21 00:00:00',3,35.65,'Mère Paillarde','43 rue St. Laurent','Montréal','Québec','H1J 1C3','Canada'),(10506,'KOENE',9,'1997-04-15 00:00:00','1997-05-13 00:00:00','1997-05-02 00:00:00',2,105.95,'Königlich Essen','Maubelstr. 90','Brandenburg',NULL,'14776','Allemagne'),(10507,'ANTON',7,'1997-04-15 00:00:00','1997-05-13 00:00:00','1997-04-22 00:00:00',1,237.25,'Antonio Moreno Taquería','Mataderos  2312','México D.F.',NULL,'05023','Mexique'),(10508,'OTTIK',1,'1997-04-16 00:00:00','1997-05-14 00:00:00','1997-05-13 00:00:00',2,24.95,'Ottilies Käseladen','Mehrheimerstr. 369','Köln',NULL,'50739','Allemagne'),(10509,'BLAUS',4,'1997-04-17 00:00:00','1997-05-15 00:00:00','1997-04-29 00:00:00',1,0.75,'Blauer See Delikatessen','Forsterstr. 57','Mannheim',NULL,'68306','Allemagne'),(10510,'SAVEA',6,'1997-04-18 00:00:00','1997-05-16 00:00:00','1997-04-28 00:00:00',3,1838.15,'Save-a-lot Markets','187 Suffolk Ln.','Boise','ID','83720','Etats-Unis'),(10511,'BONAP',4,'1997-04-18 00:00:00','1997-05-16 00:00:00','1997-04-21 00:00:00',3,1753.2,'Bon app\'','12, rue des Bouchers','Marseille',NULL,'13008','France'),(10512,'FAMIA',7,'1997-04-21 00:00:00','1997-05-19 00:00:00','1997-04-24 00:00:00',2,17.65,'Familia Arquibaldo','Rua Orós, 92','São Paulo','SP','05442-030','Brésil'),(10513,'WANDK',7,'1997-04-22 00:00:00','1997-06-03 00:00:00','1997-04-28 00:00:00',1,528.25,'Die Wandernde Kuh','Adenauerallee 900','Stuttgart',NULL,'70563','Allemagne'),(10514,'ERNSH',3,'1997-04-22 00:00:00','1997-05-20 00:00:00','1997-05-16 00:00:00',2,3949.75,'Ernst Handel','Kirchgasse 6','Graz',NULL,'8010','Autriche'),(10515,'QUICK',2,'1997-04-23 00:00:00','1997-05-07 00:00:00','1997-05-23 00:00:00',1,1022.35,'QUICK-Stop','Taucherstraße 10','Cunewalde',NULL,'01307','Allemagne'),(10516,'HUNGO',2,'1997-04-24 00:00:00','1997-05-22 00:00:00','1997-05-01 00:00:00',3,313.9,'Hungry Owl All-Night Grocers','8 Johnstown Road','Cork','Co. Cork',NULL,'Irlande'),(10517,'NORTS',3,'1997-04-24 00:00:00','1997-05-22 00:00:00','1997-04-29 00:00:00',3,160.35,'North/South','South House\r\n300 Queensbridge','London',NULL,'SW7 1RZ','Royaume-Uni'),(10518,'TORTU',4,'1997-04-25 00:00:00','1997-05-09 00:00:00','1997-05-05 00:00:00',2,1090.75,'Tortuga Restaurante','Avda. Azteca 123','México D.F.',NULL,'05033','Mexique'),(10519,'CHOPS',6,'1997-04-28 00:00:00','1997-05-26 00:00:00','1997-05-01 00:00:00',3,458.8,'Chop-suey Chinese','Hauptstr. 31','Bern',NULL,'3012','Suisse'),(10520,'SANTG',7,'1997-04-29 00:00:00','1997-05-27 00:00:00','1997-05-01 00:00:00',1,66.85,'Santé Gourmet','Erling Skakkes gate 78','Stavern',NULL,'4110','Norvège'),(10521,'CACTU',8,'1997-04-29 00:00:00','1997-05-27 00:00:00','1997-05-02 00:00:00',2,86.1,'Cactus Comidas para llevar','Cerrito 333','Buenos Aires',NULL,'1010','Argentine'),(10522,'LEHMS',4,'1997-04-30 00:00:00','1997-05-28 00:00:00','1997-05-06 00:00:00',1,226.65,'Lehmanns Marktstand','Magazinweg 7','Frankfurt a.M.',NULL,'60528','Allemagne'),(10523,'SEVES',7,'1997-05-01 00:00:00','1997-05-29 00:00:00','1997-05-30 00:00:00',2,388.15,'Seven Seas Imports','90 Wadhurst Rd.','London',NULL,'OX15 4NB','Royaume-Uni'),(10524,'BERGS',1,'1997-05-01 00:00:00','1997-05-29 00:00:00','1997-05-07 00:00:00',2,1223.95,'Berglunds snabbköp','Berguvsvägen  8','Luleå',NULL,'S-958 22','Suède'),(10525,'BONAP',1,'1997-05-02 00:00:00','1997-05-30 00:00:00','1997-05-23 00:00:00',2,55.3,'Bon app\'','12, rue des Bouchers','Marseille',NULL,'13008','France'),(10526,'WARTH',4,'1997-05-05 00:00:00','1997-06-02 00:00:00','1997-05-15 00:00:00',2,292.95,'Wartian Herkku','Torikatu 38','Oulu',NULL,'90110','Finlande'),(10527,'QUICK',7,'1997-05-05 00:00:00','1997-06-02 00:00:00','1997-05-07 00:00:00',1,209.5,'QUICK-Stop','Taucherstraße 10','Cunewalde',NULL,'01307','Allemagne'),(10528,'GREAL',6,'1997-05-06 00:00:00','1997-05-20 00:00:00','1997-05-09 00:00:00',2,16.75,'Great Lakes Food Market','2732 Baker Blvd.','Eugene','OR','97403','Etats-Unis'),(10529,'MAISD',5,'1997-05-07 00:00:00','1997-06-04 00:00:00','1997-05-09 00:00:00',2,333.45,'Maison Dewey','Rue Joseph-Bens 532','Bruxelles',NULL,'B-1180','Belgique'),(10530,'PICCO',3,'1997-05-08 00:00:00','1997-06-05 00:00:00','1997-05-12 00:00:00',2,1696.1,'Piccolo und mehr','Geislweg 14','Salzburg',NULL,'5020','Autriche'),(10531,'OCEAN',7,'1997-05-08 00:00:00','1997-06-05 00:00:00','1997-05-19 00:00:00',1,40.6,'Océano Atlántico Ltda.','Ing. Gustavo Moncada 8585\r\nPiso 20-A','Buenos Aires',NULL,'1010','Argentine'),(10532,'EASTC',7,'1997-05-09 00:00:00','1997-06-06 00:00:00','1997-05-12 00:00:00',3,372.3,'Eastern Connection','35 King George','London',NULL,'WX3 6FW','Royaume-Uni'),(10533,'FOLKO',8,'1997-05-12 00:00:00','1997-06-09 00:00:00','1997-05-22 00:00:00',1,940.2,'Folk och fä HB','Åkergatan 24','Bräcke',NULL,'S-844 67','Suède'),(10534,'LEHMS',8,'1997-05-12 00:00:00','1997-06-09 00:00:00','1997-05-14 00:00:00',2,139.7,'Lehmanns Marktstand','Magazinweg 7','Frankfurt a.M.',NULL,'60528','Allemagne'),(10535,'ANTON',4,'1997-05-13 00:00:00','1997-06-10 00:00:00','1997-05-21 00:00:00',1,78.2,'Antonio Moreno Taquería','Mataderos  2312','México D.F.',NULL,'05023','Mexique'),(10536,'LEHMS',3,'1997-05-14 00:00:00','1997-06-11 00:00:00','1997-06-06 00:00:00',2,294.4,'Lehmanns Marktstand','Magazinweg 7','Frankfurt a.M.',NULL,'60528','Allemagne'),(10537,'RICSU',1,'1997-05-14 00:00:00','1997-05-28 00:00:00','1997-05-19 00:00:00',1,394.25,'Richter Supermarkt','Starenweg 5','Genève',NULL,'1204','Suisse'),(10538,'BSBEV',9,'1997-05-15 00:00:00','1997-06-12 00:00:00','1997-05-16 00:00:00',3,24.35,'B\'s Beverages','Fauntleroy Circus','London',NULL,'EC2 5NT','Royaume-Uni'),(10539,'BSBEV',6,'1997-05-16 00:00:00','1997-06-13 00:00:00','1997-05-23 00:00:00',3,61.8,'B\'s Beverages','Fauntleroy Circus','London',NULL,'EC2 5NT','Royaume-Uni'),(10540,'QUICK',3,'1997-05-19 00:00:00','1997-06-16 00:00:00','1997-06-13 00:00:00',3,5038.2,'QUICK-Stop','Taucherstraße 10','Cunewalde',NULL,'01307','Allemagne'),(10541,'HANAR',2,'1997-05-19 00:00:00','1997-06-16 00:00:00','1997-05-29 00:00:00',1,343.25,'Hanari Carnes','Rua do Paço, 67','Rio de Janeiro','RJ','05454-876','Brésil'),(10542,'KOENE',1,'1997-05-20 00:00:00','1997-06-17 00:00:00','1997-05-26 00:00:00',3,54.75,'Königlich Essen','Maubelstr. 90','Brandenburg',NULL,'14776','Allemagne'),(10543,'LILAS',8,'1997-05-21 00:00:00','1997-06-18 00:00:00','1997-05-23 00:00:00',2,240.85,'LILA-Supermercado','Carrera 52 con Ave. Bolívar #65-98 Llano Largo','Barquisimeto','Lara','3508','Venezuela'),(10544,'LONEP',4,'1997-05-21 00:00:00','1997-06-18 00:00:00','1997-05-30 00:00:00',1,124.55,'Lonesome Pine Restaurant','89 Chiaroscuro Rd.','Portland','OR','97219','Etats-Unis'),(10545,'LAZYK',8,'1997-05-22 00:00:00','1997-06-19 00:00:00','1997-06-26 00:00:00',2,59.6,'Lazy K Kountry Store','12 Orchestra Terrace','Walla Walla','WA','99362','Etats-Unis'),(10546,'VICTE',1,'1997-05-23 00:00:00','1997-06-20 00:00:00','1997-05-27 00:00:00',3,973.6,'Victuailles en stock','2, rue du Commerce','Lyon',NULL,'69004','France'),(10547,'SEVES',3,'1997-05-23 00:00:00','1997-06-20 00:00:00','1997-06-02 00:00:00',2,892.15,'Seven Seas Imports','90 Wadhurst Rd.','London',NULL,'OX15 4NB','Royaume-Uni'),(10548,'TOMSP',3,'1997-05-26 00:00:00','1997-06-23 00:00:00','1997-06-02 00:00:00',2,7.15,'Toms Spezialitäten','Luisenstr. 48','Münster',NULL,'44087','Allemagne'),(10549,'QUICK',5,'1997-05-27 00:00:00','1997-06-10 00:00:00','1997-05-30 00:00:00',1,856.2,'QUICK-Stop','Taucherstraße 10','Cunewalde',NULL,'01307','Allemagne'),(10550,'GODOS',7,'1997-05-28 00:00:00','1997-06-25 00:00:00','1997-06-06 00:00:00',3,21.6,'Godos Cocina Típica','C/ Romero, 33','Sevilla',NULL,'41101','Espagne'),(10551,'FURIB',4,'1997-05-28 00:00:00','1997-07-09 00:00:00','1997-06-06 00:00:00',3,364.75,'Furia Bacalhau e Frutos do Mar','Jardim das rosas n. 32','Lisboa',NULL,'1675','Portugal'),(10552,'HILAA',2,'1997-05-29 00:00:00','1997-06-26 00:00:00','1997-06-05 00:00:00',1,416.1,'HILARIÓN-Abastos','Carrera 22 con Ave. Carlos Soublette #8-35','San Cristóbal','Táchira','5022','Venezuela'),(10553,'WARTH',2,'1997-05-30 00:00:00','1997-06-27 00:00:00','1997-06-03 00:00:00',2,747.45,'Wartian Herkku','Torikatu 38','Oulu',NULL,'90110','Finlande'),(10554,'OTTIK',4,'1997-05-30 00:00:00','1997-06-27 00:00:00','1997-06-05 00:00:00',3,604.85,'Ottilies Käseladen','Mehrheimerstr. 369','Köln',NULL,'50739','Allemagne'),(10555,'SAVEA',6,'1997-06-02 00:00:00','1997-06-30 00:00:00','1997-06-04 00:00:00',3,1262.45,'Save-a-lot Markets','187 Suffolk Ln.','Boise','ID','83720','Etats-Unis'),(10556,'SIMOB',2,'1997-06-03 00:00:00','1997-07-15 00:00:00','1997-06-13 00:00:00',1,49,'Simons bistro','Vinbæltet 34','København',NULL,'1734','Danemark'),(10557,'LEHMS',9,'1997-06-03 00:00:00','1997-06-17 00:00:00','1997-06-06 00:00:00',2,483.6,'Lehmanns Marktstand','Magazinweg 7','Frankfurt a.M.',NULL,'60528','Allemagne'),(10558,'AROUT',1,'1997-06-04 00:00:00','1997-07-02 00:00:00','1997-06-10 00:00:00',2,364.85,'Around the Horn','Brook Farm\r\nStratford St. Mary','Colchester','Essex','CO7 6JX','Royaume-Uni'),(10559,'BLONP',6,'1997-06-05 00:00:00','1997-07-03 00:00:00','1997-06-13 00:00:00',1,40.25,'Blondel père et fils','24, place Kléber','Strasbourg',NULL,'67000','France'),(10560,'FRANK',8,'1997-06-06 00:00:00','1997-07-04 00:00:00','1997-06-09 00:00:00',1,183.25,'Frankenversand','Berliner Platz 43','München',NULL,'80805','Allemagne'),(10561,'FOLKO',2,'1997-06-06 00:00:00','1997-07-04 00:00:00','1997-06-09 00:00:00',2,1211.05,'Folk och fä HB','Åkergatan 24','Bräcke',NULL,'S-844 67','Suède'),(10562,'REGGC',1,'1997-06-09 00:00:00','1997-07-07 00:00:00','1997-06-12 00:00:00',1,114.75,'Reggiani Caseifici','Strada Provinciale 124','Reggio Emilia',NULL,'42100','Italie'),(10563,'RICAR',2,'1997-06-10 00:00:00','1997-07-22 00:00:00','1997-06-24 00:00:00',2,302.15,'Ricardo Adocicados','Av. Copacabana, 267','Rio de Janeiro','RJ','02389-890','Brésil'),(10564,'RATTC',4,'1997-06-10 00:00:00','1997-07-08 00:00:00','1997-06-16 00:00:00',3,68.75,'Rattlesnake Canyon Grocery','2817 Milton Dr.','Albuquerque','NM','87110','Etats-Unis'),(10565,'MEREP',8,'1997-06-11 00:00:00','1997-07-09 00:00:00','1997-06-18 00:00:00',2,35.75,'Mère Paillarde','43 rue St. Laurent','Montréal','Québec','H1J 1C3','Canada'),(10566,'BLONP',9,'1997-06-12 00:00:00','1997-07-10 00:00:00','1997-06-18 00:00:00',1,442,'Blondel père et fils','24, place Kléber','Strasbourg',NULL,'67000','France'),(10567,'HUNGO',1,'1997-06-12 00:00:00','1997-07-10 00:00:00','1997-06-17 00:00:00',1,169.85,'Hungry Owl All-Night Grocers','8 Johnstown Road','Cork','Co. Cork',NULL,'Irlande'),(10568,'GALED',3,'1997-06-13 00:00:00','1997-07-11 00:00:00','1997-07-09 00:00:00',3,32.7,'Galería del gastronómo','Rambla de Cataluña, 23','Barcelona',NULL,'8022','Espagne'),(10569,'RATTC',5,'1997-06-16 00:00:00','1997-07-14 00:00:00','1997-07-11 00:00:00',1,294.9,'Rattlesnake Canyon Grocery','2817 Milton Dr.','Albuquerque','NM','87110','Etats-Unis'),(10570,'MEREP',3,'1997-06-17 00:00:00','1997-07-15 00:00:00','1997-06-19 00:00:00',3,944.95,'Mère Paillarde','43 rue St. Laurent','Montréal','Québec','H1J 1C3','Canada'),(10571,'ERNSH',8,'1997-06-17 00:00:00','1997-07-29 00:00:00','1997-07-04 00:00:00',3,130.3,'Ernst Handel','Kirchgasse 6','Graz',NULL,'8010','Autriche'),(10572,'BERGS',3,'1997-06-18 00:00:00','1997-07-16 00:00:00','1997-06-25 00:00:00',2,582.15,'Berglunds snabbköp','Berguvsvägen  8','Luleå',NULL,'S-958 22','Suède'),(10573,'ANTON',7,'1997-06-19 00:00:00','1997-07-17 00:00:00','1997-06-20 00:00:00',3,424.2,'Antonio Moreno Taquería','Mataderos  2312','México D.F.',NULL,'05023','Mexique'),(10574,'TRAIH',4,'1997-06-19 00:00:00','1997-07-17 00:00:00','1997-06-30 00:00:00',2,188,'Trail\'s Head Gourmet Provisioners','722 DaVinci Blvd.','Kirkland','WA','98034','Etats-Unis'),(10575,'MORGK',5,'1997-06-20 00:00:00','1997-07-04 00:00:00','1997-06-30 00:00:00',1,636.7,'Morgenstern Gesundkost','Heerstr. 22','Leipzig',NULL,'04179','Allemagne'),(10576,'TORTU',3,'1997-06-23 00:00:00','1997-07-07 00:00:00','1997-06-30 00:00:00',3,92.8,'Tortuga Restaurante','Avda. Azteca 123','México D.F.',NULL,'05033','Mexique'),(10577,'TRAIH',9,'1997-06-23 00:00:00','1997-08-04 00:00:00','1997-06-30 00:00:00',2,127.05,'Trail\'s Head Gourmet Provisioners','722 DaVinci Blvd.','Kirkland','WA','98034','Etats-Unis'),(10578,'BSBEV',4,'1997-06-24 00:00:00','1997-07-22 00:00:00','1997-07-25 00:00:00',3,148,'B\'s Beverages','Fauntleroy Circus','London',NULL,'EC2 5NT','Royaume-Uni'),(10579,'LETSS',1,'1997-06-25 00:00:00','1997-07-23 00:00:00','1997-07-04 00:00:00',2,68.65,'Let\'s Stop N Shop','87 Polk St.\r\nSuite 5','San Francisco','CA','94117','Etats-Unis'),(10580,'OTTIK',4,'1997-06-26 00:00:00','1997-07-24 00:00:00','1997-07-01 00:00:00',3,379.45,'Ottilies Käseladen','Mehrheimerstr. 369','Köln',NULL,'50739','Allemagne'),(10581,'FAMIA',3,'1997-06-26 00:00:00','1997-07-24 00:00:00','1997-07-02 00:00:00',1,15.05,'Familia Arquibaldo','Rua Orós, 92','São Paulo','SP','05442-030','Brésil'),(10582,'BLAUS',3,'1997-06-27 00:00:00','1997-07-25 00:00:00','1997-07-14 00:00:00',2,138.55,'Blauer See Delikatessen','Forsterstr. 57','Mannheim',NULL,'68306','Allemagne'),(10583,'WARTH',2,'1997-06-30 00:00:00','1997-07-28 00:00:00','1997-07-04 00:00:00',2,36.4,'Wartian Herkku','Torikatu 38','Oulu',NULL,'90110','Finlande'),(10584,'BLONP',4,'1997-06-30 00:00:00','1997-07-28 00:00:00','1997-07-04 00:00:00',1,295.7,'Blondel père et fils','24, place Kléber','Strasbourg',NULL,'67000','France'),(10585,'WELLI',7,'1997-07-01 00:00:00','1997-07-29 00:00:00','1997-07-10 00:00:00',1,67.05,'Wellington Importadora','Rua do Mercado, 12','Resende','SP','08737-363','Brésil'),(10586,'REGGC',9,'1997-07-02 00:00:00','1997-07-30 00:00:00','1997-07-09 00:00:00',1,2.4,'Reggiani Caseifici','Strada Provinciale 124','Reggio Emilia',NULL,'42100','Italie'),(10587,'QUEDE',1,'1997-07-02 00:00:00','1997-07-30 00:00:00','1997-07-09 00:00:00',1,312.6,'Que Delícia','Rua da Panificadora, 12','Rio de Janeiro','RJ','02389-673','Brésil'),(10588,'QUICK',2,'1997-07-03 00:00:00','1997-07-31 00:00:00','1997-07-10 00:00:00',3,973.35,'QUICK-Stop','Taucherstraße 10','Cunewalde',NULL,'01307','Allemagne'),(10589,'GREAL',8,'1997-07-04 00:00:00','1997-08-01 00:00:00','1997-07-14 00:00:00',2,22.1,'Great Lakes Food Market','2732 Baker Blvd.','Eugene','OR','97403','Etats-Unis'),(10590,'MEREP',4,'1997-07-07 00:00:00','1997-08-04 00:00:00','1997-07-14 00:00:00',3,223.85,'Mère Paillarde','43 rue St. Laurent','Montréal','Québec','H1J 1C3','Canada'),(10591,'VAFFE',1,'1997-07-07 00:00:00','1997-07-21 00:00:00','1997-07-16 00:00:00',1,279.6,'Vaffeljernet','Smagsløget 45','Århus',NULL,'8200','Danemark'),(10592,'LEHMS',3,'1997-07-08 00:00:00','1997-08-05 00:00:00','1997-07-16 00:00:00',1,160.5,'Lehmanns Marktstand','Magazinweg 7','Frankfurt a.M.',NULL,'60528','Allemagne'),(10593,'LEHMS',7,'1997-07-09 00:00:00','1997-08-06 00:00:00','1997-08-13 00:00:00',2,871,'Lehmanns Marktstand','Magazinweg 7','Frankfurt a.M.',NULL,'60528','Allemagne'),(10594,'OLDWO',3,'1997-07-09 00:00:00','1997-08-06 00:00:00','1997-07-16 00:00:00',2,26.2,'Old World Delicatessen','2743 Bering St.','Anchorage','AK','99508','Etats-Unis'),(10595,'ERNSH',2,'1997-07-10 00:00:00','1997-08-07 00:00:00','1997-07-14 00:00:00',1,483.9,'Ernst Handel','Kirchgasse 6','Graz',NULL,'8010','Autriche'),(10596,'WHITC',8,'1997-07-11 00:00:00','1997-08-08 00:00:00','1997-08-12 00:00:00',1,81.7,'White Clover Markets','1029 - 12th Ave. S.','Seattle','WA','98124','Etats-Unis'),(10597,'PICCO',7,'1997-07-11 00:00:00','1997-08-08 00:00:00','1997-07-18 00:00:00',3,175.6,'Piccolo und mehr','Geislweg 14','Salzburg',NULL,'5020','Autriche'),(10598,'RATTC',1,'1997-07-14 00:00:00','1997-08-11 00:00:00','1997-07-18 00:00:00',3,222.1,'Rattlesnake Canyon Grocery','2817 Milton Dr.','Albuquerque','NM','87110','Etats-Unis'),(10599,'BSBEV',6,'1997-07-15 00:00:00','1997-08-26 00:00:00','1997-07-21 00:00:00',3,149.9,'B\'s Beverages','Fauntleroy Circus','London',NULL,'EC2 5NT','Royaume-Uni'),(10600,'HUNGC',4,'1997-07-16 00:00:00','1997-08-13 00:00:00','1997-07-21 00:00:00',1,225.65,'Hungry Coyote Import Store','City Center Plaza\r\n516 Main St.','Elgin','OR','97827','Etats-Unis'),(10601,'HILAA',7,'1997-07-16 00:00:00','1997-08-27 00:00:00','1997-07-22 00:00:00',1,291.5,'HILARIÓN-Abastos','Carrera 22 con Ave. Carlos Soublette #8-35','San Cristóbal','Táchira','5022','Venezuela'),(10602,'VAFFE',8,'1997-07-17 00:00:00','1997-08-14 00:00:00','1997-07-22 00:00:00',2,14.6,'Vaffeljernet','Smagsløget 45','Århus',NULL,'8200','Danemark'),(10603,'SAVEA',8,'1997-07-18 00:00:00','1997-08-15 00:00:00','1997-08-08 00:00:00',2,243.85,'Save-a-lot Markets','187 Suffolk Ln.','Boise','ID','83720','Etats-Unis'),(10604,'FURIB',1,'1997-07-18 00:00:00','1997-08-15 00:00:00','1997-07-29 00:00:00',1,37.3,'Furia Bacalhau e Frutos do Mar','Jardim das rosas n. 32','Lisboa',NULL,'1675','Portugal'),(10605,'MEREP',1,'1997-07-21 00:00:00','1997-08-18 00:00:00','1997-07-29 00:00:00',2,1895.65,'Mère Paillarde','43 rue St. Laurent','Montréal','Québec','H1J 1C3','Canada'),(10606,'TRADH',4,'1997-07-22 00:00:00','1997-08-19 00:00:00','1997-07-31 00:00:00',3,397,'Tradição Hipermercados','Av. Inês de Castro, 414','São Paulo','SP','05634-030','Brésil'),(10607,'SAVEA',5,'1997-07-22 00:00:00','1997-08-19 00:00:00','1997-07-25 00:00:00',1,1001.2,'Save-a-lot Markets','187 Suffolk Ln.','Boise','ID','83720','Etats-Unis'),(10608,'TOMSP',4,'1997-07-23 00:00:00','1997-08-20 00:00:00','1997-08-01 00:00:00',2,138.95,'Toms Spezialitäten','Luisenstr. 48','Münster',NULL,'44087','Allemagne'),(10609,'DUMON',7,'1997-07-24 00:00:00','1997-08-21 00:00:00','1997-07-30 00:00:00',2,9.25,'Du monde entier','67, rue des Cinquante Otages','Nantes',NULL,'44000','France'),(10610,'LAMAI',8,'1997-07-25 00:00:00','1997-08-22 00:00:00','1997-08-06 00:00:00',1,133.9,'La maison d\'Asie','1 rue Alsace-Lorraine','Toulouse',NULL,'31000','France'),(10611,'WOLZA',6,'1997-07-25 00:00:00','1997-08-22 00:00:00','1997-08-01 00:00:00',2,403.25,'Wolski Zajazd','ul. Filtrowa 68','Warszawa',NULL,'01-012','Pologne'),(10612,'SAVEA',1,'1997-07-28 00:00:00','1997-08-25 00:00:00','1997-08-01 00:00:00',2,2720.4,'Save-a-lot Markets','187 Suffolk Ln.','Boise','ID','83720','Etats-Unis'),(10613,'HILAA',4,'1997-07-29 00:00:00','1997-08-26 00:00:00','1997-08-01 00:00:00',2,40.55,'HILARIÓN-Abastos','Carrera 22 con Ave. Carlos Soublette #8-35','San Cristóbal','Táchira','5022','Venezuela'),(10614,'BLAUS',8,'1997-07-29 00:00:00','1997-08-26 00:00:00','1997-08-01 00:00:00',3,9.65,'Blauer See Delikatessen','Forsterstr. 57','Mannheim',NULL,'68306','Allemagne'),(10615,'WILMK',2,'1997-07-30 00:00:00','1997-08-27 00:00:00','1997-08-06 00:00:00',3,3.75,'Wilman Kala','Keskuskatu 45','Helsinki',NULL,'21240','Finlande'),(10616,'GREAL',1,'1997-07-31 00:00:00','1997-08-28 00:00:00','1997-08-05 00:00:00',2,582.65,'Great Lakes Food Market','2732 Baker Blvd.','Eugene','OR','97403','Etats-Unis'),(10617,'GREAL',4,'1997-07-31 00:00:00','1997-08-28 00:00:00','1997-08-04 00:00:00',2,92.65,'Great Lakes Food Market','2732 Baker Blvd.','Eugene','OR','97403','Etats-Unis'),(10618,'MEREP',1,'1997-08-01 00:00:00','1997-09-12 00:00:00','1997-08-08 00:00:00',1,773.4,'Mère Paillarde','43 rue St. Laurent','Montréal','Québec','H1J 1C3','Canada'),(10619,'MEREP',3,'1997-08-04 00:00:00','1997-09-01 00:00:00','1997-08-07 00:00:00',3,455.25,'Mère Paillarde','43 rue St. Laurent','Montréal','Québec','H1J 1C3','Canada'),(10620,'LAUGB',2,'1997-08-05 00:00:00','1997-09-02 00:00:00','1997-08-14 00:00:00',3,4.7,'Laughing Bacchus Wine Cellars','2319 Elm St.','Vancouver','BC','V3F 2K1','Canada'),(10621,'ISLAT',4,'1997-08-05 00:00:00','1997-09-02 00:00:00','1997-08-11 00:00:00',2,118.65,'Island Trading','Garden House\r\nCrowther Way','Cowes','Isle of Wigth','PO31 7PJ','Royaume-Uni'),(10622,'RICAR',4,'1997-08-06 00:00:00','1997-09-03 00:00:00','1997-08-11 00:00:00',3,254.85,'Ricardo Adocicados','Av. Copacabana, 267','Rio de Janeiro','RJ','02389-890','Brésil'),(10623,'FRANK',8,'1997-08-07 00:00:00','1997-09-04 00:00:00','1997-08-12 00:00:00',2,485.9,'Frankenversand','Berliner Platz 43','München',NULL,'80805','Allemagne'),(10624,'THECR',4,'1997-08-07 00:00:00','1997-09-04 00:00:00','1997-08-19 00:00:00',2,474,'The Cracker Box','55 Grizzly Peak Rd.','Butte','MT','59801','Etats-Unis'),(10625,'ANATR',3,'1997-08-08 00:00:00','1997-09-05 00:00:00','1997-08-14 00:00:00',1,219.5,'Ana Trujillo Emparedados y helados','Avda. de la Constitución 2222','México D.F.',NULL,'05021','Mexique'),(10626,'BERGS',1,'1997-08-11 00:00:00','1997-09-08 00:00:00','1997-08-20 00:00:00',2,693.45,'Berglunds snabbköp','Berguvsvägen  8','Luleå',NULL,'S-958 22','Suède'),(10627,'SAVEA',8,'1997-08-11 00:00:00','1997-09-22 00:00:00','1997-08-21 00:00:00',3,537.3,'Save-a-lot Markets','187 Suffolk Ln.','Boise','ID','83720','Etats-Unis'),(10628,'BLONP',4,'1997-08-12 00:00:00','1997-09-09 00:00:00','1997-08-20 00:00:00',3,151.8,'Blondel père et fils','24, place Kléber','Strasbourg',NULL,'67000','France'),(10629,'GODOS',4,'1997-08-12 00:00:00','1997-09-09 00:00:00','1997-08-20 00:00:00',3,427.3,'Godos Cocina Típica','C/ Romero, 33','Sevilla',NULL,'41101','Espagne'),(10630,'KOENE',1,'1997-08-13 00:00:00','1997-09-10 00:00:00','1997-08-19 00:00:00',2,161.75,'Königlich Essen','Maubelstr. 90','Brandenburg',NULL,'14776','Allemagne'),(10631,'LAMAI',8,'1997-08-14 00:00:00','1997-09-11 00:00:00','1997-08-15 00:00:00',1,4.35,'La maison d\'Asie','1 rue Alsace-Lorraine','Toulouse',NULL,'31000','France'),(10632,'WANDK',8,'1997-08-14 00:00:00','1997-09-11 00:00:00','1997-08-19 00:00:00',1,206.9,'Die Wandernde Kuh','Adenauerallee 900','Stuttgart',NULL,'70563','Allemagne'),(10633,'ERNSH',7,'1997-08-15 00:00:00','1997-09-12 00:00:00','1997-08-18 00:00:00',3,2389.5,'Ernst Handel','Kirchgasse 6','Graz',NULL,'8010','Autriche'),(10634,'FOLIG',4,'1997-08-15 00:00:00','1997-09-12 00:00:00','1997-08-21 00:00:00',3,2436.9,'Folies gourmandes','184, chaussée de Tournai','Lille',NULL,'59000','France'),(10635,'MAGAA',8,'1997-08-18 00:00:00','1997-09-15 00:00:00','1997-08-21 00:00:00',3,237.3,'Magazzini Alimentari Riuniti','Via Ludovico il Moro 22','Bergamo',NULL,'24100','Italie'),(10636,'WARTH',4,'1997-08-19 00:00:00','1997-09-16 00:00:00','1997-08-26 00:00:00',1,5.75,'Wartian Herkku','Torikatu 38','Oulu',NULL,'90110','Finlande'),(10637,'QUEEN',6,'1997-08-19 00:00:00','1997-09-16 00:00:00','1997-08-26 00:00:00',1,1006.45,'Queen Cozinha','Alameda dos Canàrios, 891','São Paulo','SP','05487-020','Brésil'),(10638,'LINOD',3,'1997-08-20 00:00:00','1997-09-17 00:00:00','1997-09-01 00:00:00',1,792.2,'LINO-Delicateses','Ave. 5 de Mayo Porlamar','I. de Margarita','Nueva Esparta','4980','Venezuela'),(10639,'SANTG',7,'1997-08-20 00:00:00','1997-09-17 00:00:00','1997-08-27 00:00:00',3,193.2,'Santé Gourmet','Erling Skakkes gate 78','Stavern',NULL,'4110','Norvège'),(10640,'WANDK',4,'1997-08-21 00:00:00','1997-09-18 00:00:00','1997-08-28 00:00:00',1,117.75,'Die Wandernde Kuh','Adenauerallee 900','Stuttgart',NULL,'70563','Allemagne'),(10641,'HILAA',4,'1997-08-22 00:00:00','1997-09-19 00:00:00','1997-08-26 00:00:00',2,898.05,'HILARIÓN-Abastos','Carrera 22 con Ave. Carlos Soublette #8-35','San Cristóbal','Táchira','5022','Venezuela'),(10642,'SIMOB',7,'1997-08-22 00:00:00','1997-09-19 00:00:00','1997-09-05 00:00:00',3,209.45,'Simons bistro','Vinbæltet 34','København',NULL,'1734','Danemark'),(10643,'AROUT',6,'1997-08-25 00:00:00','1997-09-22 00:00:00','1997-09-02 00:00:00',1,147.3,'Around the Horn','120 Hanover Sq.','London',NULL,'WA1 1DP','Royaume-Uni'),(10644,'WELLI',3,'1997-08-25 00:00:00','1997-09-22 00:00:00','1997-09-01 00:00:00',2,0.7,'Wellington Importadora','Rua do Mercado, 12','Resende','SP','08737-363','Brésil'),(10645,'HANAR',4,'1997-08-26 00:00:00','1997-09-23 00:00:00','1997-09-02 00:00:00',1,62.05,'Hanari Carnes','Rua do Paço, 67','Rio de Janeiro','RJ','05454-876','Brésil'),(10646,'HUNGO',9,'1997-08-27 00:00:00','1997-10-08 00:00:00','1997-09-03 00:00:00',3,711.65,'Hungry Owl All-Night Grocers','8 Johnstown Road','Cork','Co. Cork',NULL,'Irlande'),(10647,'QUEDE',4,'1997-08-27 00:00:00','1997-09-10 00:00:00','1997-09-03 00:00:00',2,227.7,'Que Delícia','Rua da Panificadora, 12','Rio de Janeiro','RJ','02389-673','Brésil'),(10648,'RICAR',5,'1997-08-28 00:00:00','1997-10-09 00:00:00','1997-09-09 00:00:00',2,71.25,'Ricardo Adocicados','Av. Copacabana, 267','Rio de Janeiro','RJ','02389-890','Brésil'),(10649,'MAISD',5,'1997-08-28 00:00:00','1997-09-25 00:00:00','1997-08-29 00:00:00',3,31,'Maison Dewey','Rue Joseph-Bens 532','Bruxelles',NULL,'B-1180','Belgique'),(10650,'FAMIA',5,'1997-08-29 00:00:00','1997-09-26 00:00:00','1997-09-03 00:00:00',3,884.05,'Familia Arquibaldo','Rua Orós, 92','São Paulo','SP','05442-030','Brésil'),(10651,'WANDK',8,'1997-09-01 00:00:00','1997-09-29 00:00:00','1997-09-11 00:00:00',2,103,'Die Wandernde Kuh','Adenauerallee 900','Stuttgart',NULL,'70563','Allemagne'),(10652,'GOURL',4,'1997-09-01 00:00:00','1997-09-29 00:00:00','1997-09-08 00:00:00',2,35.7,'Gourmet Lanchonetes','Av. Brasil, 442','Campinas','SP','04876-786','Brésil'),(10653,'FRANK',1,'1997-09-02 00:00:00','1997-09-30 00:00:00','1997-09-19 00:00:00',1,466.25,'Frankenversand','Berliner Platz 43','München',NULL,'80805','Allemagne'),(10654,'BERGS',5,'1997-09-02 00:00:00','1997-09-30 00:00:00','1997-09-11 00:00:00',1,276.3,'Berglunds snabbköp','Berguvsvägen  8','Luleå',NULL,'S-958 22','Suède'),(10655,'REGGC',1,'1997-09-03 00:00:00','1997-10-01 00:00:00','1997-09-11 00:00:00',2,22.05,'Reggiani Caseifici','Strada Provinciale 124','Reggio Emilia',NULL,'42100','Italie'),(10656,'GREAL',6,'1997-09-04 00:00:00','1997-10-02 00:00:00','1997-09-10 00:00:00',1,285.75,'Great Lakes Food Market','2732 Baker Blvd.','Eugene','OR','97403','Etats-Unis'),(10657,'SAVEA',2,'1997-09-04 00:00:00','1997-10-02 00:00:00','1997-09-15 00:00:00',2,1763.45,'Save-a-lot Markets','187 Suffolk Ln.','Boise','ID','83720','Etats-Unis'),(10658,'QUICK',4,'1997-09-05 00:00:00','1997-10-03 00:00:00','1997-09-08 00:00:00',1,1820.75,'QUICK-Stop','Taucherstraße 10','Cunewalde',NULL,'01307','Allemagne'),(10659,'QUEEN',7,'1997-09-05 00:00:00','1997-10-03 00:00:00','1997-09-10 00:00:00',2,529.05,'Queen Cozinha','Alameda dos Canàrios, 891','São Paulo','SP','05487-020','Brésil'),(10660,'HUNGC',8,'1997-09-08 00:00:00','1997-10-06 00:00:00','1997-10-15 00:00:00',1,556.45,'Hungry Coyote Import Store','City Center Plaza\r\n516 Main St.','Elgin','OR','97827','Etats-Unis'),(10661,'HUNGO',7,'1997-09-09 00:00:00','1997-10-07 00:00:00','1997-09-15 00:00:00',3,87.75,'Hungry Owl All-Night Grocers','8 Johnstown Road','Cork','Co. Cork',NULL,'Irlande'),(10662,'LONEP',3,'1997-09-09 00:00:00','1997-10-07 00:00:00','1997-09-18 00:00:00',2,6.4,'Lonesome Pine Restaurant','89 Chiaroscuro Rd.','Portland','OR','97219','Etats-Unis'),(10663,'BONAP',2,'1997-09-10 00:00:00','1997-09-24 00:00:00','1997-10-03 00:00:00',2,565.75,'Bon app\'','12, rue des Bouchers','Marseille',NULL,'13008','France'),(10664,'FURIB',1,'1997-09-10 00:00:00','1997-10-08 00:00:00','1997-09-19 00:00:00',3,6.35,'Furia Bacalhau e Frutos do Mar','Jardim das rosas n. 32','Lisboa',NULL,'1675','Portugal'),(10665,'LONEP',1,'1997-09-11 00:00:00','1997-10-09 00:00:00','1997-09-17 00:00:00',2,131.55,'Lonesome Pine Restaurant','89 Chiaroscuro Rd.','Portland','OR','97219','Etats-Unis'),(10666,'RICSU',7,'1997-09-12 00:00:00','1997-10-10 00:00:00','1997-09-22 00:00:00',2,1162.1,'Richter Supermarkt','Starenweg 5','Genève',NULL,'1204','Suisse'),(10667,'ERNSH',7,'1997-09-12 00:00:00','1997-10-10 00:00:00','1997-09-19 00:00:00',1,390.45,'Ernst Handel','Kirchgasse 6','Graz',NULL,'8010','Autriche'),(10668,'WANDK',1,'1997-09-15 00:00:00','1997-10-13 00:00:00','1997-09-23 00:00:00',2,236.1,'Die Wandernde Kuh','Adenauerallee 900','Stuttgart',NULL,'70563','Allemagne'),(10669,'SIMOB',2,'1997-09-15 00:00:00','1997-10-13 00:00:00','1997-09-22 00:00:00',1,121.95,'Simons bistro','Vinbæltet 34','København',NULL,'1734','Danemark'),(10670,'FRANK',4,'1997-09-16 00:00:00','1997-10-14 00:00:00','1997-09-18 00:00:00',1,1017.4,'Frankenversand','Berliner Platz 43','München',NULL,'80805','Allemagne'),(10671,'FRANR',1,'1997-09-17 00:00:00','1997-10-15 00:00:00','1997-09-24 00:00:00',1,151.7,'France restauration','54, rue Royale','Nantes',NULL,'44000','France'),(10672,'BERGS',9,'1997-09-17 00:00:00','1997-10-01 00:00:00','1997-09-26 00:00:00',2,478.75,'Berglunds snabbköp','Berguvsvägen  8','Luleå',NULL,'S-958 22','Suède'),(10673,'WILMK',2,'1997-09-18 00:00:00','1997-10-16 00:00:00','1997-09-19 00:00:00',1,113.8,'Wilman Kala','Keskuskatu 45','Helsinki',NULL,'21240','Finlande'),(10674,'ISLAT',4,'1997-09-18 00:00:00','1997-10-16 00:00:00','1997-09-30 00:00:00',2,4.5,'Island Trading','Garden House\r\nCrowther Way','Cowes','Isle of Wigth','PO31 7PJ','Royaume-Uni'),(10675,'FRANK',5,'1997-09-19 00:00:00','1997-10-17 00:00:00','1997-09-23 00:00:00',2,159.25,'Frankenversand','Berliner Platz 43','München',NULL,'80805','Allemagne'),(10676,'TORTU',2,'1997-09-22 00:00:00','1997-10-20 00:00:00','1997-09-29 00:00:00',2,10.05,'Tortuga Restaurante','Avda. Azteca 123','México D.F.',NULL,'05033','Mexique'),(10677,'ANTON',1,'1997-09-22 00:00:00','1997-10-20 00:00:00','1997-09-26 00:00:00',3,20.15,'Antonio Moreno Taquería','Mataderos  2312','México D.F.',NULL,'05023','Mexique'),(10678,'SAVEA',7,'1997-09-23 00:00:00','1997-10-21 00:00:00','1997-10-16 00:00:00',3,1944.9,'Save-a-lot Markets','187 Suffolk Ln.','Boise','ID','83720','Etats-Unis'),(10679,'BLONP',8,'1997-09-23 00:00:00','1997-10-21 00:00:00','1997-09-30 00:00:00',3,139.7,'Blondel père et fils','24, place Kléber','Strasbourg',NULL,'67000','France'),(10680,'OLDWO',1,'1997-09-24 00:00:00','1997-10-22 00:00:00','1997-09-26 00:00:00',1,133.05,'Old World Delicatessen','2743 Bering St.','Anchorage','AK','99508','Etats-Unis'),(10681,'GREAL',3,'1997-09-25 00:00:00','1997-10-23 00:00:00','1997-09-30 00:00:00',3,380.65,'Great Lakes Food Market','2732 Baker Blvd.','Eugene','OR','97403','Etats-Unis'),(10682,'ANTON',3,'1997-09-25 00:00:00','1997-10-23 00:00:00','1997-10-01 00:00:00',2,180.65,'Antonio Moreno Taquería','Mataderos  2312','México D.F.',NULL,'05023','Mexique'),(10683,'DUMON',2,'1997-09-26 00:00:00','1997-10-24 00:00:00','1997-10-01 00:00:00',1,22,'Du monde entier','67, rue des Cinquante Otages','Nantes',NULL,'44000','France'),(10684,'OTTIK',3,'1997-09-26 00:00:00','1997-10-24 00:00:00','1997-09-30 00:00:00',1,728.15,'Ottilies Käseladen','Mehrheimerstr. 369','Köln',NULL,'50739','Allemagne'),(10685,'GOURL',4,'1997-09-29 00:00:00','1997-10-13 00:00:00','1997-10-03 00:00:00',2,168.75,'Gourmet Lanchonetes','Av. Brasil, 442','Campinas','SP','04876-786','Brésil'),(10686,'PICCO',2,'1997-09-30 00:00:00','1997-10-28 00:00:00','1997-10-08 00:00:00',1,482.5,'Piccolo und mehr','Geislweg 14','Salzburg',NULL,'5020','Autriche'),(10687,'HUNGO',9,'1997-09-30 00:00:00','1997-10-28 00:00:00','1997-10-30 00:00:00',2,1482.15,'Hungry Owl All-Night Grocers','8 Johnstown Road','Cork','Co. Cork',NULL,'Irlande'),(10688,'VAFFE',4,'1997-10-01 00:00:00','1997-10-15 00:00:00','1997-10-07 00:00:00',2,1495.45,'Vaffeljernet','Smagsløget 45','Århus',NULL,'8200','Danemark'),(10689,'BERGS',1,'1997-10-01 00:00:00','1997-10-29 00:00:00','1997-10-07 00:00:00',2,67.1,'Berglunds snabbköp','Berguvsvägen  8','Luleå',NULL,'S-958 22','Suède'),(10690,'HANAR',1,'1997-10-02 00:00:00','1997-10-30 00:00:00','1997-10-03 00:00:00',1,79,'Hanari Carnes','Rua do Paço, 67','Rio de Janeiro','RJ','05454-876','Brésil'),(10691,'QUICK',2,'1997-10-03 00:00:00','1997-11-14 00:00:00','1997-10-22 00:00:00',2,4050.25,'QUICK-Stop','Taucherstraße 10','Cunewalde',NULL,'01307','Allemagne'),(10692,'BSBEV',4,'1997-10-03 00:00:00','1997-10-31 00:00:00','1997-10-13 00:00:00',2,305.1,'B\'s Beverages','Fauntleroy Circus','London',NULL,'EC2 5NT','Royaume-Uni'),(10693,'WHITC',3,'1997-10-06 00:00:00','1997-10-20 00:00:00','1997-10-10 00:00:00',3,696.7,'White Clover Markets','1029 - 12th Ave. S.','Seattle','WA','98124','Etats-Unis'),(10694,'QUICK',8,'1997-10-06 00:00:00','1997-11-03 00:00:00','1997-10-09 00:00:00',3,1991.8,'QUICK-Stop','Taucherstraße 10','Cunewalde',NULL,'01307','Allemagne'),(10695,'WILMK',7,'1997-10-07 00:00:00','1997-11-18 00:00:00','1997-10-14 00:00:00',1,83.6,'Wilman Kala','Keskuskatu 45','Helsinki',NULL,'21240','Finlande'),(10696,'WHITC',8,'1997-10-08 00:00:00','1997-11-19 00:00:00','1997-10-14 00:00:00',3,512.75,'White Clover Markets','1029 - 12th Ave. S.','Seattle','WA','98124','Etats-Unis'),(10697,'LINOD',3,'1997-10-08 00:00:00','1997-11-05 00:00:00','1997-10-14 00:00:00',1,227.6,'LINO-Delicateses','Ave. 5 de Mayo Porlamar','I. de Margarita','Nueva Esparta','4980','Venezuela'),(10698,'ERNSH',4,'1997-10-09 00:00:00','1997-11-06 00:00:00','1997-10-17 00:00:00',1,1362.35,'Ernst Handel','Kirchgasse 6','Graz',NULL,'8010','Autriche'),(10699,'MORGK',3,'1997-10-09 00:00:00','1997-11-06 00:00:00','1997-10-13 00:00:00',3,2.9,'Morgenstern Gesundkost','Heerstr. 22','Leipzig',NULL,'04179','Allemagne'),(10700,'SAVEA',3,'1997-10-10 00:00:00','1997-11-07 00:00:00','1997-10-16 00:00:00',1,325.5,'Save-a-lot Markets','187 Suffolk Ln.','Boise','ID','83720','Etats-Unis'),(10701,'HUNGO',6,'1997-10-13 00:00:00','1997-10-27 00:00:00','1997-10-15 00:00:00',3,1101.55,'Hungry Owl All-Night Grocers','8 Johnstown Road','Cork','Co. Cork',NULL,'Irlande'),(10702,'ALFKI',4,'1997-10-13 00:00:00','1997-11-24 00:00:00','1997-10-21 00:00:00',1,119.7,'Alfreds Futterkiste','Obere Str. 57','Berlin',NULL,'12209','Allemagne'),(10703,'FOLKO',6,'1997-10-14 00:00:00','1997-11-11 00:00:00','1997-10-20 00:00:00',2,761.5,'Folk och fä HB','Åkergatan 24','Bräcke',NULL,'S-844 67','Suède'),(10704,'QUEEN',6,'1997-10-14 00:00:00','1997-11-11 00:00:00','1997-11-07 00:00:00',1,23.9,'Queen Cozinha','Alameda dos Canàrios, 891','São Paulo','SP','05487-020','Brésil'),(10705,'HILAA',9,'1997-10-15 00:00:00','1997-11-12 00:00:00','1997-11-18 00:00:00',2,17.6,'HILARIÓN-Abastos','Carrera 22 con Ave. Carlos Soublette #8-35','San Cristóbal','Táchira','5022','Venezuela'),(10706,'OLDWO',8,'1997-10-16 00:00:00','1997-11-13 00:00:00','1997-10-21 00:00:00',3,678.15,'Old World Delicatessen','2743 Bering St.','Anchorage','AK','99508','Etats-Unis'),(10707,'AROUT',4,'1997-10-16 00:00:00','1997-10-30 00:00:00','1997-10-23 00:00:00',3,108.7,'Around the Horn','Brook Farm\r\nStratford St. Mary','Colchester','Essex','CO7 6JX','Royaume-Uni'),(10708,'THEBI',6,'1997-10-17 00:00:00','1997-11-28 00:00:00','1997-11-05 00:00:00',2,14.8,'The Big Cheese','89 Jefferson Way\r\nSuite 2','Portland','OR','97201','Etats-Unis'),(10709,'GOURL',1,'1997-10-17 00:00:00','1997-11-14 00:00:00','1997-11-20 00:00:00',3,1054,'Gourmet Lanchonetes','Av. Brasil, 442','Campinas','SP','04876-786','Brésil'),(10710,'FRANS',1,'1997-10-20 00:00:00','1997-11-17 00:00:00','1997-10-23 00:00:00',1,24.9,'Franchi S.p.A.','Via Monte Bianco 34','Torino',NULL,'10100','Italie'),(10711,'SAVEA',5,'1997-10-21 00:00:00','1997-12-02 00:00:00','1997-10-29 00:00:00',2,262.05,'Save-a-lot Markets','187 Suffolk Ln.','Boise','ID','83720','Etats-Unis'),(10712,'HUNGO',3,'1997-10-21 00:00:00','1997-11-18 00:00:00','1997-10-31 00:00:00',1,449.65,'Hungry Owl All-Night Grocers','8 Johnstown Road','Cork','Co. Cork',NULL,'Irlande'),(10713,'SAVEA',1,'1997-10-22 00:00:00','1997-11-19 00:00:00','1997-10-24 00:00:00',1,835.25,'Save-a-lot Markets','187 Suffolk Ln.','Boise','ID','83720','Etats-Unis'),(10714,'SAVEA',5,'1997-10-22 00:00:00','1997-11-19 00:00:00','1997-10-27 00:00:00',3,122.45,'Save-a-lot Markets','187 Suffolk Ln.','Boise','ID','83720','Etats-Unis'),(10715,'BONAP',3,'1997-10-23 00:00:00','1997-11-06 00:00:00','1997-10-29 00:00:00',1,316,'Bon app\'','12, rue des Bouchers','Marseille',NULL,'13008','France'),(10716,'RANCH',4,'1997-10-24 00:00:00','1997-11-21 00:00:00','1997-10-27 00:00:00',2,112.85,'Rancho grande','Av. del Libertador 900','Buenos Aires',NULL,'1010','Argentine'),(10717,'FRANK',1,'1997-10-24 00:00:00','1997-11-21 00:00:00','1997-10-29 00:00:00',2,296.25,'Frankenversand','Berliner Platz 43','München',NULL,'80805','Allemagne'),(10718,'KOENE',1,'1997-10-27 00:00:00','1997-11-24 00:00:00','1997-10-29 00:00:00',3,854.4,'Königlich Essen','Maubelstr. 90','Brandenburg',NULL,'14776','Allemagne'),(10719,'LETSS',8,'1997-10-27 00:00:00','1997-11-24 00:00:00','1997-11-05 00:00:00',2,257.2,'Let\'s Stop N Shop','87 Polk St.\r\nSuite 5','San Francisco','CA','94117','Etats-Unis'),(10720,'QUEDE',8,'1997-10-28 00:00:00','1997-11-11 00:00:00','1997-11-05 00:00:00',2,47.65,'Que Delícia','Rua da Panificadora, 12','Rio de Janeiro','RJ','02389-673','Brésil'),(10721,'QUICK',5,'1997-10-29 00:00:00','1997-11-26 00:00:00','1997-10-31 00:00:00',3,244.6,'QUICK-Stop','Taucherstraße 10','Cunewalde',NULL,'01307','Allemagne'),(10722,'SAVEA',8,'1997-10-29 00:00:00','1997-12-10 00:00:00','1997-11-04 00:00:00',1,372.9,'Save-a-lot Markets','187 Suffolk Ln.','Boise','ID','83720','Etats-Unis'),(10723,'WHITC',3,'1997-10-30 00:00:00','1997-11-27 00:00:00','1997-11-25 00:00:00',1,108.6,'White Clover Markets','1029 - 12th Ave. S.','Seattle','WA','98124','Etats-Unis'),(10724,'MEREP',8,'1997-10-30 00:00:00','1997-12-11 00:00:00','1997-11-05 00:00:00',2,288.75,'Mère Paillarde','43 rue St. Laurent','Montréal','Québec','H1J 1C3','Canada'),(10725,'FAMIA',4,'1997-10-31 00:00:00','1997-11-28 00:00:00','1997-11-05 00:00:00',3,54.15,'Familia Arquibaldo','Rua Orós, 92','São Paulo','SP','05442-030','Brésil'),(10726,'EASTC',4,'1997-11-03 00:00:00','1997-11-17 00:00:00','1997-12-05 00:00:00',1,82.8,'Eastern Connection','35 King George','London',NULL,'WX3 6FW','Royaume-Uni'),(10727,'REGGC',2,'1997-11-03 00:00:00','1997-12-01 00:00:00','1997-12-05 00:00:00',1,449.5,'Reggiani Caseifici','Strada Provinciale 124','Reggio Emilia',NULL,'42100','Italie'),(10728,'QUEEN',4,'1997-11-04 00:00:00','1997-12-02 00:00:00','1997-11-11 00:00:00',2,291.65,'Queen Cozinha','Alameda dos Canàrios, 891','São Paulo','SP','05487-020','Brésil'),(10729,'LINOD',8,'1997-11-04 00:00:00','1997-12-16 00:00:00','1997-11-14 00:00:00',3,705.3,'LINO-Delicateses','Ave. 5 de Mayo Porlamar','I. de Margarita','Nueva Esparta','4980','Venezuela'),(10730,'BONAP',5,'1997-11-05 00:00:00','1997-12-03 00:00:00','1997-11-14 00:00:00',1,100.6,'Bon app\'','12, rue des Bouchers','Marseille',NULL,'13008','France'),(10731,'CHOPS',7,'1997-11-06 00:00:00','1997-12-04 00:00:00','1997-11-14 00:00:00',1,483.25,'Chop-suey Chinese','Hauptstr. 31','Bern',NULL,'3012','Suisse'),(10732,'BONAP',3,'1997-11-06 00:00:00','1997-12-04 00:00:00','1997-11-07 00:00:00',1,84.85,'Bon app\'','12, rue des Bouchers','Marseille',NULL,'13008','France'),(10733,'BERGS',1,'1997-11-07 00:00:00','1997-12-05 00:00:00','1997-11-10 00:00:00',3,550.55,'Berglunds snabbköp','Berguvsvägen  8','Luleå',NULL,'S-958 22','Suède'),(10734,'GOURL',2,'1997-11-07 00:00:00','1997-12-05 00:00:00','1997-11-12 00:00:00',3,8.15,'Gourmet Lanchonetes','Av. Brasil, 442','Campinas','SP','04876-786','Brésil'),(10735,'LETSS',6,'1997-11-10 00:00:00','1997-12-08 00:00:00','1997-11-21 00:00:00',2,229.85,'Let\'s Stop N Shop','87 Polk St.\r\nSuite 5','San Francisco','CA','94117','Etats-Unis'),(10736,'HUNGO',9,'1997-11-11 00:00:00','1997-12-09 00:00:00','1997-11-21 00:00:00',2,220.5,'Hungry Owl All-Night Grocers','8 Johnstown Road','Cork','Co. Cork',NULL,'Irlande'),(10737,'VINET',2,'1997-11-11 00:00:00','1997-12-09 00:00:00','1997-11-18 00:00:00',2,38.95,'Vins et alcools Chevalier','59 rue de l\'Abbaye','Reims',NULL,'51100','France'),(10738,'SPECD',2,'1997-11-12 00:00:00','1997-12-10 00:00:00','1997-11-18 00:00:00',1,14.55,'Spécialités du monde','25, rue Lauriston','Paris',NULL,'75016','France'),(10739,'VINET',3,'1997-11-12 00:00:00','1997-12-10 00:00:00','1997-11-17 00:00:00',3,55.4,'Vins et alcools Chevalier','59 rue de l\'Abbaye','Reims',NULL,'51100','France'),(10740,'WHITC',4,'1997-11-13 00:00:00','1997-12-11 00:00:00','1997-11-25 00:00:00',2,409.4,'White Clover Markets','1029 - 12th Ave. S.','Seattle','WA','98124','Etats-Unis'),(10741,'AROUT',4,'1997-11-14 00:00:00','1997-11-28 00:00:00','1997-11-18 00:00:00',3,54.8,'Around the Horn','Brook Farm\r\nStratford St. Mary','Colchester','Essex','CO7 6JX','Royaume-Uni'),(10742,'BOTTM',3,'1997-11-14 00:00:00','1997-12-12 00:00:00','1997-11-18 00:00:00',3,1218.65,'Bottom-Dollar Markets','23 Tsawassen Blvd.','Tsawassen','BC','T2F 8M4','Canada'),(10743,'AROUT',1,'1997-11-17 00:00:00','1997-12-15 00:00:00','1997-11-21 00:00:00',2,118.6,'Around the Horn','Brook Farm\r\nStratford St. Mary','Colchester','Essex','CO7 6JX','Royaume-Uni'),(10744,'VAFFE',6,'1997-11-17 00:00:00','1997-12-15 00:00:00','1997-11-24 00:00:00',1,345.95,'Vaffeljernet','Smagsløget 45','Århus',NULL,'8200','Danemark'),(10745,'QUICK',9,'1997-11-18 00:00:00','1997-12-16 00:00:00','1997-11-27 00:00:00',1,17.6,'QUICK-Stop','Taucherstraße 10','Cunewalde',NULL,'01307','Allemagne'),(10746,'CHOPS',1,'1997-11-19 00:00:00','1997-12-17 00:00:00','1997-11-21 00:00:00',3,157.15,'Chop-suey Chinese','Hauptstr. 31','Bern',NULL,'3012','Suisse'),(10747,'PICCO',6,'1997-11-19 00:00:00','1997-12-17 00:00:00','1997-11-26 00:00:00',1,586.65,'Piccolo und mehr','Geislweg 14','Salzburg',NULL,'5020','Autriche'),(10748,'SAVEA',3,'1997-11-20 00:00:00','1997-12-18 00:00:00','1997-11-28 00:00:00',1,1162.75,'Save-a-lot Markets','187 Suffolk Ln.','Boise','ID','83720','Etats-Unis'),(10749,'ISLAT',4,'1997-11-20 00:00:00','1997-12-18 00:00:00','1997-12-19 00:00:00',2,307.65,'Island Trading','Garden House\r\nCrowther Way','Cowes','Isle of Wigth','PO31 7PJ','Royaume-Uni'),(10750,'WARTH',9,'1997-11-21 00:00:00','1997-12-19 00:00:00','1997-11-24 00:00:00',1,396.5,'Wartian Herkku','Torikatu 38','Oulu',NULL,'90110','Finlande'),(10751,'RICSU',3,'1997-11-24 00:00:00','1997-12-22 00:00:00','1997-12-03 00:00:00',3,653.95,'Richter Supermarkt','Starenweg 5','Genève',NULL,'1204','Suisse'),(10752,'NORTS',2,'1997-11-24 00:00:00','1997-12-22 00:00:00','1997-11-28 00:00:00',3,6.95,'North/South','South House\r\n300 Queensbridge','London',NULL,'SW7 1RZ','Royaume-Uni'),(10753,'FRANS',3,'1997-11-25 00:00:00','1997-12-23 00:00:00','1997-11-27 00:00:00',1,38.5,'Franchi S.p.A.','Via Monte Bianco 34','Torino',NULL,'10100','Italie'),(10754,'MAGAA',6,'1997-11-25 00:00:00','1997-12-23 00:00:00','1997-11-27 00:00:00',3,11.9,'Magazzini Alimentari Riuniti','Via Ludovico il Moro 22','Bergamo',NULL,'24100','Italie'),(10755,'BONAP',4,'1997-11-26 00:00:00','1997-12-24 00:00:00','1997-11-28 00:00:00',2,83.55,'Bon app\'','12, rue des Bouchers','Marseille',NULL,'13008','France'),(10756,'SPLIR',8,'1997-11-27 00:00:00','1997-12-25 00:00:00','1997-12-02 00:00:00',2,366.05,'Split Rail Beer & Ale','P.O. Box 555','Lander','WY','82520','Etats-Unis'),(10757,'SAVEA',6,'1997-11-27 00:00:00','1997-12-25 00:00:00','1997-12-15 00:00:00',1,40.95,'Save-a-lot Markets','187 Suffolk Ln.','Boise','ID','83720','Etats-Unis'),(10758,'RICSU',3,'1997-11-28 00:00:00','1997-12-26 00:00:00','1997-12-04 00:00:00',3,690.85,'Richter Supermarkt','Starenweg 5','Genève',NULL,'1204','Suisse'),(10759,'ANATR',3,'1997-11-28 00:00:00','1997-12-26 00:00:00','1997-12-12 00:00:00',3,59.95,'Ana Trujillo Emparedados y helados','Avda. de la Constitución 2222','México D.F.',NULL,'05021','Mexique'),(10760,'MAISD',4,'1997-12-01 00:00:00','1997-12-29 00:00:00','1997-12-10 00:00:00',1,778.2,'Maison Dewey','Rue Joseph-Bens 532','Bruxelles',NULL,'B-1180','Belgique'),(10761,'RATTC',5,'1997-12-02 00:00:00','1997-12-30 00:00:00','1997-12-08 00:00:00',2,93.3,'Rattlesnake Canyon Grocery','2817 Milton Dr.','Albuquerque','NM','87110','Etats-Unis'),(10762,'FOLKO',3,'1997-12-02 00:00:00','1997-12-30 00:00:00','1997-12-09 00:00:00',1,1643.7,'Folk och fä HB','Åkergatan 24','Bräcke',NULL,'S-844 67','Suède'),(10763,'FOLIG',3,'1997-12-03 00:00:00','1997-12-31 00:00:00','1997-12-08 00:00:00',3,186.75,'Folies gourmandes','184, chaussée de Tournai','Lille',NULL,'59000','France'),(10764,'ERNSH',6,'1997-12-03 00:00:00','1997-12-31 00:00:00','1997-12-08 00:00:00',3,727.25,'Ernst Handel','Kirchgasse 6','Graz',NULL,'8010','Autriche'),(10765,'QUICK',3,'1997-12-04 00:00:00','1998-01-01 00:00:00','1997-12-09 00:00:00',3,213.7,'QUICK-Stop','Taucherstraße 10','Cunewalde',NULL,'01307','Allemagne'),(10766,'OTTIK',4,'1997-12-05 00:00:00','1998-01-02 00:00:00','1997-12-09 00:00:00',1,787.75,'Ottilies Käseladen','Mehrheimerstr. 369','Köln',NULL,'50739','Allemagne'),(10767,'SUPRD',4,'1997-12-05 00:00:00','1998-01-02 00:00:00','1997-12-15 00:00:00',3,7.95,'Suprêmes délices','Boulevard Tirou, 255','Charleroi',NULL,'B-6000','Belgique'),(10768,'AROUT',3,'1997-12-08 00:00:00','1998-01-05 00:00:00','1997-12-15 00:00:00',2,731.6,'Around the Horn','Brook Farm\r\nStratford St. Mary','Colchester','Essex','CO7 6JX','Royaume-Uni'),(10769,'VAFFE',3,'1997-12-08 00:00:00','1998-01-05 00:00:00','1997-12-12 00:00:00',1,325.3,'Vaffeljernet','Smagsløget 45','Århus',NULL,'8200','Danemark'),(10770,'HANAR',8,'1997-12-09 00:00:00','1998-01-06 00:00:00','1997-12-17 00:00:00',3,26.6,'Hanari Carnes','Rua do Paço, 67','Rio de Janeiro','RJ','05454-876','Brésil'),(10771,'ERNSH',9,'1997-12-10 00:00:00','1998-01-07 00:00:00','1998-01-02 00:00:00',2,55.95,'Ernst Handel','Kirchgasse 6','Graz',NULL,'8010','Autriche'),(10772,'LEHMS',3,'1997-12-10 00:00:00','1998-01-07 00:00:00','1997-12-19 00:00:00',2,456.4,'Lehmanns Marktstand','Magazinweg 7','Frankfurt a.M.',NULL,'60528','Allemagne'),(10773,'ERNSH',1,'1997-12-11 00:00:00','1998-01-08 00:00:00','1997-12-16 00:00:00',3,482.15,'Ernst Handel','Kirchgasse 6','Graz',NULL,'8010','Autriche'),(10774,'FOLKO',4,'1997-12-11 00:00:00','1997-12-25 00:00:00','1997-12-12 00:00:00',1,241,'Folk och fä HB','Åkergatan 24','Bräcke',NULL,'S-844 67','Suède'),(10775,'THECR',7,'1997-12-12 00:00:00','1998-01-09 00:00:00','1997-12-26 00:00:00',1,101.25,'The Cracker Box','55 Grizzly Peak Rd.','Butte','MT','59801','Etats-Unis'),(10776,'ERNSH',1,'1997-12-15 00:00:00','1998-01-12 00:00:00','1997-12-18 00:00:00',3,1757.65,'Ernst Handel','Kirchgasse 6','Graz',NULL,'8010','Autriche'),(10777,'GOURL',7,'1997-12-15 00:00:00','1997-12-29 00:00:00','1998-01-21 00:00:00',2,15.05,'Gourmet Lanchonetes','Av. Brasil, 442','Campinas','SP','04876-786','Brésil'),(10778,'BERGS',3,'1997-12-16 00:00:00','1998-01-13 00:00:00','1997-12-24 00:00:00',1,33.95,'Berglunds snabbköp','Berguvsvägen  8','Luleå',NULL,'S-958 22','Suède'),(10779,'MORGK',3,'1997-12-16 00:00:00','1998-01-13 00:00:00','1998-01-14 00:00:00',2,290.65,'Morgenstern Gesundkost','Heerstr. 22','Leipzig',NULL,'04179','Allemagne'),(10780,'LILAS',2,'1997-12-16 00:00:00','1997-12-30 00:00:00','1997-12-25 00:00:00',1,210.65,'LILA-Supermercado','Carrera 52 con Ave. Bolívar #65-98 Llano Largo','Barquisimeto','Lara','3508','Venezuela'),(10781,'WARTH',2,'1997-12-17 00:00:00','1998-01-14 00:00:00','1997-12-19 00:00:00',3,365.8,'Wartian Herkku','Torikatu 38','Oulu',NULL,'90110','Finlande'),(10782,'CACTU',9,'1997-12-17 00:00:00','1998-01-14 00:00:00','1997-12-22 00:00:00',3,5.5,'Cactus Comidas para llevar','Cerrito 333','Buenos Aires',NULL,'1010','Argentine'),(10783,'HANAR',4,'1997-12-18 00:00:00','1998-01-15 00:00:00','1997-12-19 00:00:00',2,624.9,'Hanari Carnes','Rua do Paço, 67','Rio de Janeiro','RJ','05454-876','Brésil'),(10784,'MAGAA',4,'1997-12-18 00:00:00','1998-01-15 00:00:00','1997-12-22 00:00:00',3,350.45,'Magazzini Alimentari Riuniti','Via Ludovico il Moro 22','Bergamo',NULL,'24100','Italie'),(10785,'GROSR',1,'1997-12-18 00:00:00','1998-01-15 00:00:00','1997-12-24 00:00:00',3,7.55,'GROSELLA-Restaurante','5ª Ave. Los Palos Grandes','Caracas','DF','1081','Venezuela'),(10786,'QUEEN',8,'1997-12-19 00:00:00','1998-01-16 00:00:00','1997-12-23 00:00:00',1,554.35,'Queen Cozinha','Alameda dos Canàrios, 891','São Paulo','SP','05487-020','Brésil'),(10787,'LAMAI',2,'1997-12-19 00:00:00','1998-01-02 00:00:00','1997-12-26 00:00:00',1,1249.65,'La maison d\'Asie','1 rue Alsace-Lorraine','Toulouse',NULL,'31000','France'),(10788,'QUICK',1,'1997-12-22 00:00:00','1998-01-19 00:00:00','1998-01-19 00:00:00',2,213.5,'QUICK-Stop','Taucherstraße 10','Cunewalde',NULL,'01307','Allemagne'),(10789,'FOLIG',1,'1997-12-22 00:00:00','1998-01-19 00:00:00','1997-12-31 00:00:00',2,503,'Folies gourmandes','184, chaussée de Tournai','Lille',NULL,'59000','France'),(10790,'GOURL',6,'1997-12-22 00:00:00','1998-01-19 00:00:00','1997-12-26 00:00:00',1,141.15,'Gourmet Lanchonetes','Av. Brasil, 442','Campinas','SP','04876-786','Brésil'),(10791,'FRANK',6,'1997-12-23 00:00:00','1998-01-20 00:00:00','1998-01-01 00:00:00',2,84.25,'Frankenversand','Berliner Platz 43','München',NULL,'80805','Allemagne'),(10792,'WOLZA',1,'1997-12-23 00:00:00','1998-01-20 00:00:00','1997-12-31 00:00:00',3,118.95,'Wolski Zajazd','ul. Filtrowa 68','Warszawa',NULL,'01-012','Pologne'),(10793,'AROUT',3,'1997-12-24 00:00:00','1998-01-21 00:00:00','1998-01-08 00:00:00',3,22.6,'Around the Horn','Brook Farm\r\nStratford St. Mary','Colchester','Essex','CO7 6JX','Royaume-Uni'),(10794,'QUEDE',6,'1997-12-24 00:00:00','1998-01-21 00:00:00','1998-01-02 00:00:00',1,107.45,'Que Delícia','Rua da Panificadora, 12','Rio de Janeiro','RJ','02389-673','Brésil'),(10795,'ERNSH',8,'1997-12-24 00:00:00','1998-01-21 00:00:00','1998-01-20 00:00:00',2,633.3,'Ernst Handel','Kirchgasse 6','Graz',NULL,'8010','Autriche'),(10796,'HILAA',3,'1997-12-25 00:00:00','1998-01-22 00:00:00','1998-01-14 00:00:00',1,132.6,'HILARIÓN-Abastos','Carrera 22 con Ave. Carlos Soublette #8-35','San Cristóbal','Táchira','5022','Venezuela'),(10797,'DRACD',7,'1997-12-25 00:00:00','1998-01-22 00:00:00','1998-01-05 00:00:00',2,166.75,'Drachenblut Delikatessen','Walserweg 21','Aachen',NULL,'52066','Allemagne'),(10798,'ISLAT',2,'1997-12-26 00:00:00','1998-01-23 00:00:00','1998-01-05 00:00:00',1,11.65,'Island Trading','Garden House\r\nCrowther Way','Cowes','Isle of Wigth','PO31 7PJ','Royaume-Uni'),(10799,'KOENE',9,'1997-12-26 00:00:00','1998-02-06 00:00:00','1998-01-05 00:00:00',3,153.8,'Königlich Essen','Maubelstr. 90','Brandenburg',NULL,'14776','Allemagne'),(10800,'SEVES',1,'1997-12-26 00:00:00','1998-01-23 00:00:00','1998-01-05 00:00:00',3,687.2,'Seven Seas Imports','90 Wadhurst Rd.','London',NULL,'OX15 4NB','Royaume-Uni'),(10801,'BOLID',4,'1997-12-29 00:00:00','1998-01-26 00:00:00','1997-12-31 00:00:00',2,485.45,'Bólido Comidas preparadas','C/ Araquil, 67','Madrid',NULL,'28023','Espagne'),(10802,'SIMOB',4,'1997-12-29 00:00:00','1998-01-26 00:00:00','1998-01-02 00:00:00',2,1286.3,'Simons bistro','Vinbæltet 34','København',NULL,'1734','Danemark'),(10803,'WELLI',4,'1997-12-30 00:00:00','1998-01-27 00:00:00','1998-01-06 00:00:00',1,276.15,'Wellington Importadora','Rua do Mercado, 12','Resende','SP','08737-363','Brésil'),(10804,'SEVES',6,'1997-12-30 00:00:00','1998-01-27 00:00:00','1998-01-07 00:00:00',2,136.65,'Seven Seas Imports','90 Wadhurst Rd.','London',NULL,'OX15 4NB','Royaume-Uni'),(10805,'THEBI',2,'1997-12-30 00:00:00','1998-01-27 00:00:00','1998-01-09 00:00:00',3,1186.7,'The Big Cheese','89 Jefferson Way\r\nSuite 2','Portland','OR','97201','Etats-Unis'),(10806,'VICTE',3,'1997-12-31 00:00:00','1998-01-28 00:00:00','1998-01-05 00:00:00',2,110.55,'Victuailles en stock','2, rue du Commerce','Lyon',NULL,'69004','France'),(10807,'FRANS',4,'1997-12-31 00:00:00','1998-01-28 00:00:00','1998-01-30 00:00:00',1,6.8,'Franchi S.p.A.','Via Monte Bianco 34','Torino',NULL,'10100','Italie'),(10808,'OLDWO',2,'1998-01-01 00:00:00','1998-01-29 00:00:00','1998-01-09 00:00:00',3,227.65,'Old World Delicatessen','2743 Bering St.','Anchorage','AK','99508','Etats-Unis'),(10809,'WELLI',7,'1998-01-01 00:00:00','1998-01-29 00:00:00','1998-01-07 00:00:00',1,24.35,'Wellington Importadora','Rua do Mercado, 12','Resende','SP','08737-363','Brésil'),(10810,'LAUGB',2,'1998-01-01 00:00:00','1998-01-29 00:00:00','1998-01-07 00:00:00',3,21.65,'Laughing Bacchus Wine Cellars','2319 Elm St.','Vancouver','BC','V3F 2K1','Canada'),(10811,'LINOD',8,'1998-01-02 00:00:00','1998-01-30 00:00:00','1998-01-08 00:00:00',1,156.1,'LINO-Delicateses','Ave. 5 de Mayo Porlamar','I. de Margarita','Nueva Esparta','4980','Venezuela'),(10812,'REGGC',5,'1998-01-02 00:00:00','1998-01-30 00:00:00','1998-01-12 00:00:00',1,298.9,'Reggiani Caseifici','Strada Provinciale 124','Reggio Emilia',NULL,'42100','Italie'),(10813,'RICAR',1,'1998-01-05 00:00:00','1998-02-02 00:00:00','1998-01-09 00:00:00',1,236.9,'Ricardo Adocicados','Av. Copacabana, 267','Rio de Janeiro','RJ','02389-890','Brésil'),(10814,'VICTE',3,'1998-01-05 00:00:00','1998-02-02 00:00:00','1998-01-14 00:00:00',3,654.7,'Victuailles en stock','2, rue du Commerce','Lyon',NULL,'69004','France'),(10815,'SAVEA',2,'1998-01-05 00:00:00','1998-02-02 00:00:00','1998-01-14 00:00:00',3,73.1,'Save-a-lot Markets','187 Suffolk Ln.','Boise','ID','83720','Etats-Unis'),(10816,'GREAL',4,'1998-01-06 00:00:00','1998-02-03 00:00:00','1998-02-04 00:00:00',2,3598.9,'Great Lakes Food Market','2732 Baker Blvd.','Eugene','OR','97403','Etats-Unis'),(10817,'KOENE',3,'1998-01-06 00:00:00','1998-01-20 00:00:00','1998-01-13 00:00:00',2,1530.35,'Königlich Essen','Maubelstr. 90','Brandenburg',NULL,'14776','Allemagne'),(10818,'MAGAA',7,'1998-01-07 00:00:00','1998-02-04 00:00:00','1998-01-12 00:00:00',3,327.4,'Magazzini Alimentari Riuniti','Via Ludovico il Moro 22','Bergamo',NULL,'24100','Italie'),(10819,'CACTU',2,'1998-01-07 00:00:00','1998-02-04 00:00:00','1998-01-16 00:00:00',3,98.8,'Cactus Comidas para llevar','Cerrito 333','Buenos Aires',NULL,'1010','Argentine'),(10820,'RATTC',3,'1998-01-07 00:00:00','1998-02-04 00:00:00','1998-01-13 00:00:00',2,187.6,'Rattlesnake Canyon Grocery','2817 Milton Dr.','Albuquerque','NM','87110','Etats-Unis'),(10821,'SPLIR',1,'1998-01-08 00:00:00','1998-02-05 00:00:00','1998-01-15 00:00:00',1,183.4,'Split Rail Beer & Ale','P.O. Box 555','Lander','WY','82520','Etats-Unis'),(10822,'TRAIH',6,'1998-01-08 00:00:00','1998-02-05 00:00:00','1998-01-16 00:00:00',3,35,'Trail\'s Head Gourmet Provisioners','722 DaVinci Blvd.','Kirkland','WA','98034','Etats-Unis'),(10823,'LILAS',5,'1998-01-09 00:00:00','1998-02-06 00:00:00','1998-01-13 00:00:00',2,819.85,'LILA-Supermercado','Carrera 52 con Ave. Bolívar #65-98 Llano Largo','Barquisimeto','Lara','3508','Venezuela'),(10824,'FOLKO',8,'1998-01-09 00:00:00','1998-02-06 00:00:00','1998-01-30 00:00:00',1,6.15,'Folk och fä HB','Åkergatan 24','Bräcke',NULL,'S-844 67','Suède'),(10825,'DRACD',1,'1998-01-09 00:00:00','1998-02-06 00:00:00','1998-01-14 00:00:00',1,396.25,'Drachenblut Delikatessen','Walserweg 21','Aachen',NULL,'52066','Allemagne'),(10826,'BLONP',6,'1998-01-12 00:00:00','1998-02-09 00:00:00','1998-02-06 00:00:00',1,35.45,'Blondel père et fils','24, place Kléber','Strasbourg',NULL,'67000','France'),(10827,'BONAP',1,'1998-01-12 00:00:00','1998-01-26 00:00:00','1998-02-06 00:00:00',2,317.7,'Bon app\'','12, rue des Bouchers','Marseille',NULL,'13008','France'),(10828,'RANCH',9,'1998-01-13 00:00:00','1998-01-27 00:00:00','1998-02-04 00:00:00',1,454.25,'Rancho grande','Av. del Libertador 900','Buenos Aires',NULL,'1010','Argentine'),(10829,'ISLAT',9,'1998-01-13 00:00:00','1998-02-10 00:00:00','1998-01-23 00:00:00',1,773.6,'Island Trading','Garden House\r\nCrowther Way','Cowes','Isle of Wigth','PO31 7PJ','Royaume-Uni'),(10830,'TRADH',4,'1998-01-13 00:00:00','1998-02-24 00:00:00','1998-01-21 00:00:00',2,409.15,'Tradição Hipermercados','Av. Inês de Castro, 414','São Paulo','SP','05634-030','Brésil'),(10831,'SANTG',3,'1998-01-14 00:00:00','1998-02-11 00:00:00','1998-01-23 00:00:00',2,360.95,'Santé Gourmet','Erling Skakkes gate 78','Stavern',NULL,'4110','Norvège'),(10832,'LAMAI',2,'1998-01-14 00:00:00','1998-02-11 00:00:00','1998-01-19 00:00:00',2,216.3,'La maison d\'Asie','1 rue Alsace-Lorraine','Toulouse',NULL,'31000','France'),(10833,'OTTIK',6,'1998-01-15 00:00:00','1998-02-12 00:00:00','1998-01-23 00:00:00',2,357.45,'Ottilies Käseladen','Mehrheimerstr. 369','Köln',NULL,'50739','Allemagne'),(10834,'TRADH',1,'1998-01-15 00:00:00','1998-02-12 00:00:00','1998-01-19 00:00:00',3,148.9,'Tradição Hipermercados','Av. Inês de Castro, 414','São Paulo','SP','05634-030','Brésil'),(10835,'ALFKI',1,'1998-01-15 00:00:00','1998-02-12 00:00:00','1998-01-21 00:00:00',3,347.65,'Alfreds Futterkiste','Obere Str. 57','Berlin',NULL,'12209','Allemagne'),(10836,'ERNSH',7,'1998-01-16 00:00:00','1998-02-13 00:00:00','1998-01-21 00:00:00',1,2059.4,'Ernst Handel','Kirchgasse 6','Graz',NULL,'8010','Autriche'),(10837,'BERGS',9,'1998-01-16 00:00:00','1998-02-13 00:00:00','1998-01-23 00:00:00',3,66.6,'Berglunds snabbköp','Berguvsvägen  8','Luleå',NULL,'S-958 22','Suède'),(10838,'LINOD',3,'1998-01-19 00:00:00','1998-02-16 00:00:00','1998-01-23 00:00:00',3,296.4,'LINO-Delicateses','Ave. 5 de Mayo Porlamar','I. de Margarita','Nueva Esparta','4980','Venezuela'),(10839,'TRADH',3,'1998-01-19 00:00:00','1998-02-16 00:00:00','1998-01-22 00:00:00',3,177.15,'Tradição Hipermercados','Av. Inês de Castro, 414','São Paulo','SP','05634-030','Brésil'),(10840,'LINOD',4,'1998-01-19 00:00:00','1998-03-02 00:00:00','1998-02-16 00:00:00',2,13.55,'LINO-Delicateses','Ave. 5 de Mayo Porlamar','I. de Margarita','Nueva Esparta','4980','Venezuela'),(10841,'SUPRD',5,'1998-01-20 00:00:00','1998-02-17 00:00:00','1998-01-29 00:00:00',2,2121.5,'Suprêmes délices','Boulevard Tirou, 255','Charleroi',NULL,'B-6000','Belgique'),(10842,'TORTU',1,'1998-01-20 00:00:00','1998-02-17 00:00:00','1998-01-29 00:00:00',3,272.1,'Tortuga Restaurante','Avda. Azteca 123','México D.F.',NULL,'05033','Mexique'),(10843,'VICTE',4,'1998-01-21 00:00:00','1998-02-18 00:00:00','1998-01-26 00:00:00',2,46.3,'Victuailles en stock','2, rue du Commerce','Lyon',NULL,'69004','France'),(10844,'PICCO',8,'1998-01-21 00:00:00','1998-02-18 00:00:00','1998-01-26 00:00:00',2,126.1,'Piccolo und mehr','Geislweg 14','Salzburg',NULL,'5020','Autriche'),(10845,'QUICK',8,'1998-01-21 00:00:00','1998-02-04 00:00:00','1998-01-30 00:00:00',1,1064.9,'QUICK-Stop','Taucherstraße 10','Cunewalde',NULL,'01307','Allemagne'),(10846,'SUPRD',2,'1998-01-22 00:00:00','1998-03-05 00:00:00','1998-01-23 00:00:00',3,282.3,'Suprêmes délices','Boulevard Tirou, 255','Charleroi',NULL,'B-6000','Belgique'),(10847,'SAVEA',4,'1998-01-22 00:00:00','1998-02-05 00:00:00','1998-02-10 00:00:00',3,2437.85,'Save-a-lot Markets','187 Suffolk Ln.','Boise','ID','83720','Etats-Unis'),(10848,'CONSH',7,'1998-01-23 00:00:00','1998-02-20 00:00:00','1998-01-29 00:00:00',2,191.2,'Consolidated Holdings','Berkeley Gardens\r\n12  Brewery','London',NULL,'WX1 6LT','Royaume-Uni'),(10849,'KOENE',9,'1998-01-23 00:00:00','1998-02-20 00:00:00','1998-01-30 00:00:00',2,2.8,'Königlich Essen','Maubelstr. 90','Brandenburg',NULL,'14776','Allemagne'),(10850,'VICTE',1,'1998-01-23 00:00:00','1998-03-06 00:00:00','1998-01-30 00:00:00',1,245.95,'Victuailles en stock','2, rue du Commerce','Lyon',NULL,'69004','France'),(10851,'RICAR',5,'1998-01-26 00:00:00','1998-02-23 00:00:00','1998-02-02 00:00:00',1,802.75,'Ricardo Adocicados','Av. Copacabana, 267','Rio de Janeiro','RJ','02389-890','Brésil'),(10852,'RATTC',8,'1998-01-26 00:00:00','1998-02-09 00:00:00','1998-01-30 00:00:00',1,870.25,'Rattlesnake Canyon Grocery','2817 Milton Dr.','Albuquerque','NM','87110','Etats-Unis'),(10853,'BLAUS',9,'1998-01-27 00:00:00','1998-02-24 00:00:00','1998-02-03 00:00:00',2,269.15,'Blauer See Delikatessen','Forsterstr. 57','Mannheim',NULL,'68306','Allemagne'),(10854,'ERNSH',3,'1998-01-27 00:00:00','1998-02-24 00:00:00','1998-02-05 00:00:00',2,501.1,'Ernst Handel','Kirchgasse 6','Graz',NULL,'8010','Autriche'),(10855,'OLDWO',3,'1998-01-27 00:00:00','1998-02-24 00:00:00','1998-02-04 00:00:00',1,854.85,'Old World Delicatessen','2743 Bering St.','Anchorage','AK','99508','Etats-Unis'),(10856,'ANTON',3,'1998-01-28 00:00:00','1998-02-25 00:00:00','1998-02-10 00:00:00',2,292.15,'Antonio Moreno Taquería','Mataderos  2312','México D.F.',NULL,'05023','Mexique'),(10857,'BERGS',8,'1998-01-28 00:00:00','1998-02-25 00:00:00','1998-02-06 00:00:00',2,944.25,'Berglunds snabbköp','Berguvsvägen  8','Luleå',NULL,'S-958 22','Suède'),(10858,'LACOR',2,'1998-01-29 00:00:00','1998-02-26 00:00:00','1998-02-03 00:00:00',1,262.55,'La corne d\'abondance','67, avenue de l\'Europe','Versailles',NULL,'78000','France'),(10859,'FRANK',1,'1998-01-29 00:00:00','1998-02-26 00:00:00','1998-02-02 00:00:00',2,380.5,'Frankenversand','Berliner Platz 43','München',NULL,'80805','Allemagne'),(10860,'FRANR',3,'1998-01-29 00:00:00','1998-02-26 00:00:00','1998-02-04 00:00:00',3,96.3,'France restauration','54, rue Royale','Nantes',NULL,'44000','France'),(10861,'WHITC',4,'1998-01-30 00:00:00','1998-02-27 00:00:00','1998-02-17 00:00:00',2,74.65,'White Clover Markets','1029 - 12th Ave. S.','Seattle','WA','98124','Etats-Unis'),(10862,'LEHMS',8,'1998-01-30 00:00:00','1998-03-13 00:00:00','1998-02-02 00:00:00',2,266.15,'Lehmanns Marktstand','Magazinweg 7','Frankfurt a.M.',NULL,'60528','Allemagne'),(10863,'HILAA',4,'1998-02-02 00:00:00','1998-03-02 00:00:00','1998-02-17 00:00:00',2,151.3,'HILARIÓN-Abastos','Carrera 22 con Ave. Carlos Soublette #8-35','San Cristóbal','Táchira','5022','Venezuela'),(10864,'AROUT',4,'1998-02-02 00:00:00','1998-03-02 00:00:00','1998-02-09 00:00:00',2,15.2,'Around the Horn','Brook Farm\r\nStratford St. Mary','Colchester','Essex','CO7 6JX','Royaume-Uni'),(10865,'QUICK',2,'1998-02-02 00:00:00','1998-02-16 00:00:00','1998-02-12 00:00:00',1,1740.7,'QUICK-Stop','Taucherstraße 10','Cunewalde',NULL,'01307','Allemagne'),(10866,'BERGS',5,'1998-02-03 00:00:00','1998-03-03 00:00:00','1998-02-12 00:00:00',1,545.55,'Berglunds snabbköp','Berguvsvägen  8','Luleå',NULL,'S-958 22','Suède'),(10867,'LONEP',6,'1998-02-03 00:00:00','1998-03-17 00:00:00','1998-02-11 00:00:00',1,9.65,'Lonesome Pine Restaurant','89 Chiaroscuro Rd.','Portland','OR','97219','Etats-Unis'),(10868,'QUEEN',7,'1998-02-04 00:00:00','1998-03-04 00:00:00','1998-02-23 00:00:00',2,956.35,'Queen Cozinha','Alameda dos Canàrios, 891','São Paulo','SP','05487-020','Brésil'),(10869,'SEVES',5,'1998-02-04 00:00:00','1998-03-04 00:00:00','1998-02-09 00:00:00',1,716.4,'Seven Seas Imports','90 Wadhurst Rd.','London',NULL,'OX15 4NB','Royaume-Uni'),(10870,'WOLZA',5,'1998-02-04 00:00:00','1998-03-04 00:00:00','1998-02-13 00:00:00',3,60.2,'Wolski Zajazd','ul. Filtrowa 68','Warszawa',NULL,'01-012','Pologne'),(10871,'BONAP',9,'1998-02-05 00:00:00','1998-03-05 00:00:00','1998-02-10 00:00:00',2,561.35,'Bon app\'','12, rue des Bouchers','Marseille',NULL,'13008','France'),(10872,'GODOS',5,'1998-02-05 00:00:00','1998-03-05 00:00:00','1998-02-09 00:00:00',2,876.6,'Godos Cocina Típica','C/ Romero, 33','Sevilla',NULL,'41101','Espagne'),(10873,'WILMK',4,'1998-02-06 00:00:00','1998-03-06 00:00:00','1998-02-09 00:00:00',1,4.1,'Wilman Kala','Keskuskatu 45','Helsinki',NULL,'21240','Finlande'),(10874,'GODOS',5,'1998-02-06 00:00:00','1998-03-06 00:00:00','1998-02-11 00:00:00',2,97.9,'Godos Cocina Típica','C/ Romero, 33','Sevilla',NULL,'41101','Espagne'),(10875,'BERGS',4,'1998-02-06 00:00:00','1998-03-06 00:00:00','1998-03-03 00:00:00',2,161.85,'Berglunds snabbköp','Berguvsvägen  8','Luleå',NULL,'S-958 22','Suède'),(10876,'BONAP',7,'1998-02-09 00:00:00','1998-03-09 00:00:00','1998-02-12 00:00:00',3,302.1,'Bon app\'','12, rue des Bouchers','Marseille',NULL,'13008','France'),(10877,'RICAR',1,'1998-02-09 00:00:00','1998-03-09 00:00:00','1998-02-19 00:00:00',1,190.3,'Ricardo Adocicados','Av. Copacabana, 267','Rio de Janeiro','RJ','02389-890','Brésil'),(10878,'QUICK',4,'1998-02-10 00:00:00','1998-03-10 00:00:00','1998-02-12 00:00:00',1,233.45,'QUICK-Stop','Taucherstraße 10','Cunewalde',NULL,'01307','Allemagne'),(10879,'WILMK',3,'1998-02-10 00:00:00','1998-03-10 00:00:00','1998-02-12 00:00:00',3,42.5,'Wilman Kala','Keskuskatu 45','Helsinki',NULL,'21240','Finlande'),(10880,'FOLKO',7,'1998-02-10 00:00:00','1998-03-24 00:00:00','1998-02-18 00:00:00',1,440.05,'Folk och fä HB','Åkergatan 24','Bräcke',NULL,'S-844 67','Suède'),(10881,'CACTU',4,'1998-02-11 00:00:00','1998-03-11 00:00:00','1998-02-18 00:00:00',1,14.2,'Cactus Comidas para llevar','Cerrito 333','Buenos Aires',NULL,'1010','Argentine'),(10882,'SAVEA',4,'1998-02-11 00:00:00','1998-03-11 00:00:00','1998-02-20 00:00:00',3,115.5,'Save-a-lot Markets','187 Suffolk Ln.','Boise','ID','83720','Etats-Unis'),(10883,'LONEP',8,'1998-02-12 00:00:00','1998-03-12 00:00:00','1998-02-20 00:00:00',3,2.65,'Lonesome Pine Restaurant','89 Chiaroscuro Rd.','Portland','OR','97219','Etats-Unis'),(10884,'LETSS',4,'1998-02-12 00:00:00','1998-03-12 00:00:00','1998-02-13 00:00:00',2,454.85,'Let\'s Stop N Shop','87 Polk St.\r\nSuite 5','San Francisco','CA','94117','Etats-Unis'),(10885,'SUPRD',6,'1998-02-12 00:00:00','1998-03-12 00:00:00','1998-02-18 00:00:00',3,28.2,'Suprêmes délices','Boulevard Tirou, 255','Charleroi',NULL,'B-6000','Belgique'),(10886,'HANAR',1,'1998-02-13 00:00:00','1998-03-13 00:00:00','1998-03-02 00:00:00',1,24.95,'Hanari Carnes','Rua do Paço, 67','Rio de Janeiro','RJ','05454-876','Brésil'),(10887,'GALED',8,'1998-02-13 00:00:00','1998-03-13 00:00:00','1998-02-16 00:00:00',3,6.25,'Galería del gastronómo','Rambla de Cataluña, 23','Barcelona',NULL,'8022','Espagne'),(10888,'GODOS',1,'1998-02-16 00:00:00','1998-03-16 00:00:00','1998-02-23 00:00:00',2,259.35,'Godos Cocina Típica','C/ Romero, 33','Sevilla',NULL,'41101','Espagne'),(10889,'RATTC',9,'1998-02-16 00:00:00','1998-03-16 00:00:00','1998-02-23 00:00:00',3,1403.05,'Rattlesnake Canyon Grocery','2817 Milton Dr.','Albuquerque','NM','87110','Etats-Unis'),(10890,'DUMON',7,'1998-02-16 00:00:00','1998-03-16 00:00:00','1998-02-18 00:00:00',1,163.8,'Du monde entier','67, rue des Cinquante Otages','Nantes',NULL,'44000','France'),(10891,'LEHMS',7,'1998-02-17 00:00:00','1998-03-17 00:00:00','1998-02-19 00:00:00',2,101.85,'Lehmanns Marktstand','Magazinweg 7','Frankfurt a.M.',NULL,'60528','Allemagne'),(10892,'MAISD',4,'1998-02-17 00:00:00','1998-03-17 00:00:00','1998-02-19 00:00:00',2,601.35,'Maison Dewey','Rue Joseph-Bens 532','Bruxelles',NULL,'B-1180','Belgique'),(10893,'KOENE',9,'1998-02-18 00:00:00','1998-03-18 00:00:00','1998-02-20 00:00:00',2,388.9,'Königlich Essen','Maubelstr. 90','Brandenburg',NULL,'14776','Allemagne'),(10894,'SAVEA',1,'1998-02-18 00:00:00','1998-03-18 00:00:00','1998-02-20 00:00:00',1,580.65,'Save-a-lot Markets','187 Suffolk Ln.','Boise','ID','83720','Etats-Unis'),(10895,'ERNSH',3,'1998-02-18 00:00:00','1998-03-18 00:00:00','1998-02-23 00:00:00',1,813.75,'Ernst Handel','Kirchgasse 6','Graz',NULL,'8010','Autriche'),(10896,'MAISD',7,'1998-02-19 00:00:00','1998-03-19 00:00:00','1998-02-27 00:00:00',3,162.25,'Maison Dewey','Rue Joseph-Bens 532','Bruxelles',NULL,'B-1180','Belgique'),(10897,'HUNGO',3,'1998-02-19 00:00:00','1998-03-19 00:00:00','1998-02-25 00:00:00',2,3017.7,'Hungry Owl All-Night Grocers','8 Johnstown Road','Cork','Co. Cork',NULL,'Irlande'),(10898,'OCEAN',4,'1998-02-20 00:00:00','1998-03-20 00:00:00','1998-03-06 00:00:00',2,6.35,'Océano Atlántico Ltda.','Ing. Gustavo Moncada 8585\r\nPiso 20-A','Buenos Aires',NULL,'1010','Argentine'),(10899,'LILAS',5,'1998-02-20 00:00:00','1998-03-20 00:00:00','1998-02-26 00:00:00',3,6.05,'LILA-Supermercado','Carrera 52 con Ave. Bolívar #65-98 Llano Largo','Barquisimeto','Lara','3508','Venezuela'),(10900,'WELLI',1,'1998-02-20 00:00:00','1998-03-20 00:00:00','1998-03-04 00:00:00',2,8.3,'Wellington Importadora','Rua do Mercado, 12','Resende','SP','08737-363','Brésil'),(10901,'HILAA',4,'1998-02-23 00:00:00','1998-03-23 00:00:00','1998-02-26 00:00:00',1,310.45,'HILARIÓN-Abastos','Carrera 22 con Ave. Carlos Soublette #8-35','San Cristóbal','Táchira','5022','Venezuela'),(10902,'FOLKO',1,'1998-02-23 00:00:00','1998-03-23 00:00:00','1998-03-03 00:00:00',1,220.75,'Folk och fä HB','Åkergatan 24','Bräcke',NULL,'S-844 67','Suède'),(10903,'HANAR',3,'1998-02-24 00:00:00','1998-03-24 00:00:00','1998-03-04 00:00:00',3,183.55,'Hanari Carnes','Rua do Paço, 67','Rio de Janeiro','RJ','05454-876','Brésil'),(10904,'WHITC',3,'1998-02-24 00:00:00','1998-03-24 00:00:00','1998-02-27 00:00:00',3,814.75,'White Clover Markets','1029 - 12th Ave. S.','Seattle','WA','98124','Etats-Unis'),(10905,'WELLI',9,'1998-02-24 00:00:00','1998-03-24 00:00:00','1998-03-06 00:00:00',2,68.6,'Wellington Importadora','Rua do Mercado, 12','Resende','SP','08737-363','Brésil'),(10906,'WOLZA',4,'1998-02-25 00:00:00','1998-03-11 00:00:00','1998-03-03 00:00:00',3,131.45,'Wolski Zajazd','ul. Filtrowa 68','Warszawa',NULL,'01-012','Pologne'),(10907,'SPECD',6,'1998-02-25 00:00:00','1998-03-25 00:00:00','1998-02-27 00:00:00',3,45.95,'Spécialités du monde','25, rue Lauriston','Paris',NULL,'75016','France'),(10908,'REGGC',4,'1998-02-26 00:00:00','1998-03-26 00:00:00','1998-03-06 00:00:00',2,164.8,'Reggiani Caseifici','Strada Provinciale 124','Reggio Emilia',NULL,'42100','Italie'),(10909,'SANTG',1,'1998-02-26 00:00:00','1998-03-26 00:00:00','1998-03-10 00:00:00',2,265.25,'Santé Gourmet','Erling Skakkes gate 78','Stavern',NULL,'4110','Norvège'),(10910,'WILMK',1,'1998-02-26 00:00:00','1998-03-26 00:00:00','1998-03-04 00:00:00',3,190.55,'Wilman Kala','Keskuskatu 45','Helsinki',NULL,'21240','Finlande'),(10911,'GODOS',3,'1998-02-26 00:00:00','1998-03-26 00:00:00','1998-03-05 00:00:00',1,190.95,'Godos Cocina Típica','C/ Romero, 33','Sevilla',NULL,'41101','Espagne'),(10912,'HUNGO',2,'1998-02-26 00:00:00','1998-03-26 00:00:00','1998-03-18 00:00:00',2,2904.55,'Hungry Owl All-Night Grocers','8 Johnstown Road','Cork','Co. Cork',NULL,'Irlande'),(10913,'QUEEN',4,'1998-02-26 00:00:00','1998-03-26 00:00:00','1998-03-04 00:00:00',1,165.25,'Queen Cozinha','Alameda dos Canàrios, 891','São Paulo','SP','05487-020','Brésil'),(10914,'QUEEN',6,'1998-02-27 00:00:00','1998-03-27 00:00:00','1998-03-02 00:00:00',1,105.95,'Queen Cozinha','Alameda dos Canàrios, 891','São Paulo','SP','05487-020','Brésil'),(10915,'TORTU',2,'1998-02-27 00:00:00','1998-03-27 00:00:00','1998-03-02 00:00:00',2,17.55,'Tortuga Restaurante','Avda. Azteca 123','México D.F.',NULL,'05033','Mexique'),(10916,'RANCH',1,'1998-02-27 00:00:00','1998-03-27 00:00:00','1998-03-09 00:00:00',2,318.85,'Rancho grande','Av. del Libertador 900','Buenos Aires',NULL,'1010','Argentine'),(10917,'ROMEY',4,'1998-03-02 00:00:00','1998-03-30 00:00:00','1998-03-11 00:00:00',2,41.45,'Romero y tomillo','Gran Vía, 1','Madrid',NULL,'28001','Espagne'),(10918,'BOTTM',3,'1998-03-02 00:00:00','1998-03-30 00:00:00','1998-03-11 00:00:00',3,244.15,'Bottom-Dollar Markets','23 Tsawassen Blvd.','Tsawassen','BC','T2F 8M4','Canada'),(10919,'LINOD',2,'1998-03-02 00:00:00','1998-03-30 00:00:00','1998-03-04 00:00:00',2,99,'LINO-Delicateses','Ave. 5 de Mayo Porlamar','I. de Margarita','Nueva Esparta','4980','Venezuela'),(10920,'AROUT',4,'1998-03-03 00:00:00','1998-03-31 00:00:00','1998-03-09 00:00:00',2,148.05,'Around the Horn','Brook Farm\r\nStratford St. Mary','Colchester','Essex','CO7 6JX','Royaume-Uni'),(10921,'VAFFE',1,'1998-03-03 00:00:00','1998-04-14 00:00:00','1998-03-09 00:00:00',1,882.4,'Vaffeljernet','Smagsløget 45','Århus',NULL,'8200','Danemark'),(10922,'HANAR',5,'1998-03-03 00:00:00','1998-03-31 00:00:00','1998-03-05 00:00:00',3,313.7,'Hanari Carnes','Rua do Paço, 67','Rio de Janeiro','RJ','05454-876','Brésil'),(10923,'LAMAI',7,'1998-03-03 00:00:00','1998-04-14 00:00:00','1998-03-13 00:00:00',3,341.3,'La maison d\'Asie','1 rue Alsace-Lorraine','Toulouse',NULL,'31000','France'),(10924,'BERGS',3,'1998-03-04 00:00:00','1998-04-01 00:00:00','1998-04-08 00:00:00',2,757.6,'Berglunds snabbköp','Berguvsvägen  8','Luleå',NULL,'S-958 22','Suède'),(10925,'HANAR',3,'1998-03-04 00:00:00','1998-04-01 00:00:00','1998-03-13 00:00:00',1,11.35,'Hanari Carnes','Rua do Paço, 67','Rio de Janeiro','RJ','05454-876','Brésil'),(10926,'ANATR',4,'1998-03-04 00:00:00','1998-04-01 00:00:00','1998-03-11 00:00:00',3,199.6,'Ana Trujillo Emparedados y helados','Avda. de la Constitución 2222','México D.F.',NULL,'05021','Mexique'),(10927,'LACOR',4,'1998-03-05 00:00:00','1998-04-02 00:00:00','1998-04-08 00:00:00',1,98.95,'La corne d\'abondance','67, avenue de l\'Europe','Versailles',NULL,'78000','France'),(10928,'GALED',1,'1998-03-05 00:00:00','1998-04-02 00:00:00','1998-03-18 00:00:00',1,6.8,'Galería del gastronómo','Rambla de Cataluña, 23','Barcelona',NULL,'8022','Espagne'),(10929,'FRANK',6,'1998-03-05 00:00:00','1998-04-02 00:00:00','1998-03-12 00:00:00',1,169.65,'Frankenversand','Berliner Platz 43','München',NULL,'80805','Allemagne'),(10930,'SUPRD',4,'1998-03-06 00:00:00','1998-04-17 00:00:00','1998-03-18 00:00:00',3,77.75,'Suprêmes délices','Boulevard Tirou, 255','Charleroi',NULL,'B-6000','Belgique'),(10931,'RICSU',4,'1998-03-06 00:00:00','1998-03-20 00:00:00','1998-03-19 00:00:00',2,68,'Richter Supermarkt','Starenweg 5','Genève',NULL,'1204','Suisse'),(10932,'BONAP',8,'1998-03-06 00:00:00','1998-04-03 00:00:00','1998-03-24 00:00:00',1,673.2,'Bon app\'','12, rue des Bouchers','Marseille',NULL,'13008','France'),(10933,'ISLAT',6,'1998-03-06 00:00:00','1998-04-03 00:00:00','1998-03-16 00:00:00',3,270.75,'Island Trading','Garden House\r\nCrowther Way','Cowes','Isle of Wigth','PO31 7PJ','Royaume-Uni'),(10934,'LEHMS',3,'1998-03-09 00:00:00','1998-04-06 00:00:00','1998-03-12 00:00:00',3,160.05,'Lehmanns Marktstand','Magazinweg 7','Frankfurt a.M.',NULL,'60528','Allemagne'),(10935,'WELLI',4,'1998-03-09 00:00:00','1998-04-06 00:00:00','1998-03-18 00:00:00',3,237.95,'Wellington Importadora','Rua do Mercado, 12','Resende','SP','08737-363','Brésil'),(10936,'GREAL',3,'1998-03-09 00:00:00','1998-04-06 00:00:00','1998-03-18 00:00:00',2,168.4,'Great Lakes Food Market','2732 Baker Blvd.','Eugene','OR','97403','Etats-Unis'),(10937,'CACTU',7,'1998-03-10 00:00:00','1998-03-24 00:00:00','1998-03-13 00:00:00',3,157.55,'Cactus Comidas para llevar','Cerrito 333','Buenos Aires',NULL,'1010','Argentine'),(10938,'QUICK',3,'1998-03-10 00:00:00','1998-04-07 00:00:00','1998-03-16 00:00:00',2,159.45,'QUICK-Stop','Taucherstraße 10','Cunewalde',NULL,'01307','Allemagne'),(10939,'MAGAA',2,'1998-03-10 00:00:00','1998-04-07 00:00:00','1998-03-13 00:00:00',2,381.65,'Magazzini Alimentari Riuniti','Via Ludovico il Moro 22','Bergamo',NULL,'24100','Italie'),(10940,'BONAP',8,'1998-03-11 00:00:00','1998-04-08 00:00:00','1998-03-23 00:00:00',3,98.85,'Bon app\'','12, rue des Bouchers','Marseille',NULL,'13008','France'),(10941,'SAVEA',7,'1998-03-11 00:00:00','1998-04-08 00:00:00','1998-03-20 00:00:00',2,2004.05,'Save-a-lot Markets','187 Suffolk Ln.','Boise','ID','83720','Etats-Unis'),(10942,'REGGC',9,'1998-03-11 00:00:00','1998-04-08 00:00:00','1998-03-18 00:00:00',3,89.75,'Reggiani Caseifici','Strada Provinciale 124','Reggio Emilia',NULL,'42100','Italie'),(10943,'BSBEV',4,'1998-03-11 00:00:00','1998-04-08 00:00:00','1998-03-19 00:00:00',2,10.85,'B\'s Beverages','Fauntleroy Circus','London',NULL,'EC2 5NT','Royaume-Uni'),(10944,'BOTTM',6,'1998-03-12 00:00:00','1998-03-26 00:00:00','1998-03-13 00:00:00',3,264.6,'Bottom-Dollar Markets','23 Tsawassen Blvd.','Tsawassen','BC','T2F 8M4','Canada'),(10945,'MORGK',4,'1998-03-12 00:00:00','1998-04-09 00:00:00','1998-03-18 00:00:00',1,51.1,'Morgenstern Gesundkost','Heerstr. 22','Leipzig',NULL,'04179','Allemagne'),(10946,'VAFFE',1,'1998-03-12 00:00:00','1998-04-09 00:00:00','1998-03-19 00:00:00',2,136,'Vaffeljernet','Smagsløget 45','Århus',NULL,'8200','Danemark'),(10947,'BSBEV',3,'1998-03-13 00:00:00','1998-04-10 00:00:00','1998-03-16 00:00:00',2,16.3,'B\'s Beverages','Fauntleroy Circus','London',NULL,'EC2 5NT','Royaume-Uni'),(10948,'GODOS',3,'1998-03-13 00:00:00','1998-04-10 00:00:00','1998-03-19 00:00:00',3,116.95,'Godos Cocina Típica','C/ Romero, 33','Sevilla',NULL,'41101','Espagne'),(10949,'BOTTM',2,'1998-03-13 00:00:00','1998-04-10 00:00:00','1998-03-17 00:00:00',3,372.2,'Bottom-Dollar Markets','23 Tsawassen Blvd.','Tsawassen','BC','T2F 8M4','Canada'),(10950,'MAGAA',1,'1998-03-16 00:00:00','1998-04-13 00:00:00','1998-03-23 00:00:00',2,12.5,'Magazzini Alimentari Riuniti','Via Ludovico il Moro 22','Bergamo',NULL,'24100','Italie'),(10951,'RICSU',9,'1998-03-16 00:00:00','1998-04-27 00:00:00','1998-04-07 00:00:00',2,154.25,'Richter Supermarkt','Starenweg 5','Genève',NULL,'1204','Suisse'),(10952,'ALFKI',1,'1998-03-16 00:00:00','1998-04-27 00:00:00','1998-03-24 00:00:00',1,202.1,'Alfreds Futterkiste','Obere Str. 57','Berlin',NULL,'12209','Allemagne'),(10953,'AROUT',9,'1998-03-16 00:00:00','1998-03-30 00:00:00','1998-03-25 00:00:00',2,118.6,'Around the Horn','Brook Farm\r\nStratford St. Mary','Colchester','Essex','CO7 6JX','Royaume-Uni'),(10954,'LINOD',5,'1998-03-17 00:00:00','1998-04-28 00:00:00','1998-03-20 00:00:00',1,139.55,'LINO-Delicateses','Ave. 5 de Mayo Porlamar','I. de Margarita','Nueva Esparta','4980','Venezuela'),(10955,'FOLKO',8,'1998-03-17 00:00:00','1998-04-14 00:00:00','1998-03-20 00:00:00',2,16.3,'Folk och fä HB','Åkergatan 24','Bräcke',NULL,'S-844 67','Suède'),(10956,'BLAUS',6,'1998-03-17 00:00:00','1998-04-28 00:00:00','1998-03-20 00:00:00',2,223.25,'Blauer See Delikatessen','Forsterstr. 57','Mannheim',NULL,'68306','Allemagne'),(10957,'HILAA',8,'1998-03-18 00:00:00','1998-04-15 00:00:00','1998-03-27 00:00:00',3,526.8,'HILARIÓN-Abastos','Carrera 22 con Ave. Carlos Soublette #8-35','San Cristóbal','Táchira','5022','Venezuela'),(10958,'OCEAN',7,'1998-03-18 00:00:00','1998-04-15 00:00:00','1998-03-27 00:00:00',2,247.8,'Océano Atlántico Ltda.','Ing. Gustavo Moncada 8585\r\nPiso 20-A','Buenos Aires',NULL,'1010','Argentine'),(10959,'GOURL',6,'1998-03-18 00:00:00','1998-04-29 00:00:00','1998-03-23 00:00:00',2,24.9,'Gourmet Lanchonetes','Av. Brasil, 442','Campinas','SP','04876-786','Brésil'),(10960,'HILAA',3,'1998-03-19 00:00:00','1998-04-02 00:00:00','1998-04-08 00:00:00',1,10.4,'HILARIÓN-Abastos','Carrera 22 con Ave. Carlos Soublette #8-35','San Cristóbal','Táchira','5022','Venezuela'),(10961,'QUEEN',8,'1998-03-19 00:00:00','1998-04-16 00:00:00','1998-03-30 00:00:00',1,522.35,'Queen Cozinha','Alameda dos Canàrios, 891','São Paulo','SP','05487-020','Brésil'),(10962,'QUICK',8,'1998-03-19 00:00:00','1998-04-16 00:00:00','1998-03-23 00:00:00',2,1378.95,'QUICK-Stop','Taucherstraße 10','Cunewalde',NULL,'01307','Allemagne'),(10963,'FURIB',9,'1998-03-19 00:00:00','1998-04-16 00:00:00','1998-03-26 00:00:00',3,13.5,'Furia Bacalhau e Frutos do Mar','Jardim das rosas n. 32','Lisboa',NULL,'1675','Portugal'),(10964,'SPECD',3,'1998-03-20 00:00:00','1998-04-17 00:00:00','1998-03-24 00:00:00',2,436.9,'Spécialités du monde','25, rue Lauriston','Paris',NULL,'75016','France'),(10965,'OLDWO',6,'1998-03-20 00:00:00','1998-04-17 00:00:00','1998-03-30 00:00:00',3,721.9,'Old World Delicatessen','2743 Bering St.','Anchorage','AK','99508','Etats-Unis'),(10966,'CHOPS',4,'1998-03-20 00:00:00','1998-04-17 00:00:00','1998-04-08 00:00:00',1,135.95,'Chop-suey Chinese','Hauptstr. 31','Bern',NULL,'3012','Suisse'),(10967,'TOMSP',2,'1998-03-23 00:00:00','1998-04-20 00:00:00','1998-04-02 00:00:00',2,311.1,'Toms Spezialitäten','Luisenstr. 48','Münster',NULL,'44087','Allemagne'),(10968,'ERNSH',1,'1998-03-23 00:00:00','1998-04-20 00:00:00','1998-04-01 00:00:00',3,373,'Ernst Handel','Kirchgasse 6','Graz',NULL,'8010','Autriche'),(10969,'COMMI',1,'1998-03-23 00:00:00','1998-04-20 00:00:00','1998-03-30 00:00:00',2,1.05,'Comércio Mineiro','Av. dos Lusíadas, 23','São Paulo','SP','05432-043','Brésil'),(10970,'BOLID',9,'1998-03-24 00:00:00','1998-04-07 00:00:00','1998-04-24 00:00:00',1,80.8,'Bólido Comidas preparadas','C/ Araquil, 67','Madrid',NULL,'28023','Espagne'),(10971,'FRANR',2,'1998-03-24 00:00:00','1998-04-21 00:00:00','1998-04-02 00:00:00',2,609.1,'France restauration','54, rue Royale','Nantes',NULL,'44000','France'),(10972,'LACOR',4,'1998-03-24 00:00:00','1998-04-21 00:00:00','1998-03-26 00:00:00',2,0.1,'La corne d\'abondance','67, avenue de l\'Europe','Versailles',NULL,'78000','France'),(10973,'LACOR',6,'1998-03-24 00:00:00','1998-04-21 00:00:00','1998-03-27 00:00:00',2,75.85,'La corne d\'abondance','67, avenue de l\'Europe','Versailles',NULL,'78000','France'),(10974,'SPLIR',3,'1998-03-25 00:00:00','1998-04-08 00:00:00','1998-04-03 00:00:00',3,64.8,'Split Rail Beer & Ale','P.O. Box 555','Lander','WY','82520','Etats-Unis'),(10975,'BOTTM',1,'1998-03-25 00:00:00','1998-04-22 00:00:00','1998-03-27 00:00:00',3,161.35,'Bottom-Dollar Markets','23 Tsawassen Blvd.','Tsawassen','BC','T2F 8M4','Canada'),(10976,'HILAA',1,'1998-03-25 00:00:00','1998-05-06 00:00:00','1998-04-03 00:00:00',1,189.85,'HILARIÓN-Abastos','Carrera 22 con Ave. Carlos Soublette #8-35','San Cristóbal','Táchira','5022','Venezuela'),(10977,'FOLKO',8,'1998-03-26 00:00:00','1998-04-23 00:00:00','1998-04-10 00:00:00',3,1042.5,'Folk och fä HB','Åkergatan 24','Bräcke',NULL,'S-844 67','Suède'),(10978,'MAISD',9,'1998-03-26 00:00:00','1998-04-23 00:00:00','1998-04-23 00:00:00',2,164.1,'Maison Dewey','Rue Joseph-Bens 532','Bruxelles',NULL,'B-1180','Belgique'),(10979,'ERNSH',8,'1998-03-26 00:00:00','1998-04-23 00:00:00','1998-03-31 00:00:00',2,1765.35,'Ernst Handel','Kirchgasse 6','Graz',NULL,'8010','Autriche'),(10980,'FOLKO',4,'1998-03-27 00:00:00','1998-05-08 00:00:00','1998-04-17 00:00:00',1,6.3,'Folk och fä HB','Åkergatan 24','Bräcke',NULL,'S-844 67','Suède'),(10981,'HANAR',1,'1998-03-27 00:00:00','1998-04-24 00:00:00','1998-04-02 00:00:00',2,966.85,'Hanari Carnes','Rua do Paço, 67','Rio de Janeiro','RJ','05454-876','Brésil'),(10982,'BOTTM',2,'1998-03-27 00:00:00','1998-04-24 00:00:00','1998-04-08 00:00:00',1,70.05,'Bottom-Dollar Markets','23 Tsawassen Blvd.','Tsawassen','BC','T2F 8M4','Canada'),(10983,'SAVEA',2,'1998-03-27 00:00:00','1998-04-24 00:00:00','1998-04-06 00:00:00',2,3287.7,'Save-a-lot Markets','187 Suffolk Ln.','Boise','ID','83720','Etats-Unis'),(10984,'SAVEA',1,'1998-03-30 00:00:00','1998-04-27 00:00:00','1998-04-03 00:00:00',3,1056.1,'Save-a-lot Markets','187 Suffolk Ln.','Boise','ID','83720','Etats-Unis'),(10985,'HUNGO',2,'1998-03-30 00:00:00','1998-04-27 00:00:00','1998-04-02 00:00:00',1,457.55,'Hungry Owl All-Night Grocers','8 Johnstown Road','Cork','Co. Cork',NULL,'Irlande'),(10986,'OCEAN',8,'1998-03-30 00:00:00','1998-04-27 00:00:00','1998-04-21 00:00:00',2,1089.3,'Océano Atlántico Ltda.','Ing. Gustavo Moncada 8585\r\nPiso 20-A','Buenos Aires',NULL,'1010','Argentine'),(10987,'EASTC',8,'1998-03-31 00:00:00','1998-04-28 00:00:00','1998-04-06 00:00:00',1,927.4,'Eastern Connection','35 King George','London',NULL,'WX3 6FW','Royaume-Uni'),(10988,'RATTC',3,'1998-03-31 00:00:00','1998-04-28 00:00:00','1998-04-10 00:00:00',2,305.7,'Rattlesnake Canyon Grocery','2817 Milton Dr.','Albuquerque','NM','87110','Etats-Unis'),(10989,'QUEDE',2,'1998-03-31 00:00:00','1998-04-28 00:00:00','1998-04-02 00:00:00',1,173.8,'Que Delícia','Rua da Panificadora, 12','Rio de Janeiro','RJ','02389-673','Brésil'),(10990,'ERNSH',2,'1998-04-01 00:00:00','1998-05-13 00:00:00','1998-04-07 00:00:00',3,588.05,'Ernst Handel','Kirchgasse 6','Graz',NULL,'8010','Autriche'),(10991,'QUICK',1,'1998-04-01 00:00:00','1998-04-29 00:00:00','1998-04-07 00:00:00',1,192.55,'QUICK-Stop','Taucherstraße 10','Cunewalde',NULL,'01307','Allemagne'),(10992,'THEBI',1,'1998-04-01 00:00:00','1998-04-29 00:00:00','1998-04-03 00:00:00',3,21.35,'The Big Cheese','89 Jefferson Way\r\nSuite 2','Portland','OR','97201','Etats-Unis'),(10993,'FOLKO',7,'1998-04-01 00:00:00','1998-04-29 00:00:00','1998-04-10 00:00:00',3,44.05,'Folk och fä HB','Åkergatan 24','Bräcke',NULL,'S-844 67','Suède'),(10994,'VAFFE',2,'1998-04-02 00:00:00','1998-04-16 00:00:00','1998-04-09 00:00:00',3,327.65,'Vaffeljernet','Smagsløget 45','Århus',NULL,'8200','Danemark'),(10995,'PERIC',1,'1998-04-02 00:00:00','1998-04-30 00:00:00','1998-04-06 00:00:00',3,230,'Pericles Comidas clásicas','Calle Dr. Jorge Cash 321','México D.F.',NULL,'05033','Mexique'),(10996,'QUICK',4,'1998-04-02 00:00:00','1998-04-30 00:00:00','1998-04-10 00:00:00',2,5.6,'QUICK-Stop','Taucherstraße 10','Cunewalde',NULL,'01307','Allemagne'),(10997,'LILAS',8,'1998-04-03 00:00:00','1998-05-15 00:00:00','1998-04-13 00:00:00',2,369.55,'LILA-Supermercado','Carrera 52 con Ave. Bolívar #65-98 Llano Largo','Barquisimeto','Lara','3508','Venezuela'),(10998,'WOLZA',8,'1998-04-03 00:00:00','1998-04-17 00:00:00','1998-04-17 00:00:00',2,101.55,'Wolski Zajazd','ul. Filtrowa 68','Warszawa',NULL,'01-012','Pologne'),(10999,'OTTIK',6,'1998-04-03 00:00:00','1998-05-01 00:00:00','1998-04-10 00:00:00',2,481.75,'Ottilies Käseladen','Mehrheimerstr. 369','Köln',NULL,'50739','Allemagne'),(11000,'RATTC',2,'1998-04-06 00:00:00','1998-05-04 00:00:00','1998-04-14 00:00:00',3,275.6,'Rattlesnake Canyon Grocery','2817 Milton Dr.','Albuquerque','NM','87110','Etats-Unis'),(11001,'FOLKO',2,'1998-04-06 00:00:00','1998-05-04 00:00:00','1998-04-14 00:00:00',2,986.5,'Folk och fä HB','Åkergatan 24','Bräcke',NULL,'S-844 67','Suède'),(11002,'SAVEA',4,'1998-04-06 00:00:00','1998-05-04 00:00:00','1998-04-16 00:00:00',1,705.8,'Save-a-lot Markets','187 Suffolk Ln.','Boise','ID','83720','Etats-Unis'),(11003,'THECR',3,'1998-04-06 00:00:00','1998-05-04 00:00:00','1998-04-08 00:00:00',3,74.55,'The Cracker Box','55 Grizzly Peak Rd.','Butte','MT','59801','Etats-Unis'),(11004,'MAISD',3,'1998-04-07 00:00:00','1998-05-05 00:00:00','1998-04-20 00:00:00',1,224.2,'Maison Dewey','Rue Joseph-Bens 532','Bruxelles',NULL,'B-1180','Belgique'),(11005,'WILMK',2,'1998-04-07 00:00:00','1998-05-05 00:00:00','1998-04-10 00:00:00',1,3.75,'Wilman Kala','Keskuskatu 45','Helsinki',NULL,'21240','Finlande'),(11006,'GREAL',3,'1998-04-07 00:00:00','1998-05-05 00:00:00','1998-04-15 00:00:00',2,125.95,'Great Lakes Food Market','2732 Baker Blvd.','Eugene','OR','97403','Etats-Unis'),(11007,'PRINI',8,'1998-04-08 00:00:00','1998-05-06 00:00:00','1998-04-13 00:00:00',2,1011.2,'Princesa Isabel Vinhos','Estrada da saúde n. 58','Lisboa',NULL,'1756','Portugal'),(11008,'ERNSH',7,'1998-04-08 00:00:00','1998-05-06 00:00:00',NULL,3,397.3,'Ernst Handel','Kirchgasse 6','Graz',NULL,'8010','Autriche'),(11009,'GODOS',2,'1998-04-08 00:00:00','1998-05-06 00:00:00','1998-04-10 00:00:00',1,295.55,'Godos Cocina Típica','C/ Romero, 33','Sevilla',NULL,'41101','Espagne'),(11010,'REGGC',2,'1998-04-09 00:00:00','1998-05-07 00:00:00','1998-04-21 00:00:00',2,143.55,'Reggiani Caseifici','Strada Provinciale 124','Reggio Emilia',NULL,'42100','Italie'),(11011,'ALFKI',3,'1998-04-09 00:00:00','1998-05-07 00:00:00','1998-04-13 00:00:00',1,6.05,'Alfreds Futterkiste','Obere Str. 57','Berlin',NULL,'12209','Allemagne'),(11012,'FRANK',1,'1998-04-09 00:00:00','1998-04-23 00:00:00','1998-04-17 00:00:00',3,1214.75,'Frankenversand','Berliner Platz 43','München',NULL,'80805','Allemagne'),(11013,'ROMEY',2,'1998-04-09 00:00:00','1998-05-07 00:00:00','1998-04-10 00:00:00',1,164.95,'Romero y tomillo','Gran Vía, 1','Madrid',NULL,'28001','Espagne'),(11014,'LINOD',2,'1998-04-10 00:00:00','1998-05-08 00:00:00','1998-04-15 00:00:00',3,118,'LINO-Delicateses','Ave. 5 de Mayo Porlamar','I. de Margarita','Nueva Esparta','4980','Venezuela'),(11015,'SANTG',2,'1998-04-10 00:00:00','1998-04-24 00:00:00','1998-04-20 00:00:00',2,23.1,'Santé Gourmet','Erling Skakkes gate 78','Stavern',NULL,'4110','Norvège'),(11016,'AROUT',9,'1998-04-10 00:00:00','1998-05-08 00:00:00','1998-04-13 00:00:00',2,169,'Around the Horn','Brook Farm\r\nStratford St. Mary','Colchester','Essex','CO7 6JX','Royaume-Uni'),(11017,'ERNSH',9,'1998-04-13 00:00:00','1998-05-11 00:00:00','1998-04-20 00:00:00',2,3771.3,'Ernst Handel','Kirchgasse 6','Graz',NULL,'8010','Autriche'),(11018,'LONEP',4,'1998-04-13 00:00:00','1998-05-11 00:00:00','1998-04-16 00:00:00',2,58.25,'Lonesome Pine Restaurant','89 Chiaroscuro Rd.','Portland','OR','97219','Etats-Unis'),(11019,'RANCH',6,'1998-04-13 00:00:00','1998-05-11 00:00:00',NULL,3,15.85,'Rancho grande','Av. del Libertador 900','Buenos Aires',NULL,'1010','Argentine'),(11020,'OTTIK',2,'1998-04-14 00:00:00','1998-05-12 00:00:00','1998-04-16 00:00:00',2,216.5,'Ottilies Käseladen','Mehrheimerstr. 369','Köln',NULL,'50739','Allemagne'),(11021,'QUICK',3,'1998-04-14 00:00:00','1998-05-12 00:00:00','1998-04-21 00:00:00',1,1485.9,'QUICK-Stop','Taucherstraße 10','Cunewalde',NULL,'01307','Allemagne'),(11022,'HANAR',9,'1998-04-14 00:00:00','1998-05-12 00:00:00','1998-05-04 00:00:00',2,31.35,'Hanari Carnes','Rua do Paço, 67','Rio de Janeiro','RJ','05454-876','Brésil'),(11023,'BSBEV',1,'1998-04-14 00:00:00','1998-04-28 00:00:00','1998-04-24 00:00:00',2,619.15,'B\'s Beverages','Fauntleroy Circus','London',NULL,'EC2 5NT','Royaume-Uni'),(11024,'EASTC',4,'1998-04-15 00:00:00','1998-05-13 00:00:00','1998-04-20 00:00:00',1,371.8,'Eastern Connection','35 King George','London',NULL,'WX3 6FW','Royaume-Uni'),(11025,'WARTH',6,'1998-04-15 00:00:00','1998-05-13 00:00:00','1998-04-24 00:00:00',3,145.85,'Wartian Herkku','Torikatu 38','Oulu',NULL,'90110','Finlande'),(11026,'FRANS',4,'1998-04-15 00:00:00','1998-05-13 00:00:00','1998-04-28 00:00:00',1,235.45,'Franchi S.p.A.','Via Monte Bianco 34','Torino',NULL,'10100','Italie'),(11027,'BOTTM',1,'1998-04-16 00:00:00','1998-05-14 00:00:00','1998-04-20 00:00:00',1,262.6,'Bottom-Dollar Markets','23 Tsawassen Blvd.','Tsawassen','BC','T2F 8M4','Canada'),(11028,'KOENE',2,'1998-04-16 00:00:00','1998-05-14 00:00:00','1998-04-22 00:00:00',1,147.95,'Königlich Essen','Maubelstr. 90','Brandenburg',NULL,'14776','Allemagne'),(11029,'CHOPS',4,'1998-04-16 00:00:00','1998-05-14 00:00:00','1998-04-27 00:00:00',1,239.2,'Chop-suey Chinese','Hauptstr. 31','Bern',NULL,'3012','Suisse'),(11030,'SAVEA',7,'1998-04-17 00:00:00','1998-05-15 00:00:00','1998-04-27 00:00:00',2,4153.75,'Save-a-lot Markets','187 Suffolk Ln.','Boise','ID','83720','Etats-Unis'),(11031,'SAVEA',6,'1998-04-17 00:00:00','1998-05-15 00:00:00','1998-04-24 00:00:00',2,1136.1,'Save-a-lot Markets','187 Suffolk Ln.','Boise','ID','83720','Etats-Unis'),(11032,'WHITC',2,'1998-04-17 00:00:00','1998-05-15 00:00:00','1998-04-23 00:00:00',3,3030.95,'White Clover Markets','1029 - 12th Ave. S.','Seattle','WA','98124','Etats-Unis'),(11033,'RICSU',7,'1998-04-17 00:00:00','1998-05-15 00:00:00','1998-04-23 00:00:00',3,423.7,'Richter Supermarkt','Starenweg 5','Genève',NULL,'1204','Suisse'),(11034,'OLDWO',8,'1998-04-20 00:00:00','1998-06-01 00:00:00','1998-04-27 00:00:00',1,201.6,'Old World Delicatessen','2743 Bering St.','Anchorage','AK','99508','Etats-Unis'),(11035,'SUPRD',2,'1998-04-20 00:00:00','1998-05-18 00:00:00','1998-04-24 00:00:00',2,0.85,'Suprêmes délices','Boulevard Tirou, 255','Charleroi',NULL,'B-6000','Belgique'),(11036,'DRACD',8,'1998-04-20 00:00:00','1998-05-18 00:00:00','1998-04-22 00:00:00',3,747.35,'Drachenblut Delikatessen','Walserweg 21','Aachen',NULL,'52066','Allemagne'),(11037,'GODOS',7,'1998-04-21 00:00:00','1998-05-19 00:00:00','1998-04-27 00:00:00',1,16,'Godos Cocina Típica','C/ Romero, 33','Sevilla',NULL,'41101','Espagne'),(11038,'SUPRD',1,'1998-04-21 00:00:00','1998-05-19 00:00:00','1998-04-30 00:00:00',2,147.95,'Suprêmes délices','Boulevard Tirou, 255','Charleroi',NULL,'B-6000','Belgique'),(11039,'LINOD',1,'1998-04-21 00:00:00','1998-05-19 00:00:00',NULL,2,325,'LINO-Delicateses','Ave. 5 de Mayo Porlamar','I. de Margarita','Nueva Esparta','4980','Venezuela'),(11040,'GREAL',4,'1998-04-22 00:00:00','1998-05-20 00:00:00',NULL,3,94.2,'Great Lakes Food Market','2732 Baker Blvd.','Eugene','OR','97403','Etats-Unis'),(11041,'CHOPS',3,'1998-04-22 00:00:00','1998-05-20 00:00:00','1998-04-28 00:00:00',2,241.1,'Chop-suey Chinese','Hauptstr. 31','Bern',NULL,'3012','Suisse'),(11042,'COMMI',2,'1998-04-22 00:00:00','1998-05-06 00:00:00','1998-05-01 00:00:00',1,149.95,'Comércio Mineiro','Av. dos Lusíadas, 23','São Paulo','SP','05432-043','Brésil'),(11043,'SPECD',5,'1998-04-22 00:00:00','1998-05-20 00:00:00','1998-04-29 00:00:00',2,44,'Spécialités du monde','25, rue Lauriston','Paris',NULL,'75016','France'),(11044,'WOLZA',4,'1998-04-23 00:00:00','1998-05-21 00:00:00','1998-05-01 00:00:00',1,43.6,'Wolski Zajazd','ul. Filtrowa 68','Warszawa',NULL,'01-012','Pologne'),(11045,'BOTTM',6,'1998-04-23 00:00:00','1998-05-21 00:00:00',NULL,2,352.9,'Bottom-Dollar Markets','23 Tsawassen Blvd.','Tsawassen','BC','T2F 8M4','Canada'),(11046,'WANDK',8,'1998-04-23 00:00:00','1998-05-21 00:00:00','1998-04-24 00:00:00',2,358.2,'Die Wandernde Kuh','Adenauerallee 900','Stuttgart',NULL,'70563','Allemagne'),(11047,'EASTC',7,'1998-04-24 00:00:00','1998-05-22 00:00:00','1998-05-01 00:00:00',3,233.1,'Eastern Connection','35 King George','London',NULL,'WX3 6FW','Royaume-Uni'),(11048,'BOTTM',7,'1998-04-24 00:00:00','1998-05-22 00:00:00','1998-04-30 00:00:00',3,120.6,'Bottom-Dollar Markets','23 Tsawassen Blvd.','Tsawassen','BC','T2F 8M4','Canada'),(11049,'GOURL',3,'1998-04-24 00:00:00','1998-05-22 00:00:00','1998-05-04 00:00:00',1,41.7,'Gourmet Lanchonetes','Av. Brasil, 442','Campinas','SP','04876-786','Brésil'),(11050,'FOLKO',8,'1998-04-27 00:00:00','1998-05-25 00:00:00','1998-05-05 00:00:00',2,297.05,'Folk och fä HB','Åkergatan 24','Bräcke',NULL,'S-844 67','Suède'),(11051,'LAMAI',7,'1998-04-27 00:00:00','1998-05-25 00:00:00',NULL,3,13.95,'La maison d\'Asie','1 rue Alsace-Lorraine','Toulouse',NULL,'31000','France'),(11052,'HANAR',3,'1998-04-27 00:00:00','1998-05-25 00:00:00','1998-05-01 00:00:00',1,336.3,'Hanari Carnes','Rua do Paço, 67','Rio de Janeiro','RJ','05454-876','Brésil'),(11053,'PICCO',2,'1998-04-27 00:00:00','1998-05-25 00:00:00','1998-04-29 00:00:00',2,265.25,'Piccolo und mehr','Geislweg 14','Salzburg',NULL,'5020','Autriche'),(11054,'CACTU',8,'1998-04-28 00:00:00','1998-05-26 00:00:00',NULL,1,1.65,'Cactus Comidas para llevar','Cerrito 333','Buenos Aires',NULL,'1010','Argentine'),(11055,'HILAA',7,'1998-04-28 00:00:00','1998-05-26 00:00:00','1998-05-05 00:00:00',2,604.6,'HILARIÓN-Abastos','Carrera 22 con Ave. Carlos Soublette #8-35','San Cristóbal','Táchira','5022','Venezuela'),(11056,'EASTC',8,'1998-04-28 00:00:00','1998-05-12 00:00:00','1998-05-01 00:00:00',2,1394.8,'Eastern Connection','35 King George','London',NULL,'WX3 6FW','Royaume-Uni'),(11057,'NORTS',3,'1998-04-29 00:00:00','1998-05-27 00:00:00','1998-05-01 00:00:00',3,20.65,'North/South','South House\r\n300 Queensbridge','London',NULL,'SW7 1RZ','Royaume-Uni'),(11058,'BLAUS',9,'1998-04-29 00:00:00','1998-05-27 00:00:00',NULL,3,155.7,'Blauer See Delikatessen','Forsterstr. 57','Mannheim',NULL,'68306','Allemagne'),(11059,'RICAR',2,'1998-04-29 00:00:00','1998-06-10 00:00:00',NULL,2,429,'Ricardo Adocicados','Av. Copacabana, 267','Rio de Janeiro','RJ','02389-890','Brésil'),(11060,'FRANS',2,'1998-04-30 00:00:00','1998-05-28 00:00:00','1998-05-04 00:00:00',2,54.9,'Franchi S.p.A.','Via Monte Bianco 34','Torino',NULL,'10100','Italie'),(11061,'GREAL',4,'1998-04-30 00:00:00','1998-06-11 00:00:00',NULL,3,70.05,'Great Lakes Food Market','2732 Baker Blvd.','Eugene','OR','97403','Etats-Unis'),(11062,'REGGC',4,'1998-04-30 00:00:00','1998-05-28 00:00:00',NULL,2,149.65,'Reggiani Caseifici','Strada Provinciale 124','Reggio Emilia',NULL,'42100','Italie'),(11063,'HUNGO',3,'1998-04-30 00:00:00','1998-05-28 00:00:00','1998-05-06 00:00:00',2,408.65,'Hungry Owl All-Night Grocers','8 Johnstown Road','Cork','Co. Cork',NULL,'Irlande'),(11064,'SAVEA',1,'1998-05-01 00:00:00','1998-05-29 00:00:00','1998-05-04 00:00:00',1,150.45,'Save-a-lot Markets','187 Suffolk Ln.','Boise','ID','83720','Etats-Unis'),(11065,'LILAS',8,'1998-05-01 00:00:00','1998-05-29 00:00:00',NULL,1,64.55,'LILA-Supermercado','Carrera 52 con Ave. Bolívar #65-98 Llano Largo','Barquisimeto','Lara','3508','Venezuela'),(11066,'WHITC',7,'1998-05-01 00:00:00','1998-05-29 00:00:00','1998-05-04 00:00:00',2,223.6,'White Clover Markets','1029 - 12th Ave. S.','Seattle','WA','98124','Etats-Unis'),(11067,'DRACD',1,'1998-05-04 00:00:00','1998-05-18 00:00:00','1998-05-06 00:00:00',2,39.9,'Drachenblut Delikatessen','Walserweg 21','Aachen',NULL,'52066','Allemagne'),(11068,'QUEEN',8,'1998-05-04 00:00:00','1998-06-01 00:00:00',NULL,2,408.75,'Queen Cozinha','Alameda dos Canàrios, 891','São Paulo','SP','05487-020','Brésil'),(11069,'TORTU',1,'1998-05-04 00:00:00','1998-06-01 00:00:00','1998-05-06 00:00:00',2,78.35,'Tortuga Restaurante','Avda. Azteca 123','México D.F.',NULL,'05033','Mexique'),(11070,'LEHMS',2,'1998-05-05 00:00:00','1998-06-02 00:00:00',NULL,1,680,'Lehmanns Marktstand','Magazinweg 7','Frankfurt a.M.',NULL,'60528','Allemagne'),(11071,'LILAS',1,'1998-05-05 00:00:00','1998-06-02 00:00:00',NULL,1,4.65,'LILA-Supermercado','Carrera 52 con Ave. Bolívar #65-98 Llano Largo','Barquisimeto','Lara','3508','Venezuela'),(11072,'ERNSH',4,'1998-05-05 00:00:00','1998-06-02 00:00:00',NULL,2,1293.2,'Ernst Handel','Kirchgasse 6','Graz',NULL,'8010','Autriche'),(11073,'PERIC',2,'1998-05-05 00:00:00','1998-06-02 00:00:00',NULL,2,124.75,'Pericles Comidas clásicas','Calle Dr. Jorge Cash 321','México D.F.',NULL,'05033','Mexique'),(11074,'SIMOB',7,'1998-05-06 00:00:00','1998-06-03 00:00:00',NULL,2,92.2,'Simons bistro','Vinbæltet 34','København',NULL,'1734','Danemark'),(11075,'RICSU',8,'1998-05-06 00:00:00','1998-06-03 00:00:00',NULL,2,30.95,'Richter Supermarkt','Starenweg 5','Genève',NULL,'1204','Suisse'),(11076,'BONAP',4,'1998-05-06 00:00:00','1998-06-03 00:00:00',NULL,2,191.4,'Bon app\'','12, rue des Bouchers','Marseille',NULL,'13008','France'),(11077,'RATTC',1,'1998-05-06 00:00:00','1998-06-03 00:00:00',NULL,2,42.65,'Rattlesnake Canyon Grocery','2817 Milton Dr.','Albuquerque','NM','87110','Etats-Unis');
UNLOCK TABLES;
/*!40000 ALTER TABLE exp_commandes ENABLE KEYS */;

--
-- Dumping data for table `exp_details_commandes`
--


/*!40000 ALTER TABLE exp_details_commandes DISABLE KEYS */;
LOCK TABLES exp_details_commandes WRITE;
INSERT INTO exp_details_commandes (num_commande, ref_produit, prix_unitaire, quantite, remise) VALUES (10248,11,70,12,0),(10248,42,49,10,0),(10248,72,174,5,0),(10249,14,93,9,0),(10249,51,212,40,0),(10250,41,38.5,10,0),(10250,51,212,35,0.15),(10250,65,84,15,0.15),(10251,22,84,6,0.05),(10251,57,78,15,0.05),(10251,65,84,20,0),(10252,20,324,40,0.05),(10252,33,10,25,0.05),(10252,60,136,40,0),(10253,31,50,20,0),(10253,39,72,42,0),(10253,49,80,40,0),(10254,24,18,15,0.15),(10254,55,96,21,0.15),(10254,74,40,21,0),(10255,2,76,20,0),(10255,16,69.5,35,0),(10255,36,76,25,0),(10255,59,220,30,0),(10256,53,131,15,0),(10256,77,52,12,0),(10257,27,175.5,25,0),(10257,39,72,6,0),(10257,77,52,15,0),(10258,2,76,50,0.2),(10258,5,85,65,0.2),(10258,32,128,6,0.2),(10259,21,40,10,0),(10259,37,104,1,0),(10260,41,38.5,16,0.25),(10260,57,78,50,0),(10260,62,197,15,0.25),(10260,70,60,21,0.25),(10261,21,40,20,0),(10261,35,72,20,0),(10262,5,85,12,0.2),(10262,7,120,15,0),(10262,56,152,2,0),(10263,16,69.5,60,0.25),(10263,24,18,28,0),(10263,30,103.5,60,0.25),(10263,74,40,36,0.25),(10264,2,76,35,0),(10264,41,38.5,25,0.15),(10265,17,156,30,0),(10265,70,60,20,0),(10266,12,152,12,0.05),(10267,40,73.5,50,0),(10267,59,220,70,0.15),(10267,76,72,15,0.15),(10268,29,495,10,0),(10268,72,139,4,0),(10269,33,10,60,0.05),(10269,72,139,20,0.05),(10270,36,76,30,0),(10270,43,184,25,0),(10271,33,10,24,0),(10272,20,324,6,0),(10272,31,50,40,0),(10272,72,139,24,0),(10273,10,124,24,0.05),(10273,31,50,15,0.05),(10273,33,10,20,0),(10273,40,73.5,60,0.05),(10273,76,72,33,0.05),(10274,71,86,20,0),(10274,72,139,7,0),(10275,24,18,12,0.05),(10275,59,220,6,0.05),(10276,10,124,15,0),(10276,13,24,10,0),(10277,28,182,20,0),(10277,62,197,12,0),(10278,44,77.5,16,0),(10278,59,220,15,0),(10278,63,175.5,8,0),(10278,73,60,25,0),(10279,17,156,15,0.25),(10280,24,18,12,0),(10280,55,96,20,0),(10280,75,31,30,0),(10281,19,36.5,1,0),(10281,24,18,6,0),(10281,35,72,4,0),(10282,30,103.5,6,0),(10282,57,78,2,0),(10283,15,62,20,0),(10283,19,36.5,18,0),(10283,60,136,35,0),(10283,72,139,3,0),(10284,27,175.5,15,0.25),(10284,44,77.5,21,0),(10284,60,136,20,0.25),(10284,67,56,5,0.25),(10285,1,72,45,0.2),(10285,40,73.5,40,0.2),(10285,53,131,36,0.2),(10286,35,72,100,0),(10286,62,197,40,0),(10287,16,69.5,40,0.15),(10287,34,56,20,0),(10287,46,48,15,0.15),(10288,54,29.5,10,0.1),(10288,68,50,3,0.1),(10289,3,40,30,0),(10289,64,133,9,0),(10290,5,85,20,0),(10290,29,495,15,0),(10290,49,80,15,0),(10290,77,52,10,0),(10291,13,24,20,0.1),(10291,44,77.5,24,0.1),(10291,51,212,2,0.1),(10292,20,324,20,0),(10293,18,250,12,0),(10293,24,18,10,0),(10293,63,175.5,5,0),(10293,75,31,6,0),(10294,1,72,18,0),(10294,17,156,15,0),(10294,43,184,15,0),(10294,60,136,21,0),(10294,75,31,6,0),(10295,56,152,4,0),(10296,11,84,12,0),(10296,16,69.5,30,0),(10296,69,144,15,0),(10297,39,72,60,0),(10297,72,139,20,0),(10298,2,76,40,0),(10298,36,76,40,0.25),(10298,59,220,30,0.25),(10298,62,197,15,0),(10299,19,36.5,15,0),(10299,70,60,20,0),(10300,66,68,30,0),(10300,68,50,20,0),(10301,40,73.5,10,0),(10301,56,152,20,0),(10302,17,156,40,0),(10302,28,182,28,0),(10302,43,184,12,0),(10303,40,73.5,40,0.1),(10303,65,84,30,0.1),(10303,68,50,15,0.1),(10304,49,80,30,0),(10304,59,220,10,0),(10304,71,86,2,0),(10305,18,250,25,0.1),(10305,29,495,25,0.1),(10305,39,72,30,0.1),(10306,30,103.5,10,0),(10306,53,131,10,0),(10306,54,29.5,5,0),(10307,62,197,10,0),(10307,68,50,3,0),(10308,69,144,1,0),(10308,70,60,5,0),(10309,4,88,20,0),(10309,6,100,30,0),(10309,42,56,2,0),(10309,43,184,20,0),(10309,71,86,3,0),(10310,16,69.5,10,0),(10310,62,197,5,0),(10311,42,56,6,0),(10311,69,144,7,0),(10312,28,182,4,0),(10312,43,184,24,0),(10312,53,131,20,0),(10312,75,31,10,0),(10313,36,76,12,0),(10314,32,128,40,0.1),(10314,58,53,30,0.1),(10314,62,197,25,0.1),(10315,34,56,14,0),(10315,70,60,30,0),(10316,41,38.5,10,0),(10316,62,197,70,0),(10317,1,72,20,0),(10318,41,38.5,20,0),(10318,76,72,6,0),(10319,17,156,8,0),(10319,28,182,14,0),(10319,76,72,30,0),(10320,71,86,30,0),(10321,35,72,10,0),(10322,52,28,20,0),(10323,15,62,5,0),(10323,25,56,4,0),(10323,39,72,4,0),(10324,16,69.5,21,0.15),(10324,35,72,70,0.15),(10324,46,48,30,0),(10324,59,220,40,0.15),(10324,63,175.5,80,0.15),(10325,6,100,6,0),(10325,13,24,12,0),(10325,14,93,9,0),(10325,31,50,4,0),(10325,72,139,40,0),(10326,4,88,24,0),(10326,57,78,16,0),(10326,75,31,50,0),(10327,2,76,25,0.2),(10327,11,84,50,0.2),(10327,30,103.5,35,0.2),(10327,58,53,30,0.2),(10328,59,220,9,0),(10328,65,84,40,0),(10328,68,50,10,0),(10329,19,36.5,10,0.05),(10329,30,103.5,8,0.05),(10329,38,1054,20,0.05),(10329,56,152,12,0.05),(10330,26,124.5,50,0.15),(10330,72,139,25,0.15),(10331,54,29.5,15,0),(10332,18,250,40,0.2),(10332,42,56,10,0.2),(10332,47,38,16,0.2),(10333,14,93,10,0),(10333,21,40,10,0.1),(10333,71,86,40,0.1),(10334,52,28,8,0),(10334,68,50,10,0),(10335,2,76,7,0.2),(10335,31,50,25,0.2),(10335,32,128,6,0.2),(10335,51,212,48,0.2),(10336,4,88,18,0.1),(10337,23,36,40,0),(10337,26,124.5,24,0),(10337,36,76,20,0),(10337,37,104,28,0),(10337,72,139,25,0),(10338,17,156,20,0),(10338,30,103.5,15,0),(10339,4,88,10,0),(10339,17,156,70,0.05),(10339,62,197,28,0),(10340,18,250,20,0.05),(10340,41,38.5,12,0.05),(10340,43,184,40,0.05),(10341,33,10,8,0),(10341,59,220,9,0.15),(10342,2,76,24,0.2),(10342,31,50,56,0.2),(10342,36,76,40,0.2),(10342,55,96,40,0.2),(10343,64,133,50,0),(10343,68,50,4,0.05),(10343,76,72,15,0),(10344,4,88,35,0),(10344,8,160,70,0.25),(10345,8,160,70,0),(10345,19,36.5,80,0),(10345,42,56,9,0),(10346,17,156,36,0.1),(10346,56,152,20,0),(10347,25,56,10,0),(10347,39,72,50,0.15),(10347,40,73.5,4,0),(10347,75,31,6,0.15),(10348,1,72,15,0.15),(10348,23,36,25,0),(10349,54,29.5,24,0),(10350,50,65,15,0.1),(10350,69,144,18,0.1),(10351,38,1054,20,0.05),(10351,41,38.5,13,0),(10351,44,77.5,77,0.05),(10351,65,84,10,0.05),(10352,24,18,10,0),(10352,54,29.5,20,0.15),(10353,11,84,12,0.2),(10353,38,1054,50,0.2),(10354,1,72,12,0),(10354,29,495,4,0),(10355,24,18,25,0),(10355,57,78,25,0),(10356,31,50,30,0),(10356,55,96,12,0),(10356,69,144,20,0),(10357,10,124,30,0.2),(10357,26,124.5,16,0),(10357,60,136,8,0.2),(10358,24,18,10,0.05),(10358,34,56,10,0.05),(10358,36,76,20,0.05),(10359,16,69.5,56,0.05),(10359,31,50,70,0.05),(10359,60,136,80,0.05),(10360,28,182,30,0),(10360,29,495,35,0),(10360,38,1054,10,0),(10360,49,80,35,0),(10360,54,29.5,28,0),(10361,39,72,54,0.1),(10361,60,136,55,0.1),(10362,25,56,50,0),(10362,51,212,20,0),(10362,54,29.5,24,0),(10363,31,50,20,0),(10363,75,31,12,0),(10363,76,72,12,0),(10364,69,144,30,0),(10364,71,86,5,0),(10365,11,84,24,0),(10366,65,84,5,0),(10366,77,52,5,0),(10367,34,56,36,0),(10367,54,29.5,18,0),(10367,65,84,15,0),(10367,77,52,7,0),(10368,21,40,5,0.1),(10368,28,182,13,0.1),(10368,57,78,25,0),(10368,64,133,35,0.1),(10369,29,495,20,0),(10369,56,152,18,0.25),(10370,1,72,15,0.15),(10370,64,133,30,0),(10370,74,40,20,0.15),(10371,36,76,6,0.2),(10372,20,324,12,0.25),(10372,38,1054,40,0.25),(10372,60,136,70,0.25),(10372,72,139,42,0.25),(10373,58,53,80,0.2),(10373,71,86,50,0.2),(10374,31,50,30,0),(10374,58,53,15,0),(10375,14,93,15,0),(10375,54,29.5,10,0),(10376,31,50,42,0.05),(10377,28,182,20,0.15),(10377,39,72,20,0.15),(10378,71,86,6,0),(10379,41,38.5,8,0.1),(10379,63,175.5,16,0.1),(10379,65,84,20,0.1),(10380,30,103.5,18,0.1),(10380,53,131,20,0.1),(10380,60,136,6,0.1),(10380,70,60,30,0),(10381,74,40,14,0),(10382,5,85,32,0),(10382,18,250,9,0),(10382,29,495,14,0),(10382,33,10,60,0),(10382,74,40,50,0),(10383,13,24,20,0),(10383,50,65,15,0),(10383,56,152,20,0),(10384,20,324,28,0),(10384,60,136,15,0),(10385,7,120,10,0.2),(10385,60,136,20,0.2),(10385,68,50,8,0.2),(10386,24,18,15,0),(10386,34,56,10,0),(10387,24,18,15,0),(10387,28,182,6,0),(10387,59,220,12,0),(10387,71,86,15,0),(10388,45,38,15,0.2),(10388,52,28,20,0.2),(10388,53,131,40,0),(10389,10,124,16,0),(10389,55,96,15,0),(10389,62,197,20,0),(10389,70,60,30,0),(10390,31,50,60,0.1),(10390,35,72,40,0.1),(10390,46,48,45,0),(10390,72,139,24,0.1),(10391,13,24,18,0),(10392,69,144,50,0),(10393,2,76,25,0.25),(10393,14,93,42,0.25),(10393,25,56,7,0.25),(10393,26,124.5,70,0.25),(10393,31,50,32,0),(10394,13,24,10,0),(10394,62,197,10,0),(10395,46,48,28,0.1),(10395,53,131,70,0.1),(10395,69,144,8,0),(10396,23,36,40,0),(10396,71,86,60,0),(10396,72,139,21,0),(10397,21,40,10,0.15),(10397,51,212,18,0.15),(10398,35,72,30,0),(10398,55,96,120,0.1),(10399,68,50,60,0),(10399,71,86,30,0),(10399,76,72,35,0),(10399,77,52,14,0),(10400,29,495,21,0),(10400,35,72,35,0),(10400,49,80,30,0),(10401,30,103.5,18,0),(10401,56,152,70,0),(10401,65,84,20,0),(10401,71,86,60,0),(10402,23,36,60,0),(10402,63,175.5,65,0),(10403,16,69.5,21,0.15),(10403,48,51,70,0.15),(10404,26,124.5,30,0.05),(10404,42,56,40,0.05),(10404,49,80,30,0.05),(10405,3,40,50,0),(10406,1,72,10,0),(10406,21,40,30,0.1),(10406,28,182,42,0.1),(10406,36,76,5,0.1),(10406,40,73.5,2,0.1),(10407,11,84,30,0),(10407,69,144,15,0),(10407,71,86,15,0),(10408,37,104,10,0),(10408,54,29.5,6,0),(10408,62,197,35,0),(10409,14,93,12,0),(10409,21,40,12,0),(10410,33,10,49,0),(10410,59,220,16,0),(10411,41,38.5,25,0.2),(10411,44,77.5,40,0.2),(10411,59,220,9,0.2),(10412,14,93,20,0.1),(10413,1,72,24,0),(10413,62,197,40,0),(10413,76,72,14,0),(10414,19,36.5,18,0.05),(10414,33,10,50,0),(10415,17,156,2,0),(10415,33,10,20,0),(10416,19,36.5,20,0),(10416,53,131,10,0),(10416,57,78,20,0),(10417,38,1054,50,0),(10417,46,48,2,0.25),(10417,68,50,36,0.25),(10417,77,52,35,0),(10418,2,76,60,0),(10418,47,38,55,0),(10418,61,114,16,0),(10418,74,40,15,0),(10419,60,136,60,0.05),(10419,69,144,20,0.05),(10420,9,388,20,0.1),(10420,13,24,2,0.1),(10420,70,60,8,0.1),(10420,73,60,20,0.1),(10421,19,36.5,4,0.15),(10421,26,124.5,30,0),(10421,53,131,15,0.15),(10421,77,52,10,0.15),(10422,26,124.5,2,0),(10423,31,50,14,0),(10423,59,220,20,0),(10424,35,72,60,0.2),(10424,38,1054,49,0.2),(10424,68,50,30,0.2),(10425,55,96,10,0.25),(10425,76,72,20,0.25),(10426,56,152,5,0),(10426,64,133,7,0),(10427,14,93,35,0),(10428,46,48,20,0),(10429,50,65,40,0),(10429,63,175.5,35,0.25),(10430,17,156,45,0.2),(10430,21,40,50,0),(10430,56,152,30,0),(10430,59,220,70,0.2),(10431,17,156,50,0.25),(10431,40,73.5,50,0.25),(10431,47,38,30,0.25),(10432,26,124.5,10,0),(10432,54,29.5,40,0),(10433,56,152,28,0),(10434,11,84,6,0),(10434,76,72,18,0.15),(10435,2,76,10,0),(10435,22,84,12,0),(10435,72,139,10,0),(10436,46,48,5,0),(10436,56,152,40,0.1),(10436,64,133,30,0.1),(10436,75,31,24,0.1),(10437,53,131,15,0),(10438,19,36.5,15,0.2),(10438,34,56,20,0.2),(10438,57,78,15,0.2),(10439,12,152,15,0),(10439,16,69.5,16,0),(10439,64,133,6,0),(10439,74,40,30,0),(10440,2,76,45,0.15),(10440,16,69.5,49,0.15),(10440,29,495,24,0.15),(10440,61,114,90,0.15),(10441,27,175.5,50,0),(10442,11,84,30,0),(10442,54,29.5,80,0),(10442,66,68,60,0),(10443,11,84,6,0.2),(10443,28,182,12,0),(10444,17,156,10,0),(10444,26,124.5,15,0),(10444,35,72,8,0),(10444,41,38.5,30,0),(10445,39,72,6,0),(10445,54,29.5,15,0),(10446,19,36.5,12,0.1),(10446,24,18,20,0.1),(10446,31,50,3,0.1),(10446,52,28,15,0.1),(10447,19,36.5,40,0),(10447,65,84,35,0),(10447,71,86,2,0),(10448,26,124.5,6,0),(10448,40,73.5,20,0),(10449,10,124,14,0),(10449,52,28,20,0),(10449,62,197,35,0),(10450,10,124,20,0.2),(10450,54,29.5,6,0.2),(10451,55,96,120,0.1),(10451,64,133,35,0.1),(10451,65,84,28,0.1),(10451,77,52,55,0.1),(10452,28,182,15,0),(10452,44,77.5,100,0.05),(10453,48,51,15,0.1),(10453,70,60,25,0.1),(10454,16,69.5,20,0.2),(10454,33,10,20,0.2),(10454,46,48,10,0.2),(10455,39,72,20,0),(10455,53,131,50,0),(10455,61,114,25,0),(10455,71,86,30,0),(10456,21,40,40,0.15),(10456,49,80,21,0.15),(10457,59,220,36,0),(10458,26,124.5,30,0),(10458,28,182,30,0),(10458,43,184,20,0),(10458,56,152,15,0),(10458,71,86,50,0),(10459,7,120,16,0.05),(10459,46,48,20,0.05),(10459,72,139,40,0),(10460,68,50,21,0.25),(10460,75,31,4,0.25),(10461,21,40,40,0.25),(10461,30,103.5,28,0.25),(10461,55,96,60,0.25),(10462,13,24,1,0),(10462,23,36,21,0),(10463,19,36.5,21,0),(10463,42,56,50,0),(10464,4,88,16,0.2),(10464,43,184,3,0),(10464,56,152,30,0.2),(10464,60,136,20,0),(10465,24,18,25,0),(10465,29,495,18,0.1),(10465,40,73.5,20,0),(10465,45,38,30,0.1),(10465,50,65,25,0),(10466,11,84,10,0),(10466,46,48,5,0),(10467,24,18,28,0),(10467,25,56,12,0),(10468,30,103.5,8,0),(10468,43,184,15,0),(10469,2,76,40,0.15),(10469,16,69.5,35,0.15),(10469,44,77.5,2,0.15),(10470,18,250,30,0),(10470,23,36,15,0),(10470,64,133,8,0),(10471,7,120,30,0),(10471,56,152,20,0),(10472,24,18,80,0.05),(10472,51,212,18,0),(10473,33,10,12,0),(10473,71,86,12,0),(10474,14,93,12,0),(10474,28,182,18,0),(10474,40,73.5,21,0),(10474,75,31,10,0),(10475,31,50,35,0.15),(10475,66,68,60,0.15),(10475,76,72,42,0.15),(10476,55,96,2,0.05),(10476,70,60,12,0),(10477,1,72,15,0),(10477,21,40,21,0.25),(10477,39,72,20,0.25),(10478,10,124,20,0.05),(10479,38,1054,30,0),(10479,53,131,28,0),(10479,59,220,60,0),(10479,64,133,30,0),(10480,47,38,30,0),(10480,59,220,12,0),(10481,49,80,24,0),(10481,60,136,40,0),(10482,40,73.5,10,0),(10483,34,56,35,0.05),(10483,77,52,30,0.05),(10484,21,40,14,0),(10484,40,73.5,10,0),(10484,51,212,3,0),(10485,2,76,20,0.1),(10485,3,40,20,0.1),(10485,55,96,30,0.1),(10485,70,60,60,0.1),(10486,11,84,5,0),(10486,51,212,25,0),(10486,74,40,16,0),(10487,19,36.5,5,0),(10487,26,124.5,30,0),(10487,54,29.5,24,0.25),(10488,59,220,30,0),(10488,73,60,20,0.2),(10489,11,84,15,0.25),(10489,16,69.5,18,0),(10490,59,220,60,0),(10490,68,50,30,0),(10490,75,31,36,0),(10491,44,77.5,15,0.15),(10491,77,52,7,0.15),(10492,25,56,60,0.05),(10492,42,56,20,0.05),(10493,65,84,15,0.1),(10493,66,68,10,0.1),(10493,69,144,10,0.1),(10494,56,152,30,0),(10495,23,36,10,0),(10495,41,38.5,20,0),(10495,77,52,5,0),(10496,31,50,20,0.05),(10497,56,152,14,0),(10497,72,139,25,0),(10497,77,52,25,0),(10498,24,22.5,14,0),(10498,40,92,5,0),(10498,42,70,30,0),(10499,28,228,20,0),(10499,49,100,25,0),(10500,15,77.5,12,0.05),(10500,28,228,8,0.05),(10501,54,37.25,20,0),(10502,45,47.5,21,0),(10502,53,164,6,0),(10502,67,70,30,0),(10503,14,116.25,70,0),(10503,65,105.25,20,0),(10504,2,95,12,0),(10504,21,50,12,0),(10504,53,164,10,0),(10504,61,142.5,25,0),(10505,62,246.5,3,0),(10506,25,70,18,0.1),(10506,70,75,14,0.1),(10507,43,230,15,0.15),(10507,48,63.75,15,0.15),(10508,13,30,10,0),(10508,39,90,10,0),(10509,28,228,3,0),(10510,29,618.95,36,0),(10510,75,38.75,36,0.1),(10511,4,110,50,0.15),(10511,7,150,50,0.15),(10511,8,200,10,0.15),(10512,24,22.5,10,0.15),(10512,46,60,9,0.15),(10512,47,47.5,6,0.15),(10512,60,170,12,0.15),(10513,21,50,40,0.2),(10513,32,160,50,0.2),(10513,61,142.5,15,0.2),(10514,20,405,39,0),(10514,28,228,35,0),(10514,56,190,70,0),(10514,65,105.25,39,0),(10514,75,38.75,50,0),(10515,9,485,16,0.15),(10515,16,87.25,50,0),(10515,27,219.5,120,0),(10515,33,12.5,16,0.15),(10515,60,170,84,0.15),(10516,18,312.5,25,0.1),(10516,41,48.25,80,0.1),(10516,42,70,20,0),(10517,52,35,6,0),(10517,59,275,4,0),(10517,70,75,6,0),(10518,24,22.5,5,0),(10518,38,1317.5,15,0),(10518,44,97.25,9,0),(10519,10,155,16,0.05),(10519,56,190,40,0),(10519,60,170,10,0.05),(10520,24,22.5,8,0),(10520,53,164,5,0),(10521,35,90,3,0),(10521,41,48.25,10,0),(10521,68,62.5,6,0),(10522,1,90,40,0.2),(10522,8,200,24,0),(10522,30,129.45,20,0.2),(10522,40,92,25,0.2),(10523,17,195,25,0.1),(10523,20,405,15,0.1),(10523,37,130,18,0.1),(10523,41,48.25,6,0.1),(10524,10,155,2,0),(10524,30,129.45,10,0),(10524,43,230,60,0),(10524,54,37.25,15,0),(10525,36,95,30,0),(10525,40,92,15,0.1),(10526,1,90,8,0.15),(10526,13,30,10,0),(10526,56,190,30,0.15),(10527,4,110,50,0.1),(10527,36,95,30,0.1),(10528,11,105,3,0),(10528,33,12.5,8,0.2),(10528,72,174,9,0),(10529,55,120,14,0),(10529,68,62.5,20,0),(10529,69,180,10,0),(10530,17,195,40,0),(10530,43,230,25,0),(10530,61,142.5,20,0),(10530,76,90,50,0),(10531,59,275,2,0),(10532,30,129.45,15,0),(10532,66,85,24,0),(10533,4,110,50,0.05),(10533,72,174,24,0),(10533,73,75,24,0.05),(10534,30,129.45,10,0),(10534,40,92,10,0.2),(10534,54,37.25,10,0.2),(10535,11,105,50,0.1),(10535,40,92,10,0.1),(10535,57,97.5,5,0.1),(10535,59,275,15,0.1),(10536,12,190,15,0.25),(10536,31,62.5,20,0),(10536,33,12.5,30,0),(10536,60,170,35,0.25),(10537,31,62.5,30,0),(10537,51,265,6,0),(10537,58,66.25,20,0),(10537,72,174,21,0),(10537,73,75,9,0),(10538,70,75,7,0),(10538,72,174,1,0),(10539,13,30,8,0),(10539,21,50,15,0),(10539,33,12.5,15,0),(10539,49,100,6,0),(10540,3,50,60,0),(10540,26,156.15,40,0),(10540,38,1317.5,30,0),(10540,68,62.5,35,0),(10541,24,22.5,35,0.1),(10541,38,1317.5,4,0.1),(10541,65,105.25,36,0.1),(10541,71,107.5,9,0.1),(10542,11,105,15,0.05),(10542,54,37.25,24,0.05),(10543,12,190,30,0.15),(10543,23,45,70,0.15),(10544,28,228,7,0),(10544,67,70,7,0),(10545,11,105,10,0),(10546,7,150,10,0),(10546,35,90,30,0),(10546,62,246.5,40,0),(10547,32,160,24,0.15),(10547,36,95,60,0),(10548,34,70,10,0.25),(10548,41,48.25,14,0),(10549,31,62.5,55,0.15),(10549,45,47.5,100,0.15),(10549,51,265,48,0.15),(10550,17,195,8,0.1),(10550,19,46,10,0),(10550,21,50,6,0.1),(10550,61,142.5,10,0.1),(10551,16,87.25,40,0.15),(10551,35,90,20,0.15),(10551,44,97.25,40,0),(10552,69,180,18,0),(10552,75,38.75,30,0),(10553,11,105,15,0),(10553,16,87.25,14,0),(10553,22,105,24,0),(10553,31,62.5,30,0),(10553,35,90,6,0),(10554,16,87.25,30,0.05),(10554,23,45,20,0.05),(10554,62,246.5,20,0.05),(10554,77,65,10,0.05),(10555,14,116.25,30,0.2),(10555,19,46,35,0.2),(10555,24,22.5,18,0.2),(10555,51,265,20,0.2),(10555,56,190,40,0.2),(10556,72,174,24,0),(10557,64,166.25,30,0),(10557,75,38.75,20,0),(10558,47,47.5,25,0),(10558,51,265,20,0),(10558,52,35,30,0),(10558,53,164,18,0),(10558,73,75,3,0),(10559,41,48.25,12,0.05),(10559,55,120,18,0.05),(10560,30,129.45,20,0),(10560,62,246.5,15,0.25),(10561,44,97.25,10,0),(10561,51,265,50,0),(10562,33,12.5,20,0.1),(10562,62,246.5,10,0.1),(10563,36,95,25,0),(10563,52,35,70,0),(10564,17,195,16,0.05),(10564,31,62.5,6,0.05),(10564,55,120,25,0.05),(10565,24,22.5,25,0.1),(10565,64,166.25,18,0.1),(10566,11,105,35,0.15),(10566,18,312.5,18,0.15),(10566,76,90,10,0),(10567,31,62.5,60,0.2),(10567,51,265,3,0),(10567,59,275,40,0.2),(10568,10,155,5,0),(10569,31,62.5,35,0.2),(10569,76,90,30,0),(10570,11,105,15,0.05),(10570,56,190,60,0.05),(10571,14,116.25,11,0.15),(10571,42,70,28,0.15),(10572,16,87.25,12,0.1),(10572,32,160,10,0.1),(10572,40,92,50,0),(10572,75,38.75,15,0.1),(10573,17,195,18,0),(10573,34,70,40,0),(10573,53,164,25,0),(10574,33,12.5,14,0),(10574,40,92,2,0),(10574,62,246.5,10,0),(10574,64,166.25,6,0),(10575,59,275,12,0),(10575,63,219.5,6,0),(10575,72,174,30,0),(10575,76,90,10,0),(10576,1,90,10,0),(10576,31,62.5,20,0),(10576,44,97.25,21,0),(10577,39,90,10,0),(10577,75,38.75,20,0),(10577,77,65,18,0),(10578,35,90,20,0),(10578,57,97.5,6,0),(10579,15,77.5,10,0),(10579,75,38.75,21,0),(10580,14,116.25,15,0.05),(10580,41,48.25,9,0.05),(10580,65,105.25,30,0.05),(10581,75,38.75,50,0.2),(10582,57,97.5,4,0),(10582,76,90,14,0),(10583,29,618.95,10,0),(10583,60,170,24,0.15),(10583,69,180,10,0.15),(10584,31,62.5,50,0.05),(10585,47,47.5,15,0),(10586,52,35,4,0.15),(10587,26,156.15,6,0),(10587,35,90,20,0),(10587,77,65,20,0),(10588,18,312.5,40,0.2),(10588,42,70,100,0.2),(10589,35,90,4,0),(10590,1,90,20,0),(10590,77,65,60,0.05),(10591,3,50,14,0),(10591,7,150,10,0),(10591,54,37.25,50,0),(10592,15,77.5,25,0.05),(10592,26,156.15,5,0.05),(10593,20,405,21,0.2),(10593,69,180,20,0.2),(10593,76,90,4,0.2),(10594,52,35,24,0),(10594,58,66.25,30,0),(10595,35,90,30,0.25),(10595,61,142.5,120,0.25),(10595,69,180,65,0.25),(10596,56,190,5,0.2),(10596,63,219.5,24,0.2),(10596,75,38.75,30,0.2),(10597,24,22.5,35,0.2),(10597,57,97.5,20,0),(10597,65,105.25,12,0.2),(10598,27,219.5,50,0),(10598,71,107.5,9,0),(10599,62,246.5,10,0),(10600,54,37.25,4,0),(10600,73,75,30,0),(10601,13,30,60,0),(10601,59,275,35,0),(10602,77,65,5,0.25),(10603,22,105,48,0),(10603,49,100,25,0.05),(10604,48,63.75,6,0.1),(10604,76,90,10,0.1),(10605,16,87.25,30,0.05),(10605,59,275,20,0.05),(10605,60,170,70,0.05),(10605,71,107.5,15,0.05),(10606,4,110,20,0.2),(10606,55,120,20,0.2),(10606,62,246.5,10,0.2),(10607,7,150,45,0),(10607,17,195,100,0),(10607,33,12.5,14,0),(10607,40,92,42,0),(10607,72,174,12,0),(10608,56,190,28,0),(10609,1,90,3,0),(10609,10,155,10,0),(10609,21,50,6,0),(10610,36,95,21,0.25),(10611,1,90,6,0),(10611,2,95,10,0),(10611,60,170,15,0),(10612,10,155,70,0),(10612,36,95,55,0),(10612,49,100,18,0),(10612,60,170,40,0),(10612,76,90,80,0),(10613,13,30,8,0.1),(10613,75,38.75,40,0),(10614,11,105,14,0),(10614,21,50,8,0),(10614,39,90,5,0),(10615,55,120,5,0),(10616,38,1317.5,15,0.05),(10616,56,190,14,0),(10616,70,75,15,0.05),(10616,71,107.5,15,0.05),(10617,59,275,30,0.15),(10618,6,125,70,0),(10618,56,190,20,0),(10618,68,62.5,15,0),(10619,21,50,42,0),(10619,22,105,40,0),(10620,24,22.5,5,0),(10620,52,35,5,0),(10621,19,46,5,0),(10621,23,45,10,0),(10621,70,75,20,0),(10621,71,107.5,15,0),(10622,2,95,20,0),(10622,68,62.5,18,0.2),(10623,14,116.25,21,0),(10623,19,46,15,0.1),(10623,21,50,25,0.1),(10623,24,22.5,3,0),(10623,35,90,30,0.1),(10624,28,228,10,0),(10624,29,618.95,6,0),(10624,44,97.25,10,0),(10625,14,116.25,3,0),(10625,42,70,5,0),(10625,60,170,10,0),(10626,53,164,12,0),(10626,60,170,20,0),(10626,71,107.5,20,0),(10627,62,246.5,15,0),(10627,73,75,35,0.15),(10628,1,90,25,0),(10629,29,618.95,20,0),(10629,64,166.25,9,0),(10630,55,120,12,0.05),(10630,76,90,35,0),(10631,75,38.75,8,0.1),(10632,2,95,30,0.05),(10632,33,12.5,20,0.05),(10633,12,190,36,0.15),(10633,13,30,13,0.15),(10633,26,156.15,35,0.15),(10633,62,246.5,80,0.15),(10634,7,150,35,0),(10634,18,312.5,50,0),(10634,51,265,15,0),(10634,75,38.75,2,0),(10635,4,110,10,0.1),(10635,5,106.75,15,0.1),(10635,22,105,40,0),(10636,4,110,25,0),(10636,58,66.25,6,0),(10637,11,105,10,0),(10637,50,81.25,25,0.05),(10637,56,190,60,0.05),(10638,45,47.5,20,0),(10638,65,105.25,21,0),(10638,72,174,60,0),(10639,18,312.5,8,0),(10640,69,180,20,0.25),(10640,70,75,15,0.25),(10641,2,95,50,0),(10641,40,92,60,0),(10642,21,50,30,0.2),(10642,61,142.5,20,0.2),(10643,28,228,15,0.25),(10643,39,90,21,0.25),(10643,46,60,2,0.25),(10644,18,312.5,4,0.1),(10644,43,230,20,0),(10644,46,60,21,0.1),(10645,18,312.5,20,0),(10645,36,95,15,0),(10646,1,90,15,0.25),(10646,10,155,18,0.25),(10646,71,107.5,30,0.25),(10646,77,65,35,0.25),(10647,19,46,30,0),(10647,39,90,20,0),(10648,22,105,15,0),(10648,24,22.5,15,0.15),(10649,28,228,20,0),(10649,72,174,15,0),(10650,30,129.45,30,0),(10650,53,164,25,0.05),(10650,54,37.25,30,0),(10651,19,46,12,0.25),(10651,22,105,20,0.25),(10652,30,129.45,2,0.25),(10652,42,70,20,0),(10653,16,87.25,30,0.1),(10653,60,170,20,0.1),(10654,4,110,12,0.1),(10654,39,90,20,0.1),(10654,54,37.25,6,0.1),(10655,41,48.25,20,0.2),(10656,14,116.25,3,0.1),(10656,44,97.25,28,0.1),(10656,47,47.5,6,0.1),(10657,15,77.5,50,0),(10657,41,48.25,24,0),(10657,46,60,45,0),(10657,47,47.5,10,0),(10657,56,190,45,0),(10657,60,170,30,0),(10658,21,50,60,0),(10658,40,92,70,0.05),(10658,60,170,55,0.05),(10658,77,65,70,0.05),(10659,31,62.5,20,0.05),(10659,40,92,24,0.05),(10659,70,75,40,0.05),(10660,20,405,21,0),(10661,39,90,3,0.2),(10661,58,66.25,49,0.2),(10662,68,62.5,10,0),(10663,40,92,30,0.05),(10663,42,70,30,0.05),(10663,51,265,20,0.05),(10664,10,155,24,0.15),(10664,56,190,12,0.15),(10664,65,105.25,15,0.15),(10665,51,265,20,0),(10665,59,275,1,0),(10665,76,90,10,0),(10666,29,618.95,36,0),(10666,65,105.25,10,0),(10667,69,180,45,0.2),(10667,71,107.5,14,0.2),(10668,31,62.5,8,0.1),(10668,55,120,4,0.1),(10668,64,166.25,15,0.1),(10669,36,95,30,0),(10670,23,45,32,0),(10670,46,60,60,0),(10670,67,70,25,0),(10670,73,75,50,0),(10670,75,38.75,25,0),(10671,16,87.25,10,0),(10671,62,246.5,10,0),(10671,65,105.25,12,0),(10672,38,1317.5,15,0.1),(10672,71,107.5,12,0),(10673,16,87.25,3,0),(10673,42,70,6,0),(10673,43,230,6,0),(10674,23,45,5,0),(10675,14,116.25,30,0),(10675,53,164,10,0),(10675,58,66.25,30,0),(10676,10,155,2,0),(10676,19,46,7,0),(10676,44,97.25,21,0),(10677,26,156.15,30,0.15),(10677,33,12.5,8,0.15),(10678,12,190,100,0),(10678,33,12.5,30,0),(10678,41,48.25,120,0),(10678,54,37.25,30,0),(10679,59,275,12,0),(10680,16,87.25,50,0.25),(10680,31,62.5,20,0.25),(10680,42,70,40,0.25),(10681,19,46,30,0.1),(10681,21,50,12,0.1),(10681,64,166.25,28,0),(10682,33,12.5,30,0),(10682,66,85,4,0),(10682,75,38.75,30,0),(10683,52,35,9,0),(10684,40,92,20,0),(10684,47,47.5,40,0),(10684,60,170,30,0),(10685,10,155,20,0),(10685,41,48.25,4,0),(10685,47,47.5,15,0),(10686,17,195,30,0.2),(10686,26,156.15,15,0),(10687,9,485,50,0.25),(10687,29,618.95,10,0),(10687,36,95,6,0.25),(10688,10,155,18,0.1),(10688,28,228,60,0.1),(10688,34,70,14,0),(10689,1,90,35,0.25),(10690,56,190,20,0.25),(10690,77,65,30,0.25),(10691,1,90,30,0),(10691,29,618.95,40,0),(10691,43,230,40,0),(10691,44,97.25,24,0),(10691,62,246.5,48,0),(10692,63,219.5,20,0),(10693,9,485,6,0),(10693,54,37.25,60,0.15),(10693,69,180,30,0.15),(10693,73,75,15,0.15),(10694,7,150,90,0),(10694,59,275,25,0),(10694,70,75,50,0),(10695,8,200,10,0),(10695,12,190,4,0),(10695,24,22.5,20,0),(10696,17,195,20,0),(10696,46,60,18,0),(10697,19,46,7,0.25),(10697,35,90,9,0.25),(10697,58,66.25,30,0.25),(10697,70,75,30,0.25),(10698,11,105,15,0),(10698,17,195,8,0.05),(10698,29,618.95,12,0.05),(10698,65,105.25,65,0.05),(10698,70,75,8,0.05),(10699,47,47.5,12,0),(10700,1,90,5,0.2),(10700,34,70,12,0.2),(10700,68,62.5,40,0.2),(10700,71,107.5,60,0.2),(10701,59,275,42,0.15),(10701,71,107.5,20,0.15),(10701,76,90,35,0.15),(10702,3,50,6,0),(10702,76,90,15,0),(10703,2,95,5,0),(10703,59,275,35,0),(10703,73,75,35,0),(10704,4,110,6,0),(10704,24,22.5,35,0),(10704,48,63.75,24,0),(10705,31,62.5,20,0),(10705,32,160,4,0),(10706,16,87.25,20,0),(10706,43,230,24,0),(10706,59,275,8,0),(10707,55,120,21,0),(10707,57,97.5,40,0),(10707,70,75,28,0.15),(10708,5,106.75,4,0),(10708,36,95,5,0),(10709,8,200,40,0),(10709,51,265,28,0),(10709,60,170,10,0),(10710,19,46,5,0),(10710,47,47.5,5,0),(10711,19,46,12,0),(10711,41,48.25,42,0),(10711,53,164,120,0),(10712,53,164,3,0.05),(10712,56,190,30,0),(10713,10,155,18,0),(10713,26,156.15,30,0),(10713,45,47.5,110,0),(10713,46,60,24,0),(10714,2,95,30,0.25),(10714,17,195,27,0.25),(10714,47,47.5,50,0.25),(10714,56,190,18,0.25),(10714,58,66.25,12,0.25),(10715,10,155,21,0),(10715,71,107.5,30,0),(10716,21,50,5,0),(10716,51,265,7,0),(10716,61,142.5,10,0),(10717,21,50,32,0.05),(10717,54,37.25,15,0),(10717,69,180,25,0.05),(10718,12,190,36,0),(10718,16,87.25,20,0),(10718,36,95,40,0),(10718,62,246.5,20,0),(10719,18,312.5,12,0.25),(10719,30,129.45,3,0.25),(10719,54,37.25,40,0.25),(10720,35,90,21,0),(10720,71,107.5,8,0),(10721,44,97.25,50,0.05),(10722,2,95,3,0),(10722,31,62.5,50,0),(10722,68,62.5,45,0),(10722,75,38.75,42,0),(10723,26,156.15,15,0),(10724,10,155,16,0),(10724,61,142.5,5,0),(10725,41,48.25,12,0),(10725,52,35,4,0),(10725,55,120,6,0),(10726,4,110,25,0),(10726,11,105,5,0),(10727,17,195,20,0.05),(10727,56,190,10,0.05),(10727,59,275,10,0.05),(10728,30,129.45,15,0),(10728,40,92,6,0),(10728,55,120,12,0),(10728,60,170,15,0),(10729,1,90,50,0),(10729,21,50,30,0),(10729,50,81.25,40,0),(10730,16,87.25,15,0.05),(10730,31,62.5,3,0.05),(10730,65,105.25,10,0.05),(10731,21,50,40,0.05),(10731,51,265,30,0.05),(10732,76,90,20,0),(10733,14,116.25,16,0),(10733,28,228,20,0),(10733,52,35,25,0),(10734,6,125,30,0),(10734,30,129.45,15,0),(10734,76,90,20,0),(10735,61,142.5,20,0.1),(10735,77,65,2,0.1),(10736,65,105.25,40,0),(10736,75,38.75,20,0),(10737,13,30,4,0),(10737,41,48.25,12,0),(10738,16,87.25,3,0),(10739,36,95,6,0),(10739,52,35,18,0),(10740,28,228,5,0.2),(10740,35,90,35,0.2),(10740,45,47.5,40,0.2),(10740,56,190,14,0.2),(10741,2,95,15,0.2),(10742,3,50,20,0),(10742,60,170,50,0),(10742,72,174,35,0),(10743,46,60,28,0.05),(10744,40,92,50,0.2),(10745,18,312.5,24,0),(10745,44,97.25,16,0),(10745,59,275,45,0),(10745,72,174,7,0),(10746,13,30,6,0),(10746,42,70,28,0),(10746,62,246.5,9,0),(10746,69,180,40,0),(10747,31,62.5,8,0),(10747,41,48.25,35,0),(10747,63,219.5,9,0),(10747,69,180,30,0),(10748,23,45,44,0),(10748,40,92,40,0),(10748,56,190,28,0),(10749,56,190,15,0),(10749,59,275,6,0),(10749,76,90,10,0),(10750,14,116.25,5,0.15),(10750,45,47.5,40,0.15),(10750,59,275,25,0.15),(10751,26,156.15,12,0.1),(10751,30,129.45,30,0),(10751,50,81.25,20,0.1),(10751,73,75,15,0),(10752,1,90,8,0),(10752,69,180,3,0),(10753,45,47.5,4,0),(10753,74,50,5,0),(10754,40,92,3,0),(10755,47,47.5,30,0.25),(10755,56,190,30,0.25),(10755,57,97.5,14,0.25),(10755,69,180,25,0.25),(10756,18,312.5,21,0.2),(10756,36,95,20,0.2),(10756,68,62.5,6,0.2),(10756,69,180,20,0.2),(10757,34,70,30,0),(10757,59,275,7,0),(10757,62,246.5,30,0),(10757,64,166.25,24,0),(10758,26,156.15,20,0),(10758,52,35,60,0),(10758,70,75,40,0),(10759,32,160,10,0),(10760,25,70,12,0.25),(10760,27,219.5,40,0),(10760,43,230,30,0.25),(10761,25,70,35,0.25),(10761,75,38.75,18,0),(10762,39,90,16,0),(10762,47,47.5,30,0),(10762,51,265,28,0),(10762,56,190,60,0),(10763,21,50,40,0),(10763,22,105,6,0),(10763,24,22.5,20,0),(10764,3,50,20,0.1),(10764,39,90,130,0.1),(10765,65,105.25,80,0.1),(10766,2,95,40,0),(10766,7,150,35,0),(10766,68,62.5,40,0),(10767,42,70,2,0),(10768,22,105,4,0),(10768,31,62.5,50,0),(10768,60,170,15,0),(10768,71,107.5,12,0),(10769,41,48.25,30,0.05),(10769,52,35,15,0.05),(10769,61,142.5,20,0),(10769,62,246.5,15,0),(10770,11,105,15,0.25),(10771,71,107.5,16,0),(10772,29,618.95,18,0),(10772,59,275,25,0),(10773,17,195,33,0),(10773,31,62.5,70,0.2),(10773,75,38.75,7,0.2),(10774,31,62.5,2,0.25),(10774,66,85,50,0),(10775,10,155,6,0),(10775,67,70,3,0),(10776,31,62.5,16,0.05),(10776,42,70,12,0.05),(10776,45,47.5,27,0.05),(10776,51,265,120,0.05),(10777,42,70,20,0.2),(10778,41,48.25,10,0),(10779,16,87.25,20,0),(10779,62,246.5,20,0),(10780,70,75,35,0),(10780,77,65,15,0),(10781,54,37.25,3,0.2),(10781,56,190,20,0.2),(10781,74,50,35,0),(10782,31,62.5,1,0),(10783,31,62.5,10,0),(10783,38,1317.5,5,0),(10784,36,95,30,0),(10784,39,90,2,0.15),(10784,72,174,30,0.15),(10785,10,155,10,0),(10785,75,38.75,10,0),(10786,8,200,30,0.2),(10786,30,129.45,15,0.2),(10786,75,38.75,42,0.2),(10787,2,95,15,0.05),(10787,29,618.95,20,0.05),(10788,19,46,50,0.05),(10788,75,38.75,40,0.05),(10789,18,312.5,30,0),(10789,35,90,15,0),(10789,63,219.5,30,0),(10789,68,62.5,18,0),(10790,7,150,3,0.15),(10790,56,190,20,0.15),(10791,29,618.95,14,0.05),(10791,41,48.25,20,0.05),(10792,2,95,10,0),(10792,54,37.25,3,0),(10792,68,62.5,15,0),(10793,41,48.25,14,0),(10793,52,35,8,0),(10794,14,116.25,15,0.2),(10794,54,37.25,6,0.2),(10795,16,87.25,65,0),(10795,17,195,35,0.25),(10796,26,156.15,21,0.2),(10796,44,97.25,10,0),(10796,64,166.25,35,0.2),(10796,69,180,24,0.2),(10797,11,105,20,0),(10798,62,246.5,2,0),(10798,72,174,10,0),(10799,13,30,20,0.15),(10799,24,22.5,20,0.15),(10799,59,275,25,0),(10800,11,105,50,0.1),(10800,51,265,10,0.1),(10800,54,37.25,7,0.1),(10801,17,195,40,0.25),(10801,29,618.95,20,0.25),(10802,30,129.45,25,0.25),(10802,51,265,30,0.25),(10802,55,120,60,0.25),(10802,62,246.5,5,0.25),(10803,19,46,24,0.05),(10803,25,70,15,0.05),(10803,59,275,15,0.05),(10804,10,155,36,0),(10804,28,228,24,0),(10804,49,100,4,0.15),(10805,34,70,10,0),(10805,38,1317.5,10,0),(10806,2,95,20,0.25),(10806,65,105.25,2,0),(10806,74,50,15,0.25),(10807,40,92,1,0),(10808,56,190,20,0.15),(10808,76,90,50,0.15),(10809,52,35,20,0),(10810,13,30,7,0),(10810,25,70,5,0),(10810,70,75,5,0),(10811,19,46,15,0),(10811,23,45,18,0),(10811,40,92,30,0),(10812,31,62.5,16,0.1),(10812,72,174,40,0.1),(10812,77,65,20,0),(10813,2,95,12,0.2),(10813,46,60,35,0),(10814,41,48.25,20,0),(10814,43,230,20,0.15),(10814,48,63.75,8,0.15),(10814,61,142.5,30,0.15),(10815,33,12.5,16,0),(10816,38,1317.5,30,0.05),(10816,62,246.5,20,0.05),(10817,26,156.15,40,0.15),(10817,38,1317.5,30,0),(10817,40,92,60,0.15),(10817,62,246.5,25,0.15),(10818,32,160,20,0),(10818,41,48.25,20,0),(10819,43,230,7,0),(10819,75,38.75,20,0),(10820,56,190,30,0),(10821,35,90,20,0),(10821,51,265,6,0),(10822,62,246.5,3,0),(10822,70,75,6,0),(10823,11,105,20,0.1),(10823,57,97.5,15,0),(10823,59,275,40,0.1),(10823,77,65,15,0.1),(10824,41,48.25,12,0),(10824,70,75,9,0),(10825,26,156.15,12,0),(10825,53,164,20,0),(10826,31,62.5,35,0),(10826,57,97.5,15,0),(10827,10,155,15,0),(10827,39,90,21,0),(10828,20,405,5,0),(10828,38,1317.5,2,0),(10829,2,95,10,0),(10829,8,200,20,0),(10829,13,30,10,0),(10829,60,170,21,0),(10830,6,125,6,0),(10830,39,90,28,0),(10830,60,170,30,0),(10830,68,62.5,24,0),(10831,19,46,2,0),(10831,35,90,8,0),(10831,38,1317.5,8,0),(10831,43,230,9,0),(10832,13,30,3,0.2),(10832,25,70,10,0.2),(10832,44,97.25,16,0.2),(10832,64,166.25,3,0),(10833,7,150,20,0.1),(10833,31,62.5,9,0.1),(10833,53,164,9,0.1),(10834,29,618.95,8,0.05),(10834,30,129.45,20,0.05),(10835,59,275,15,0),(10835,77,65,2,0.2),(10836,22,105,52,0),(10836,35,90,6,0),(10836,57,97.5,24,0),(10836,60,170,60,0),(10836,64,166.25,30,0),(10837,13,30,6,0),(10837,40,92,25,0),(10837,47,47.5,40,0.25),(10837,76,90,21,0.25),(10838,1,90,4,0.25),(10838,18,312.5,25,0.25),(10838,36,95,50,0.25),(10839,58,66.25,30,0.1),(10839,72,174,15,0.1),(10840,25,70,6,0.2),(10840,39,90,10,0.2),(10841,10,155,16,0),(10841,56,190,30,0),(10841,59,275,50,0),(10841,77,65,15,0),(10842,11,105,15,0),(10842,43,230,5,0),(10842,68,62.5,20,0),(10842,70,75,12,0),(10843,51,265,4,0.25),(10844,22,105,35,0),(10845,23,45,70,0.1),(10845,35,90,25,0.1),(10845,42,70,42,0.1),(10845,58,66.25,60,0.1),(10845,64,166.25,48,0),(10846,4,110,21,0),(10846,70,75,30,0),(10846,74,50,20,0),(10847,1,90,80,0.2),(10847,19,46,12,0.2),(10847,37,130,60,0.2),(10847,45,47.5,36,0.2),(10847,60,170,45,0.2),(10847,71,107.5,55,0.2),(10848,5,106.75,30,0),(10848,9,485,3,0),(10849,3,50,49,0),(10849,26,156.15,18,0.15),(10850,25,70,20,0.15),(10850,33,12.5,4,0.15),(10850,70,75,30,0.15),(10851,2,95,5,0.05),(10851,25,70,10,0.05),(10851,57,97.5,10,0.05),(10851,59,275,42,0.05),(10852,2,95,15,0),(10852,17,195,6,0),(10852,62,246.5,50,0),(10853,18,312.5,10,0),(10854,10,155,100,0.15),(10854,13,30,65,0.15),(10855,16,87.25,50,0),(10855,31,62.5,14,0),(10855,56,190,24,0),(10855,65,105.25,15,0.15),(10856,2,95,20,0),(10856,42,70,20,0),(10857,3,50,30,0),(10857,26,156.15,35,0.25),(10857,29,618.95,10,0.25),(10858,7,150,5,0),(10858,27,219.5,10,0),(10858,70,75,4,0),(10859,24,22.5,40,0.25),(10859,54,37.25,35,0.25),(10859,64,166.25,30,0.25),(10860,51,265,3,0),(10860,76,90,20,0),(10861,17,195,42,0),(10861,18,312.5,20,0),(10861,21,50,40,0),(10861,33,12.5,35,0),(10861,62,246.5,3,0),(10862,11,105,25,0),(10862,52,35,8,0),(10863,1,90,20,0.15),(10863,58,66.25,12,0.15),(10864,35,90,4,0),(10864,67,70,15,0),(10865,38,1317.5,60,0.05),(10865,39,90,80,0.05),(10866,2,95,21,0.25),(10866,24,22.5,6,0.25),(10866,30,129.45,40,0.25),(10867,53,164,3,0),(10868,26,156.15,20,0),(10868,35,90,30,0),(10868,49,100,42,0.1),(10869,1,90,40,0),(10869,11,105,10,0),(10869,23,45,50,0),(10869,68,62.5,20,0),(10870,35,90,3,0),(10870,51,265,2,0),(10871,6,125,50,0.05),(10871,16,87.25,12,0.05),(10871,17,195,16,0.05),(10872,55,120,10,0.05),(10872,62,246.5,20,0.05),(10872,64,166.25,15,0.05),(10872,65,105.25,21,0.05),(10873,21,50,20,0),(10873,28,228,3,0),(10874,10,155,10,0),(10875,19,46,25,0),(10875,47,47.5,21,0.1),(10875,49,100,15,0),(10876,46,60,21,0),(10876,64,166.25,20,0),(10877,16,87.25,30,0.25),(10877,18,312.5,25,0),(10878,20,405,20,0.05),(10879,40,92,12,0),(10879,65,105.25,10,0),(10879,76,90,10,0),(10880,23,45,30,0.2),(10880,61,142.5,30,0.2),(10880,70,75,50,0.2),(10881,73,75,10,0),(10882,42,70,25,0),(10882,49,100,20,0.15),(10882,54,37.25,32,0.15),(10883,24,22.5,8,0),(10884,21,50,40,0.05),(10884,56,190,21,0.05),(10884,65,105.25,12,0.05),(10885,2,95,20,0),(10885,24,22.5,12,0),(10885,70,75,30,0),(10885,77,65,25,0),(10886,10,155,70,0),(10886,31,62.5,35,0),(10886,77,65,40,0),(10887,25,70,5,0),(10888,2,95,20,0),(10888,68,62.5,18,0),(10889,11,105,40,0),(10889,38,1317.5,40,0),(10890,17,195,15,0),(10890,34,70,10,0),(10890,41,48.25,14,0),(10891,30,129.45,15,0.05),(10892,59,275,40,0.05),(10893,8,200,30,0),(10893,24,22.5,10,0),(10893,29,618.95,24,0),(10893,30,129.45,35,0),(10893,36,95,20,0),(10894,13,30,28,0.05),(10894,69,180,50,0.05),(10894,75,38.75,120,0.05),(10895,24,22.5,110,0),(10895,39,90,45,0),(10895,40,92,91,0),(10895,60,170,100,0),(10896,45,47.5,15,0),(10896,56,190,16,0),(10897,29,618.95,80,0),(10897,30,129.45,36,0),(10898,13,30,5,0),(10899,39,90,8,0.15),(10900,70,75,3,0.25),(10901,41,48.25,30,0),(10901,71,107.5,30,0),(10902,55,120,30,0.15),(10902,62,246.5,6,0.15),(10903,13,30,40,0),(10903,65,105.25,21,0),(10903,68,62.5,20,0),(10904,58,66.25,15,0),(10904,62,246.5,35,0),(10905,1,90,20,0.05),(10906,61,142.5,15,0),(10907,75,38.75,14,0),(10908,7,150,20,0.05),(10908,52,35,14,0.05),(10909,7,150,12,0),(10909,16,87.25,15,0),(10909,41,48.25,5,0),(10910,19,46,12,0),(10910,49,100,10,0),(10910,61,142.5,5,0),(10911,1,90,10,0),(10911,17,195,12,0),(10911,67,70,15,0),(10912,11,105,40,0.25),(10912,29,618.95,60,0.25),(10913,4,110,30,0.25),(10913,33,12.5,40,0.25),(10913,58,66.25,15,0),(10914,71,107.5,25,0),(10915,17,195,10,0),(10915,33,12.5,30,0),(10915,54,37.25,10,0),(10916,16,87.25,6,0),(10916,32,160,6,0),(10916,57,97.5,20,0),(10917,30,129.45,1,0),(10917,60,170,10,0),(10918,1,90,60,0.25),(10918,60,170,25,0.25),(10919,16,87.25,24,0),(10919,25,70,24,0),(10919,40,92,20,0),(10920,50,81.25,24,0),(10921,35,90,10,0),(10921,63,219.5,40,0),(10922,17,195,15,0),(10922,24,22.5,35,0),(10923,42,70,10,0.2),(10923,43,230,10,0.2),(10923,67,70,24,0.2),(10924,10,155,20,0.1),(10924,28,228,30,0.1),(10924,75,38.75,6,0),(10925,36,95,25,0.15),(10925,52,35,12,0.15),(10926,11,105,2,0),(10926,13,30,10,0),(10926,19,46,7,0),(10926,72,174,10,0),(10927,20,405,5,0),(10927,52,35,5,0),(10927,76,90,20,0),(10928,47,47.5,5,0),(10928,76,90,5,0),(10929,21,50,60,0),(10929,75,38.75,49,0),(10929,77,65,15,0),(10930,21,50,36,0),(10930,27,219.5,25,0),(10930,55,120,25,0.2),(10930,58,66.25,30,0.2),(10931,13,30,42,0.15),(10931,57,97.5,30,0),(10932,16,87.25,30,0.1),(10932,62,246.5,14,0.1),(10932,72,174,16,0),(10932,75,38.75,20,0.1),(10933,53,164,2,0),(10933,61,142.5,30,0),(10934,6,125,20,0),(10935,1,90,21,0),(10935,18,312.5,4,0.25),(10935,23,45,8,0.25),(10936,36,95,30,0.2),(10937,28,228,8,0),(10937,34,70,20,0),(10938,13,30,20,0.25),(10938,43,230,24,0.25),(10938,60,170,49,0.25),(10938,71,107.5,35,0.25),(10939,2,95,10,0.15),(10939,67,70,40,0.15),(10940,7,150,8,0),(10940,13,30,20,0),(10941,31,62.5,44,0.25),(10941,62,246.5,30,0.25),(10941,68,62.5,80,0.25),(10941,72,174,50,0),(10942,49,100,28,0),(10943,13,30,15,0),(10943,22,105,21,0),(10943,46,60,15,0),(10944,11,105,5,0.25),(10944,44,97.25,18,0.25),(10944,56,190,18,0),(10945,13,30,20,0),(10945,31,62.5,10,0),(10946,10,155,25,0),(10946,24,22.5,25,0),(10946,77,65,40,0),(10947,59,275,4,0),(10948,50,81.25,9,0),(10948,51,265,40,0),(10948,55,120,4,0),(10949,6,125,12,0),(10949,10,155,30,0),(10949,17,195,6,0),(10949,62,246.5,60,0),(10950,4,110,5,0),(10951,33,12.5,15,0.05),(10951,41,48.25,6,0.05),(10951,75,38.75,50,0.05),(10952,6,125,16,0.05),(10952,28,228,2,0),(10953,20,405,50,0.05),(10953,31,62.5,50,0.05),(10954,16,87.25,28,0.15),(10954,31,62.5,25,0.15),(10954,45,47.5,30,0),(10954,60,170,24,0.15),(10955,75,38.75,12,0.2),(10956,21,50,12,0),(10956,47,47.5,14,0),(10956,51,265,8,0),(10957,30,129.45,30,0),(10957,35,90,40,0),(10957,64,166.25,8,0),(10958,5,106.75,20,0),(10958,7,150,6,0),(10958,72,174,5,0),(10959,75,38.75,20,0.15),(10960,24,22.5,10,0.25),(10960,41,48.25,24,0),(10961,52,35,6,0.05),(10961,76,90,60,0),(10962,7,150,45,0),(10962,13,30,77,0),(10962,53,164,20,0),(10962,69,180,9,0),(10962,76,90,44,0),(10963,60,170,2,0.15),(10964,18,312.5,6,0),(10964,38,1317.5,5,0),(10964,69,180,10,0),(10965,51,265,16,0),(10966,37,130,8,0),(10966,56,190,12,0.15),(10966,62,246.5,12,0.15),(10967,19,46,12,0),(10967,49,100,40,0),(10968,12,190,30,0),(10968,24,22.5,30,0),(10968,64,166.25,4,0),(10969,46,60,9,0),(10970,52,35,40,0.2),(10971,29,618.95,14,0),(10972,17,195,6,0),(10972,33,12.5,7,0),(10973,26,156.15,5,0),(10973,41,48.25,6,0),(10973,75,38.75,10,0),(10974,63,219.5,10,0),(10975,8,200,16,0),(10975,75,38.75,10,0),(10976,28,228,20,0),(10977,39,90,30,0),(10977,47,47.5,30,0),(10977,51,265,10,0),(10977,63,219.5,20,0),(10978,8,200,20,0.15),(10978,21,50,40,0.15),(10978,40,92,10,0),(10978,44,97.25,6,0.15),(10979,7,150,18,0),(10979,12,190,20,0),(10979,24,22.5,80,0),(10979,27,219.5,30,0),(10979,31,62.5,24,0),(10979,63,219.5,35,0),(10980,75,38.75,40,0.2),(10981,38,1317.5,60,0),(10982,7,150,20,0),(10982,43,230,9,0),(10983,13,30,84,0.15),(10983,57,97.5,15,0),(10984,16,87.25,55,0),(10984,24,22.5,20,0),(10984,36,95,40,0),(10985,16,87.25,36,0.1),(10985,18,312.5,8,0.1),(10985,32,160,35,0.1),(10986,11,105,30,0),(10986,20,405,15,0),(10986,76,90,10,0),(10986,77,65,15,0),(10987,7,150,60,0),(10987,43,230,6,0),(10987,72,174,20,0),(10988,7,150,60,0),(10988,62,246.5,40,0.1),(10989,6,125,40,0),(10989,11,105,15,0),(10989,41,48.25,4,0),(10990,21,50,65,0),(10990,34,70,60,0.15),(10990,55,120,65,0.15),(10990,61,142.5,66,0.15),(10991,2,95,50,0.2),(10991,70,75,20,0.2),(10991,76,90,90,0.2),(10992,72,174,2,0),(10993,29,618.95,50,0.25),(10993,41,48.25,35,0.25),(10994,59,275,18,0.05),(10995,51,265,20,0),(10995,60,170,4,0),(10996,42,70,40,0),(10997,32,160,50,0),(10997,46,60,20,0.25),(10997,52,35,20,0.25),(10998,24,22.5,12,0),(10998,61,142.5,7,0),(10998,74,50,20,0),(10998,75,38.75,30,0),(10999,41,48.25,20,0.05),(10999,51,265,15,0.05),(10999,77,65,21,0.05),(11000,4,110,25,0.25),(11000,24,22.5,30,0.25),(11000,77,65,30,0),(11001,7,150,60,0),(11001,22,105,25,0),(11001,46,60,25,0),(11001,55,120,6,0),(11002,13,30,56,0),(11002,35,90,15,0.15),(11002,42,70,24,0.15),(11002,55,120,40,0),(11003,1,90,4,0),(11003,40,92,10,0),(11003,52,35,10,0),(11004,26,156.15,6,0),(11004,76,90,6,0),(11005,1,90,2,0),(11005,59,275,10,0),(11006,1,90,8,0),(11006,29,618.95,2,0.25),(11007,8,200,30,0),(11007,29,618.95,10,0),(11007,42,70,14,0),(11008,28,228,70,0.05),(11008,34,70,90,0.05),(11008,71,107.5,21,0),(11009,24,22.5,12,0),(11009,36,95,18,0.25),(11009,60,170,9,0),(11010,7,150,20,0),(11010,24,22.5,10,0),(11011,58,66.25,40,0.05),(11011,71,107.5,20,0),(11012,19,46,50,0.05),(11012,60,170,36,0.05),(11012,71,107.5,60,0.05),(11013,23,45,10,0),(11013,42,70,4,0),(11013,45,47.5,20,0),(11013,68,62.5,2,0),(11014,41,48.25,28,0.1),(11015,30,129.45,15,0),(11015,77,65,18,0),(11016,31,62.5,15,0),(11016,36,95,16,0),(11017,3,50,25,0),(11017,59,275,110,0),(11017,70,75,30,0),(11018,12,190,20,0),(11018,18,312.5,10,0),(11018,56,190,5,0),(11019,46,60,3,0),(11019,49,100,2,0),(11020,10,155,24,0.15),(11021,2,95,11,0.25),(11021,20,405,15,0),(11021,26,156.15,63,0),(11021,51,265,44,0.25),(11021,72,174,35,0),(11022,19,46,35,0),(11022,69,180,30,0),(11023,7,150,4,0),(11023,43,230,30,0),(11024,26,156.15,12,0),(11024,33,12.5,30,0),(11024,65,105.25,21,0),(11024,71,107.5,50,0),(11025,1,90,10,0.1),(11025,13,30,20,0.1),(11026,18,312.5,8,0),(11026,51,265,10,0),(11027,24,22.5,30,0.25),(11027,62,246.5,21,0.25),(11028,55,120,35,0),(11028,59,275,24,0),(11029,56,190,20,0),(11029,63,219.5,12,0),(11030,2,95,100,0.25),(11030,5,106.75,70,0),(11030,29,618.95,60,0.25),(11030,59,275,100,0.25),(11031,1,90,45,0),(11031,13,30,80,0),(11031,24,22.5,21,0),(11031,64,166.25,20,0),(11031,71,107.5,16,0),(11032,36,95,35,0),(11032,38,1317.5,25,0),(11032,59,275,30,0),(11033,53,164,70,0.1),(11033,69,180,36,0.1),(11034,21,50,15,0.1),(11034,44,97.25,12,0),(11034,61,142.5,6,0),(11035,1,90,10,0),(11035,35,90,60,0),(11035,42,70,30,0),(11035,54,37.25,10,0),(11036,13,30,7,0),(11036,59,275,30,0),(11037,70,75,4,0),(11038,40,92,5,0.2),(11038,52,35,2,0),(11038,71,107.5,30,0),(11039,28,228,20,0),(11039,35,90,24,0),(11039,49,100,60,0),(11039,57,97.5,28,0),(11040,21,50,20,0),(11041,2,95,30,0.2),(11041,63,219.5,30,0),(11042,44,97.25,15,0),(11042,61,142.5,4,0),(11043,11,105,10,0),(11044,62,246.5,12,0),(11045,33,12.5,15,0),(11045,51,265,24,0),(11046,12,190,20,0.05),(11046,32,160,15,0.05),(11046,35,90,18,0.05),(11047,1,90,25,0.25),(11047,5,106.75,30,0.25),(11048,68,62.5,42,0),(11049,2,95,10,0.2),(11049,12,190,4,0.2),(11050,76,90,50,0.1),(11051,24,22.5,10,0.2),(11052,43,230,30,0.2),(11052,61,142.5,10,0.2),(11053,18,312.5,35,0.2),(11053,32,160,20,0),(11053,64,166.25,25,0.2),(11054,33,12.5,10,0),(11054,67,70,20,0),(11055,24,22.5,15,0),(11055,25,70,15,0),(11055,51,265,20,0),(11055,57,97.5,20,0),(11056,7,150,40,0),(11056,55,120,35,0),(11056,60,170,50,0),(11057,70,75,3,0),(11058,21,50,3,0),(11058,60,170,21,0),(11058,61,142.5,4,0),(11059,13,30,30,0),(11059,17,195,12,0),(11059,60,170,35,0),(11060,60,170,4,0),(11060,77,65,10,0),(11061,60,170,15,0),(11062,53,164,10,0.2),(11062,70,75,12,0.2),(11063,34,70,30,0),(11063,40,92,40,0.1),(11063,41,48.25,30,0.1),(11064,17,195,77,0.1),(11064,41,48.25,12,0),(11064,53,164,25,0.1),(11064,55,120,4,0.1),(11064,68,62.5,55,0),(11065,30,129.45,4,0.25),(11065,54,37.25,20,0.25),(11066,16,87.25,3,0),(11066,19,46,42,0),(11066,34,70,35,0),(11067,41,48.25,9,0),(11068,28,228,8,0.15),(11068,43,230,36,0.15),(11068,77,65,28,0.15),(11069,39,90,20,0),(11070,1,90,40,0.15),(11070,2,95,20,0.15),(11070,16,87.25,30,0.15),(11070,31,62.5,20,0),(11071,7,150,15,0.05),(11071,13,30,10,0.05),(11072,2,95,8,0),(11072,41,48.25,40,0),(11072,50,81.25,22,0),(11072,64,166.25,130,0),(11073,11,105,10,0),(11073,24,22.5,20,0),(11074,16,87.25,14,0.05),(11075,2,95,10,0.15),(11075,46,60,30,0.15),(11075,76,90,2,0.15),(11076,6,125,20,0.25),(11076,14,116.25,20,0.25),(11076,19,46,10,0.25),(11077,2,95,24,0.2),(11077,3,50,4,0),(11077,4,110,1,0),(11077,6,125,1,0.02),(11077,7,150,1,0.05),(11077,8,200,2,0.1),(11077,10,155,1,0),(11077,12,190,2,0.05),(11077,13,30,4,0),(11077,14,116.25,1,0.03),(11077,16,87.25,2,0.03),(11077,20,405,1,0.04),(11077,23,45,2,0),(11077,32,160,1,0),(11077,39,90,2,0.05),(11077,41,48.25,3,0),(11077,46,60,3,0.02),(11077,52,35,2,0),(11077,55,120,2,0),(11077,60,170,2,0.06),(11077,64,166.25,2,0.03),(11077,66,85,1,0),(11077,73,75,2,0.01),(11077,75,38.75,4,0),(11077,77,65,2,0);
UNLOCK TABLES;
/*!40000 ALTER TABLE exp_details_commandes ENABLE KEYS */;

--
-- Dumping data for table `exp_employes`
--


/*!40000 ALTER TABLE exp_employes DISABLE KEYS */;
LOCK TABLES exp_employes WRITE;
INSERT INTO exp_employes (num_employe, nom, prenom, fonction, civilite, date_naissance, date_embauche, adresse, ville, region, code_postal, pays, tel_domicile, extension, photo, notes, rend_compte_a) VALUES (1,'Davolio','Nancy','Représentant(e)','Mlle','1968-12-08 00:00:00','1992-05-01 00:00:00','507 - 20th Ave. E.\r\nApt. 2A','Seattle','WA','98122','Etats-Unis','(206) 555-9857','5467','EmpID1.bmp','Diplôme universitaire en Psychologie (BA) (Colorado State University). Auteur du best-seller \"The Art of the Cold Call\". Membre de l\'American Marketing Organization.',2),(2,'Fuller','Andrew','Vice-Président','Dr.','1952-02-19 00:00:00','1992-08-14 00:00:00','908 W. Capital Way','Tacoma','WA','98401','Etats-Unis','(206) 555-9482','3457','EmpID2.bmp','Diplôme universitaire de Commerce (BTS) et Ph.D. de Marketing International de l\'université de Dallas. Rejoint la société comme représentant, promu Chef des ventes puis Vice-président des ventes. Membre de la Chambre de Commerce de Seattle. Langues: parle couramment le français et l\'italien, lit l\'allemand.',NULL),(3,'Leverling','Janet','Représentant(e)','Mlle','1963-08-30 00:00:00','1992-04-01 00:00:00','722 Moss Bay Blvd.','Kirkland','WA','98033','Etats-Unis','(206) 555-3412','3355','EmpID3.bmp','Diplôme d\'ingénieur en chimie (BS) de Boston College. A suivi un stage sur la vente de nourriture au détail. Engagée comme Assistante des ventes et promue ensiute Représentante de commerce.',2),(4,'Peacock','Margaret','Représentant(e)','Mme','1958-09-19 00:00:00','1993-05-03 00:00:00','4110 Old Redmond Rd.','Redmond','WA','98052','Etats-Unis','(206) 555-8122','5176','EmpID4.bmp','Diplôme universitaire d\'Anglais (BA) de Concordia College et maîtrise de l\'American Institute of Culinary Arts. Affectée temporairement à la branche de Londres avant de retrouver son poste permanent à Seattle.',2),(5,'Buchanan','Steven','Chef des ventes','M.','1955-03-04 00:00:00','1993-10-17 00:00:00','14 Garrett Hill','London',NULL,'SW1 8JR','Royaume-Uni','(71) 555-4848','3453','EmpID5.bmp','Diplôme de l\'Université St. Andrews (BSG), Ecosse. Avant de joindre la firme comme Représentant de commerce, passe 6 mois d\'orientation à Seattle et retourne à Londres où il est promu Chef des ventes. A suivi un stage de Commerce International et parle couramment le français.',2),(6,'Suyama','Michael','Représentant(e)','M.','1963-07-02 00:00:00','1993-10-17 00:00:00','Coventry House\r\nMiner Rd.','London',NULL,'EC2 7JR','Royaume-Uni','(71) 555-7773','428','EmpID6.bmp','Diplômé de l\'Université du Sussex en (MA economics) et de l\'Université de Californie de Los Angeles (MBA marketing). A également suivi des stages de Gestion d\'entreprise, Gestion Sociale et de Promotion des Ventes Internationales. Parle, écrit et lit couramment le japonais et a une bonne connaissance du français, du portugais et de l\'espagnol.',5),(7,'King','Robert','Représentant(e)','M.','1960-05-29 00:00:00','1994-01-02 00:00:00','Edgeham Hollow\r\nWinchester Way','London',NULL,'RG1 9SP','Royaume-Uni','(71) 555-5598','465','EmpID7.bmp','A beaucoup voyagé au sein de l\'organisation d\'aide humanitaire \"Peace Corps\" avant d\'être diplômé en Anglais à l\'Université du Michigan et de rejoindre la société. A été transféré à Londres après avoir suivi un stage intitulé \"Selling in Europe\".',5),(8,'Callahan','Laura','Assistante commerciale','Mlle','1958-01-09 00:00:00','1994-03-05 00:00:00','4726 - 11th Ave. N.E.','Seattle','WA','98105','Etats-Unis','(206) 555-1189','2344','EmpID8.bmp','Diplôme universitaire en Psychologie (BA) de l\'Université de Washington. A également suivi un stage sur le commerce français. Lit et écrit le français.',2),(9,'Dodsworth','Anne','Représentant(e)','Mlle','1969-07-02 00:00:00','1994-11-15 00:00:00','7 Houndstooth Rd.','London',NULL,'WG2 7LT','Royaume-Uni','(71) 555-4444','452','EmpID9.bmp','Diplôme universitaire d\'Anglais (BA) de St. Lawrence College. Parle, lit et écrit couramment le français et l\'allemand.',5);
UNLOCK TABLES;
/*!40000 ALTER TABLE exp_employes ENABLE KEYS */;

--
-- Dumping data for table `exp_fournisseurs`
--


/*!40000 ALTER TABLE exp_fournisseurs DISABLE KEYS */;
LOCK TABLES exp_fournisseurs WRITE;
INSERT INTO exp_fournisseurs (num_fournisseur, societe, contact, fonction, adresse, ville, region, code_postal, pays, telephone, fax, page_accueil) VALUES (1,'Exotic Liquids','Charlotte Cooper','Assistant export','49 Gilbert St.','London',NULL,'EC1 4SD','Royaume-Uni','(171) 555-2222',NULL,NULL),(2,'Nouvelle-Orléans Cajun Delights','Shelley Burke','Acheteur','P.O. Box 78934','Nouvelle-Orléans','LA','70117','Etats-Unis','(100) 555-4822',NULL,NULL),(3,'Grandma Kelly\'s Homestead','Regina Murphy','Représentant(e)','707 Oxford Rd.','Ann Arbor','MI','48104','Etats-Unis','(313) 555-5735','(313) 555-3349',NULL),(4,'Tokyo Traders','Yoshi Nagase','Directeur du marketing','9-8 Sekimai\r\nMusashino-shi','Tokyo',NULL,'100','Japon','(03) 3555-5011',NULL,NULL),(5,'Cooperativa de Quesos \'Las Cabras\'','Antonio del Valle Saavedra','Responsable export','Calle del Rosal 4','Oviedo','Asturias','33007','Espagne','(98) 598 76 54',NULL,NULL),(6,'Mayumi\'s','Mayumi Ohno','Chef de produit','92 Setsuko\r\nChuo-ku','Osaka',NULL,'545','Japon','(06) 431-7877',NULL,NULL),(7,'Pavlova, Ltd.','Ian Devling','Directeur du marketing','74 Rose St.\r\nMoonie Ponds','Melbourne','Victoria','3058','Australie','(059) 55-5450','(03) 444-6588',NULL),(8,'Specialty Biscuits, Ltd.','Peter Wilson','Représentant(e)','29 King\'s Way','Manchester',NULL,'M14 GSD','Royaume-Uni','(161) 555-4448',NULL,NULL),(9,'PB Knäckebröd AB','Lars Peterson','Assistant(e) des ventes','Kaloadagatan 13','Göteborg',NULL,'S-345 67','Suède','031-987 65 43','031-987 65 91',NULL),(10,'Refrescos Americanas LTDA','Carlos Diaz','Directeur du marketing','Av. das Americanas 12.890','São Paulo',NULL,'5442','Brésil','(11) 555 4640',NULL,NULL),(11,'Heli Süßwaren GmbH & Co. KG','Petra Winkler','Chef des ventes','Tiergartenstraße 5','Berlin',NULL,'10785','Allemagne','(010) 9984510',NULL,NULL),(12,'Plutzer Lebensmittelgroßmärkte AG','Martin Bein','Directeur du marketing international','Bogenallee 51','Frankfurt',NULL,'60439','Allemagne','(069) 992755',NULL,NULL),(13,'Nord-Ost-Fisch Handelsgesellschaft mbH','Sven Petersen','Responsable export','Frahmredder 112a','Cuxhaven',NULL,'27478','Allemagne','(04721) 8713','(04721) 8714',NULL),(14,'Formaggi Fortini s.r.l.','Elio Rossi','Représentant(e)','Viale Dante, 75','Ravenna',NULL,'48100','Italie','(0544) 60323','(0544) 60603',NULL),(15,'Norske Meierier','Beate Vileid','Directeur du marketing','Hatlevegen 5','Sandvika',NULL,'1320','Norvège','(0)2-953010',NULL,NULL),(16,'Bigfoot Breweries','Cheryl Saylor','Responsable de zone','3400 - 8th Avenue\r\nSuite 210','Bend','OR','97101','Etats-Unis','(503) 555-9931',NULL,NULL),(17,'Svensk Sjöföda AB','Michael Björn','Représentant(e)','Brovallavägen 231','Stockholm',NULL,'S-123 45','Suède','08-123 45 67',NULL,NULL),(18,'Aux joyeux ecclésiastiques','Guylène Nodier','Chef des ventes','203, Rue des Francs-Bourgeois','Paris',NULL,'75004','France','01.03.83.00.68','01.03.83.00.62',NULL),(19,'New England Seafood Cannery','Robb Merchant','Responsable de zone','Order Processing Dept.\r\n2100 Paul Revere Blvd.','Boston','MA','02134','Etats-Unis','(617) 555-3267','(617) 555-3389',NULL),(20,'Leka Trading','Chandra Leka','Propriétaire','471 Serangoon Loop, Suite #402','Singapore',NULL,'0512','Singapour','555-8787',NULL,NULL),(21,'Lyngbysild','Niels Petersen','Chef des ventes','Lyngbysild\r\nFiskebakken 10','Lyngby',NULL,'2800','Danemark','43844108','43844115',NULL),(22,'Zaanse Snoepfabriek','Dirk Luchte','Chef comptable','Verkoop\r\nRijnweg 22','Zaandam',NULL,'9999 ZZ','Pays-Bas','(12345)1212','(12345) 1210',NULL),(23,'Karkki Oy','Anne Heikkonen','Chef de produit','Valtakatu 12','Lappeenranta',NULL,'53120','Finlande','(953) 10956',NULL,NULL),(24,'G\'day, Mate','Wendy Mackenzie','Représentant(e)','170 Prince Edward Parade\r\nHunter\'s Hill','Sydney','NSW','2042','Australie',NULL,'(02) 555-4873',NULL),(25,'Ma Maison','Jean-Guy Lauzon','Directeur du marketing','2960 Rue St. Laurent','Montréal','Québec','H1J 1C3','Canada','(514) 555-9022',NULL,NULL),(26,'Pasta Buttini s.r.l.','Giovanni Giudici','Acheteur','Via dei Gelsomini, 153','Salerno',NULL,'84100','Italie','(089) 6547665','(089) 6547667',NULL),(27,'Escargots Nouveaux','Marie Delamare','Chef des ventes','22, rue H. Voiron','Montceau',NULL,'71300','France','04.85.57.00.07',NULL,NULL),(28,'Gai pâturage','Eliane Noz','Représentant(e)','Bat. B\r\n3, rue des Alpes','Annecy',NULL,'74000','France','04.38.76.98.06','04.38.76.98.58',NULL),(29,'Forêts d\'érables','Chantal Goulet','Chef comptable','148 rue Chasseur','Ste-Hyacinthe','Québec','J2S 7S8','Canada','(514) 555-2955','(514) 555-2921',NULL);
UNLOCK TABLES;
/*!40000 ALTER TABLE exp_fournisseurs ENABLE KEYS */;

--
-- Dumping data for table `exp_messagers`
--


/*!40000 ALTER TABLE exp_messagers DISABLE KEYS */;
LOCK TABLES exp_messagers WRITE;
INSERT INTO exp_messagers (num_messager, nom_messager, telephone) VALUES (1,'Speedy Express','(503) 555-9831'),(2,'United Package','(503) 555-3199'),(3,'Federal Shipping','(503) 555-9931');
UNLOCK TABLES;
/*!40000 ALTER TABLE exp_messagers ENABLE KEYS */;

--
-- Dumping data for table `exp_produits`
--


/*!40000 ALTER TABLE exp_produits DISABLE KEYS */;
LOCK TABLES exp_produits WRITE;
INSERT INTO exp_produits (ref_produit, nom_produit, num_fournisseur, code_categorie, quantite_par_unite, prix_unitaire, unites_en_stock, unites_commandees, niveau_reapprovisionnement, indisponible) VALUES (1,'Chai',1,1,'10 boîtes x 20 sacs',90,39,0,10,0),(2,'Chang',1,1,'24 bouteilles (1 litre)',95,17,40,25,0),(3,'Aniseed Syrup',1,2,'12 bouteilles (550 ml)',50,13,70,25,0),(4,'Chef Anton\'s Cajun Seasoning',2,2,'48 pots (6 onces)',110,53,0,0,0),(5,'Chef Anton\'s Gumbo Mix',2,2,'36 boîtes',106.75,0,0,0,1),(6,'Grandma\'s Boysenberry Spread',3,2,'12 pots (8 onces)',125,120,0,25,0),(7,'Uncle Bob\'s Organic Dried Pears',3,7,'12 cartons (1 kg)',150,15,0,10,0),(8,'Northwoods Cranberry Sauce',3,2,'12 pots (12 onces)',200,6,0,0,0),(9,'Mishi Kobe Niku',4,6,'18 cartons (500 g)',485,29,0,0,1),(10,'Ikura',4,8,'12 pots (200 g)',155,31,0,0,0),(11,'Queso Cabrales',5,4,'1 carton (1 kg)',105,22,30,30,0),(12,'Queso Manchego La Pastora',5,4,'10 cartons (500 g)',190,86,0,0,0),(13,'Konbu',6,8,'1 boîtes (2 kg)',30,24,0,5,0),(14,'Tofu',6,7,'40 cartons (100 g)',116.25,35,0,0,0),(15,'Genen Shouyu',6,2,'24 bouteilles (250 ml)',77.5,39,0,5,0),(16,'Pavlova',7,3,'32 boîtes (500 g)',87.25,29,0,10,0),(17,'Alice Mutton',7,6,'20 boîtes (1 kg)',195,0,0,0,1),(18,'Carnarvon Tigers',7,8,'1 carton (16 kg)',312.5,42,0,0,0),(19,'Teatime Chocolate Biscuits',8,3,'10 boîtes x 12 pièces',46,25,0,5,0),(20,'Sir Rodney\'s Marmalade',8,3,'30 boîtes',405,40,0,0,0),(21,'Sir Rodney\'s Scones',8,3,'24 cartons x 4 pièces',50,3,40,5,0),(22,'Gustaf\'s Knäckebröd',9,5,'24 cartons (500 g)',105,104,0,25,0),(23,'Tunnbröd',9,5,'12 cartons (250 g)',45,61,0,25,0),(24,'Guaraná Fantástica',10,1,'12 canettes (355 ml)',22.5,20,0,0,1),(25,'NuNuCa Nuß-Nougat-Creme',11,3,'20 verres (450 g)',70,76,0,30,0),(26,'Gumbär Gummibärchen',11,3,'100 sacs (250 g)',156.15,15,0,0,0),(27,'Schoggi Schokolade',11,3,'100 pièces (100 g)',219.5,49,0,30,0),(28,'Rössle Sauerkraut',12,7,'25 canettes (825 g)',228,26,0,0,1),(29,'Thüringer Rostbratwurst',12,6,'50 sacs x 30 saucisses',618.95,0,0,0,1),(30,'Nord-Ost Matjeshering',13,8,'10 verres (200 g)',129.45,10,0,15,0),(31,'Gorgonzola Telino',14,4,'12 cartons (100 g)',62.5,0,70,20,0),(32,'Mascarpone Fabioli',14,4,'24 cartons (200 g)',160,9,40,25,0),(33,'Geitost',15,4,'1 carton (500 g)',12.5,112,0,20,0),(34,'Sasquatch Ale',16,1,'24 bouteilles (70 cl)',70,111,0,15,0),(35,'Steeleye Stout',16,1,'24 bouteilles (1 litre)',90,20,0,15,0),(36,'Inlagd Sill',17,8,'24 pots (250 g)',95,112,0,20,0),(37,'Gravad lax',17,8,'12 cartons (500 g)',130,11,50,25,0),(38,'Côte de Blaye',18,1,'12 bouteilles (75 cl)',1317.5,17,0,15,0),(39,'Chartreuse verte',18,1,'1 bouteille (750 cc)',90,69,0,5,0),(40,'Boston Crab Meat',19,8,'24 boîtes (4 onces)',92,123,0,30,0),(41,'Jack\'s New England Clam Chowder',19,8,'12 canettes (330 ml)',48.25,85,0,10,0),(42,'Singaporean Hokkien Fried Mee',20,5,'32 cartons (1 kg)',70,26,0,0,1),(43,'Ipoh Coffee',20,1,'16 boîtes (500 g)',230,17,10,25,0),(44,'Gula Malacca',20,2,'20 cartons (2 kg)',97.25,27,0,15,0),(45,'Røgede sild',21,8,'1 carton (1kg)',47.5,5,70,15,0),(46,'Spegesild',21,8,'4 boîtes (250 g)',60,95,0,0,0),(47,'Zaanse koeken',22,3,'10 boîtes (4 onces)',47.5,36,0,0,0),(48,'Chocolade',22,3,'10 cartons',63.75,15,70,25,0),(49,'Maxilaku',23,3,'24 cartons (50 g)',100,10,60,15,0),(50,'Valkoinen suklaa',23,3,'12 plaquettes (100 g)',81.25,65,0,30,0),(51,'Manjimup Dried Apples',24,7,'50 cartons (300 g)',265,20,0,10,0),(52,'Filo Mix',24,5,'16 boîtes (2 kg)',35,38,0,25,0),(53,'Perth Pasties',24,6,'48 pièces',164,0,0,0,1),(54,'Tourtière',25,6,'16 tartes',37.25,21,0,10,0),(55,'Pâté chinois',25,6,'24 boîtes x 2 tartes',120,115,0,20,0),(56,'Gnocchi di nonna Alice',26,5,'24 cartons (250 g)',190,21,10,30,0),(57,'Ravioli Angelo',26,5,'24 cartons (250 g)',97.5,36,0,20,0),(58,'Escargots de Bourgogne',27,8,'24 pièces',66.25,62,0,20,0),(59,'Raclette Courdavault',28,4,'1 carton (5 kg)',275,79,0,0,0),(60,'Camembert Pierrot',28,4,'15 unités (300 g)',170,19,0,0,0),(61,'Sirop d\'érable',29,2,'24 bouteilles (500 ml)',142.5,113,0,25,0),(62,'Tarte au sucre',29,3,'48 tartes',246.5,17,0,0,0),(63,'Vegie-spread',7,2,'15 pots (625 g)',219.5,24,0,5,0),(64,'Wimmers gute Semmelknödel',12,5,'20 sacs x 4 pièces',166.25,22,80,30,0),(65,'Louisiana Fiery Hot Pepper Sauce',2,2,'32 bouteilles (8 onces)',105.25,76,0,0,0),(66,'Louisiana Hot Spiced Okra',2,2,'24 pots (8 onces)',85,4,100,20,0),(67,'Laughing Lumberjack Lager',16,1,'24 bouteilles (12 onces)',70,52,0,10,0),(68,'Scottish Longbreads',8,3,'10 sacs x 8 pièces',62.5,6,10,15,0),(69,'Gudbrandsdalsost',15,4,'1 carton (10 kg)',180,26,0,15,0),(70,'Outback Lager',7,1,'24 bouteilles (355 ml)',75,15,10,30,0),(71,'Fløtemysost',15,4,'10 cartons (500 g)',107.5,26,0,0,0),(72,'Mozzarella di Giovanni',14,4,'24 cartons (200 g)',174,14,0,0,0),(73,'Röd Kaviar',17,8,'24 pots (150 g)',75,101,0,5,0),(74,'Longlife Tofu',4,7,'1 carton (5 kg)',50,4,20,5,0),(75,'Rhönbräu Klosterbier',12,1,'24 bouteilles (0,5 litre)',38.75,125,0,25,0),(76,'Lakkalikööri',23,1,'1 bouteille (500 ml)',90,57,0,20,0),(77,'Original Frankfurter grüne Soße',12,2,'12 boîtes',65,32,0,15,0);
UNLOCK TABLES;
/*!40000 ALTER TABLE exp_produits ENABLE KEYS */;

--
-- Dumping data for table `menus`
--


/*!40000 ALTER TABLE menus DISABLE KEYS */;
LOCK TABLES menus WRITE;
INSERT INTO menus (me_index, me_level, me_target, pa_index, bl_index, di_index, grp_group) VALUES (1,'1','page',1,1,'exp_clie','user');
UNLOCK TABLES;
/*!40000 ALTER TABLE menus ENABLE KEYS */;

--
-- Dumping data for table `pages`
--


/*!40000 ALTER TABLE pages DISABLE KEYS */;
LOCK TABLES pages WRITE;
INSERT INTO pages (pa_index, di_index, pa_filename) VALUES (1,'exp_clie','exp_clients.php');
UNLOCK TABLES;
/*!40000 ALTER TABLE pages ENABLE KEYS */;

--
-- Dumping data for table `v_menus`
--


/*!40000 ALTER TABLE v_menus DISABLE KEYS */;
LOCK TABLES v_menus WRITE;
INSERT INTO v_menus (me_index, pa_index, me_target, me_level, di_index, pa_filename, di_fr_short, di_fr_long, di_en_short, di_en_long) VALUES (1,1,'page','1','exp_clie','exp_clients.php','Exp_clients','Liste des exp_clients','','');
UNLOCK TABLES;
/*!40000 ALTER TABLE v_menus ENABLE KEYS */;

/*!40101 SET SQL_MODE=@OLD_SQL_MODE */;
/*!40014 SET FOREIGN_KEY_CHECKS=@OLD_FOREIGN_KEY_CHECKS */;
/*!40014 SET UNIQUE_CHECKS=@OLD_UNIQUE_CHECKS */;

