-- MySQL dump 10.2
--
-- Host: localhost    Database: dcf
-- ------------------------------------------------------
-- Server version	4.1.0-alpha-Max

/*!40101 SET NAMES latin1*/;
/*!40014 SET @OLD_UNIQUE_CHECKS=@@UNIQUE_CHECKS, UNIQUE_CHECKS=0 */;
/*!40014 SET @OLD_FOREIGN_KEY_CHECKS=@@FOREIGN_KEY_CHECKS, FOREIGN_KEY_CHECKS=0 */;
/*!40101 SET @OLD_SQL_MODE=@@SQL_MODE, SQL_MODE=NO_AUTO_VALUE_ON_ZERO */;

--
-- Dumping data for table `applications`
--


/*!40000 ALTER TABLE applications DISABLE KEYS */;
LOCK TABLES applications WRITE;
INSERT INTO applications (app_index, app_link, di_index) VALUES (10,'www.anao.fr/dcf/admin/login.php?lg=fr','modadmin'),(20,'www.anao.fr/nuance','nuance'),(30,'www.anao.fr/toshiba','prisme');
UNLOCK TABLES;
/*!40000 ALTER TABLE applications ENABLE KEYS */;

--
-- Dumping data for table `archives`
--


/*!40000 ALTER TABLE archives DISABLE KEYS */;
LOCK TABLES archives WRITE;
INSERT INTO archives (id, Messages, Date, Envois, Format, Sujet) VALUES (1,'<body background=exemple : http://www.anao.fr/images/banniereabcpyro.gif> <b>Bonjour chers membres</b>','0000-00-00',2,'HTML','tests'),(2,'<body bgcolor=> <!DOCTYPE HTML PUBLIC \"-//W3C//DTD HTML 4.0 Transitional//EN\">\r\n<HTML><HEAD><TITLE>Le Père Noël passera la semaine prochaîne</TITLE><!DOCTYPE HTML PUBLIC \"-//W3C//DTD HTML 4.0 Transitional//EN\">\r\n\r\n<STYLE type=text/css>.stitlenews {COLOR: #ff3333; FONT-FAMILY: Arial, Helvetica, sans-serif; FONT-SIZE: 18px; FONT-WEIGHT: bold}\r\n.redtitle {COLOR: #ff3333; FONT-FAMILY: Arial, Helvetica, sans-serif; FONT-SIZE: 14px; FONT-WEIGHT: bold}\r\n.txt11 {COLOR: #333333; FONT-FAMILY: Arial, Helvetica, sans-serif; FONT-SIZE: 11px; FONT-WEIGHT: normal; line-height: 12px}\r\n.redtitle12 {COLOR: #E70018; FONT-FAMILY: Arial, Helvetica, sans-serif; FONT-SIZE: 12px; FONT-WEIGHT: bold}\r\n.txt12 {COLOR: #333333; FONT-FAMILY: Arial, Helvetica, sans-serif; FONT-SIZE: 12px; FONT-WEIGHT: normal}\r\n.txt13 {COLOR: #333333; FONT-FAMILY: Arial, Helvetica, sans-serif; FONT-SIZE: 13px; FONT-WEIGHT: normal}\r\n.txt10 {COLOR: #333333; FONT-FAMILY: Verdana, Arial, Helvetica, sans-serif; FONT-SIZE: 10px; FONT-WEIGHT: normal; line-height: 10px}\r\n</STYLE>\r\n\r\n<META content=\"MSHTML 5.00.3314.2100\" name=GENERATOR></HEAD>\r\n<BODY bgColor=#ffffff leftMargin=0 topMargin=0 marginheight=\"0\" marginwidth=\"0\">\r\n<DIV align=center>\r\n<TABLE border=0 cellPadding=0 cellSpacing=0 width=580>\r\n  <TBODY>\r\n  <TR>\r\n    <TD vAlign=top>\r\n      <P><A \r\n      href=\"http://tools.filfog.nouvelles-frontieres.fr/tracking/jump.php?ref=nfn50acc\" \r\n      target=_blank><IMG align=bottom alt=\"Accueil Nouvelles Frontières\" \r\n      border=0 height=66 \r\n      src=\"http://www.nouvelles-frontieres.fr/images/interface/logoNF.gif\" \r\n      width=206></A></P></TD>\r\n    <TD vAlign=top>\r\n      <P>&nbsp;</P></TD>\r\n    <TD align=right vAlign=top><FONT class=stitlenews>Nouvelles \r\n      Frontières</FONT> <FONT class=redtitle><BR><BR>Newsletter spéciale</FONT> \r\n    </TD></TR></TBODY></TABLE><!-- Fin intro --><BR><!-- Debut coup de coeur -->\r\n<TABLE border=0 cellPadding=8 cellSpacing=0 width=580>\r\n  <TBODY>\r\n  <TR>\r\n    <TD class=txt12>\r\n      <P align=left><A href=\"http://www.nouvelles-frontieres.fr/nf\" \r\n      target=_blank><IMG border=0 height=250 \r\n      src=\"http://tools.filfog.nouvelles-frontieres.fr/nfo/nfn/n50b/pere250.gif\" \r\n      width=250></A></P></TD>\r\n    <TD class=txt13><B><FONT color=#900000>Les fêtes approchent à grands pas, \r\n      c\'est le temps des cadeaux. </FONT></B><BR><BR>Pour vous remercier de \r\n      votre fidélité, nous avons décidé de vous offrir <B><FONT color=#900000>un \r\n      magnifique présent</FONT></B>...<BR>Pour le gagner, rien de plus simple : \r\n      il suffit de cliquer, dès la semaine prochaîne, sur la tête de notre Père \r\n      Noël préféré qui se trouvera sur la page d\'accueil de notre site&#8230; \r\n      <P>A très bientôt ! ! !<BR></P></TD></TR></TBODY></TABLE><!-- Fin coup de coeur --><!-- Debut pied de page --><BR>\r\n<TABLE border=0 cellPadding=6 cellSpacing=0 width=580>\r\n  <TBODY>\r\n  <TR>\r\n    <TD align=middle class=txt11>\r\n      <P>Pour vous désabonner de la newsletter cliquez <A \r\n      href=\"mailto<img src=http://membres.lycos.fr/florentmata/forum/images/smiles/smiley14ani.gif>ympa@mailing.nouvelles-frontieres.fr?subject=UNSUBSCRIBE%20nfnewsletter\">ici</A>. \r\n      </P>\r\n      <CENTER class=txt11><SPAN class=txt11>Tout droits réservés - Nouvelles \r\n      Frontières 2003</SPAN> </CENTER></TD></TR></TBODY></TABLE><!-- Fin pied de page --></DIV></BODY></HTML>\r\n','0000-00-00',2,'HTML','tests apres coup de fil Carol'),(3,'<body bgcolor=> <!DOCTYPE HTML PUBLIC \"-//W3C//DTD HTML 4.0 Transitional//EN\">\r\n<HTML><HEAD><TITLE>Le Père Noël passera la semaine prochaîne</TITLE><!DOCTYPE HTML PUBLIC \"-//W3C//DTD HTML 4.0 Transitional//EN\">\r\n\r\n<STYLE type=text/css>.stitlenews {COLOR: #ff3333; FONT-FAMILY: Arial, Helvetica, sans-serif; FONT-SIZE: 18px; FONT-WEIGHT: bold}\r\n.redtitle {COLOR: #ff3333; FONT-FAMILY: Arial, Helvetica, sans-serif; FONT-SIZE: 14px; FONT-WEIGHT: bold}\r\n.txt11 {COLOR: #333333; FONT-FAMILY: Arial, Helvetica, sans-serif; FONT-SIZE: 11px; FONT-WEIGHT: normal; line-height: 12px}\r\n.redtitle12 {COLOR: #E70018; FONT-FAMILY: Arial, Helvetica, sans-serif; FONT-SIZE: 12px; FONT-WEIGHT: bold}\r\n.txt12 {COLOR: #333333; FONT-FAMILY: Arial, Helvetica, sans-serif; FONT-SIZE: 12px; FONT-WEIGHT: normal}\r\n.txt13 {COLOR: #333333; FONT-FAMILY: Arial, Helvetica, sans-serif; FONT-SIZE: 13px; FONT-WEIGHT: normal}\r\n.txt10 {COLOR: #333333; FONT-FAMILY: Verdana, Arial, Helvetica, sans-serif; FONT-SIZE: 10px; FONT-WEIGHT: normal; line-height: 10px}\r\n</STYLE>\r\n\r\n<META content=\"MSHTML 5.00.3314.2100\" name=GENERATOR></HEAD>\r\n<BODY bgColor=#ffffff leftMargin=0 topMargin=0 marginheight=\"0\" marginwidth=\"0\">\r\n<DIV align=center>\r\n<TABLE border=0 cellPadding=0 cellSpacing=0 width=580>\r\n  <TBODY>\r\n  <TR>\r\n    <TD vAlign=top>\r\n      <P><A \r\n      href=\"http://tools.filfog.nouvelles-frontieres.fr/tracking/jump.php?ref=nfn50acc\" \r\n      target=_blank><IMG align=bottom alt=\"Accueil Nouvelles Frontières\" \r\n      border=0 height=66 \r\n      src=\"http://www.nouvelles-frontieres.fr/images/interface/logoNF.gif\" \r\n      width=206></A></P></TD>\r\n    <TD vAlign=top>\r\n      <P>&nbsp;</P></TD>\r\n    <TD align=right vAlign=top><FONT class=stitlenews>Nouvelles \r\n      Frontières</FONT> <FONT class=redtitle><BR><BR>Newsletter spéciale</FONT> \r\n    </TD></TR></TBODY></TABLE><!-- Fin intro --><BR><!-- Debut coup de coeur -->\r\n<TABLE border=0 cellPadding=8 cellSpacing=0 width=580>\r\n  <TBODY>\r\n  <TR>\r\n    <TD class=txt12>\r\n      <P align=left><A href=\"http://www.nouvelles-frontieres.fr/nf\" \r\n      target=_blank><IMG border=0 height=250 \r\n      src=\"http://tools.filfog.nouvelles-frontieres.fr/nfo/nfn/n50b/pere250.gif\" \r\n      width=250></A></P></TD>\r\n    <TD class=txt13><B><FONT color=#900000>Les fêtes approchent à grands pas, \r\n      c\'est le temps des cadeaux. </FONT></B><BR><BR>Pour vous remercier de \r\n      votre fidélité, nous avons décidé de vous offrir <B><FONT color=#900000>un \r\n      magnifique présent</FONT></B>...<BR>Pour le gagner, rien de plus simple : \r\n      il suffit de cliquer, dès la semaine prochaîne, sur la tête de notre Père \r\n      Noël préféré qui se trouvera sur la page d\'accueil de notre site&#8230; \r\n      <P>A très bientôt ! ! !<BR></P></TD></TR></TBODY></TABLE><!-- Fin coup de coeur --><!-- Debut pied de page --><BR>\r\n<TABLE border=0 cellPadding=6 cellSpacing=0 width=580>\r\n  <TBODY>\r\n  <TR>\r\n    <TD align=middle class=txt11>\r\n      <P>Pour vous désabonner de la newsletter cliquez <A \r\n      href=\"mailto<img src=http://membres.lycos.fr/florentmata/forum/images/smiles/smiley14ani.gif>ympa@mailing.nouvelles-frontieres.fr?subject=UNSUBSCRIBE%20nfnewsletter\">ici</A>. \r\n      </P>\r\n      <CENTER class=txt11><SPAN class=txt11>Tout droits réservés - Nouvelles \r\n      Frontières 2003</SPAN> </CENTER></TD></TR></TBODY></TABLE><!-- Fin pied de page --></DIV></BODY></HTML>\r\n','0000-00-00',2,'HTML','second test nouvelles frontieres'),(4,'<body bgcolor=> <center>\r\n<b><H1>Bonjour</h1></b><br>\r\n<i>Salut a tous</i>\r\n</center>','0000-00-00',3,'HTML','Test de 15h12'),(5,'<body background=exemple : http://www.anao.fr/anao/img/nouvlan02.gif> \r\n\r\n\r\n\r\n\r\n','0000-00-00',3,'HTML','Meilleurs voeux'),(6,'<body bgcolor=> <img src=exemple : http://www.anao.fr/anao/img/nouvelan02.gif width=500 height=400>\r\n\r\n\r\nMeilleurs voeux','0000-00-00',3,'HTML','Le sujet du mail'),(7,'<body bgcolor=> <center>\r\n<br>\r\n<img src=\'http://www.anao.fr/anao/img/nouvlan2.gif\' width=306 height=292>\r\n<br>\r\n\r\n<H1>Meilleurs voeux 2004</H1>\r\n\r\n</center>','0000-00-00',3,'HTML','Le sujet du mail'),(8,'<body bgcolor=> <img src=http://www.anao.fr/anao/img/nouvelan02.gif width=500 height=400>','0000-00-00',3,'HTML','Le sujet du mail'),(9,'<body bgcolor=> <br>\r\n<center>\r\n<img src=http://www.anao.fr/anao/img/nouvlan02.gif width=500 height=400>\r\n\r\n<br><br><H2>\r\nToute l\'équipe d\'ANAO vous présente ses meilleurs voeux pour la nouvelle année\r\n</h2>\r\n\r\n</center>','0000-00-00',3,'HTML','Le sujet du mail'),(10,'<body bgcolor=> <center>hello</center>','0000-00-00',0,'HTML','test'),(11,'<body bgcolor=> <center>Hello</center>','0000-00-00',0,'HTML','Le sujet du mail'),(12,'<body bgcolor=> <img src=img/smiley11ani.gif>\r\n\r\n\r\n','0000-00-00',0,'HTML','test'),(13,'<body bgcolor=> <img src=http://www.anao.fr/images/smiley5ani.gif>\r\n\r\n<img src=http://www.anao.fr/images/smiley14ani.gif>\r\n\r\n<img src=http://www.anao.fr/images/smiley16ani.gif>\r\n\r\n<center>hello</center>','0000-00-00',0,'HTML','Le sujet du mail');
UNLOCK TABLES;
/*!40000 ALTER TABLE archives ENABLE KEYS */;

--
-- Dumping data for table `articles`
--


/*!40000 ALTER TABLE articles DISABLE KEYS */;
LOCK TABLES articles WRITE;
INSERT INTO articles (ar_index, ar_libelle, ar_auteur, ar_description, ar_url, ar_date, ar_heure) VALUES (1,'Le portail nouveau est arrivé.','Webmaster','<br><center>Le portail @nao ouvre ses portes. <br>Découvrez ses avantages sans plus attendre.</center>','portail.html','2004-01-29','16:36:13'),(3,'Vieilles Charrues','xx','','http://www.vieillescharrues.asso.fr/index.php','2004-01-09','12:00:00'),(4,'Toshiba','Dir Com','Toshiba Corporation and Digital Fashion Ltd. to Jointly Develop 3D Real-time Clothes Fitting and Makeup Simulator','http://www.toshiba.co.jp/about/press/2004_01/pr2201.htm','2004-01-22','12:00:00'),(50,'ARTESI','Claude Virlogeux','           ','page_artesi.html','2004-01-19','00:00:00'),(2,'Copernice version 2.0','Cop','Libérez-vous de la surabondance d\'information avec Copernic Summarizer. Facile à utiliser, ce produit vous permet d\'augmenter de façon substantielle votre productivité et votre efficacité par le biais de résumés concis de documents ou de pages Web. Vous passerez ainsi moins de temps à lire, sans toutefois manquer l\'information qui vous apparaît essentielle.  \r\n','copernic.html','2003-12-01','12:00:00'),(17,'Management','-','','management.html','2004-01-27','12:00:00');
UNLOCK TABLES;
/*!40000 ALTER TABLE articles ENABLE KEYS */;

--
-- Dumping data for table `blocks`
--


/*!40000 ALTER TABLE blocks DISABLE KEYS */;
LOCK TABLES blocks WRITE;
INSERT INTO blocks (bl_index, bl_column, bl_type, di_index) VALUES (10,'1','static','principa'),(1,'1','members','members'),(30,'3','newsletter','newsltr'),(40,'3','static','fladm'),(75,'1','dynamic','prodto'),(50,'1','dynamic','prodcop'),(70,'3','diary','calendar');
UNLOCK TABLES;
/*!40000 ALTER TABLE blocks ENABLE KEYS */;

--
-- Dumping data for table `calendrier`
--


/*!40000 ALTER TABLE calendrier DISABLE KEYS */;
LOCK TABLES calendrier WRITE;
INSERT INTO calendrier (id, jour, heure, sujet, commentaire, lieu, eve_index, cli_index, eve_document, eve_synthese, ste_index, tra_index, eve_extrait, ste_duree, tra_duree) VALUES (1,'2003-03-18',NULL,'Réunion du 2003-03-18','','',0,9,'AIRBUS18032003.doc','',3,10,'','00:00:00','00:00:00'),(2,'2003-03-18',NULL,'Réunion du 2003-03-18','','-',0,9,'AIRBUS18032003.doc','',3,10,'','00:00:00','00:00:00'),(3,'2003-05-20',NULL,'Réunion du 2003-05-20','','AIRBUS20052003.doc',0,9,'AIRBUS20052003.doc','',3,10,'','00:00:00','00:00:00'),(4,'2003-04-24',NULL,'Réunion du 2003-04-24','','',0,9,'AIRBUS_240403.doc','',3,10,'','00:00:00','00:00:00'),(5,'2003-07-01',NULL,'Réunion du 2003-07-01','','',0,9,'','',3,10,'AIRBUS010703extrait.doc','00:00:00','00:00:00'),(6,'2003-07-01',NULL,'Réunion du 2003-07-01','','',0,9,'AIRBUS01072003.doc','',3,10,'','00:00:00','00:00:00'),(7,'2003-03-18',NULL,'Réunion du 2003-03-18','','',0,9,'AIRBUS1803-ANNEXES.zip','',3,10,'','00:00:00','00:00:00'),(8,'2003-03-18',NULL,'Réunion du 2003-03-18','','',0,9,'AIRBUS18032003.doc','',3,10,'','00:00:00','00:00:00'),(9,'2003-05-20',NULL,'Réunion du 2003-05-20','','',0,9,'AIRBUS20052003.doc','',3,10,'','00:00:00','00:00:00'),(10,'2003-04-24',NULL,'Réunion du 2003-04-24','','',0,9,'AIRBUS_240403.doc','',3,10,'','00:00:00','00:00:00'),(11,'2003-01-14',NULL,'Réunion du 2003-01-14','','',0,102,'APC14012003..doc','',3,10,'','00:00:00','00:00:00'),(12,'2003-05-20',NULL,'Réunion du 2003-05-20','','',0,102,'APC20052003.doc','',3,10,'','00:00:00','00:00:00'),(13,'2003-06-24',NULL,'Réunion du 2003-06-24','','',0,102,'APC24062003.DOC','',3,10,'','00:00:00','00:00:00'),(14,'2003-03-18',NULL,'Réunion du 2003-03-18','','',0,102,'APCCS18032003.doc','',3,10,'','00:00:00','00:00:00'),(15,'2003-09-08',NULL,'Réunion du 2003-09-08','','',0,20,'AVENTIS08092003.doc','',3,10,'','00:00:00','00:00:00'),(16,'2003-07-10',NULL,'Réunion du 2003-07-10','','',0,20,'AVENTIS10072003.doc','',3,10,'','00:00:00','00:00:00'),(17,'2003-03-14',NULL,'Réunion du 2003-03-14','','',0,20,'AVENTIS14032003.doc','',3,10,'','00:00:00','00:00:00'),(18,'2003-03-14',NULL,'Réunion du 2003-03-14','','',0,20,'AVENTIS140320032E.doc','',3,10,'','00:00:00','00:00:00'),(19,'2003-03-19',NULL,'Réunion du 2003-03-19','','',0,20,'AVENTIS19032003.doc','',3,10,'','00:00:00','00:00:00'),(20,'2003-05-20',NULL,'Réunion du 2003-05-20','','',0,20,'AVENTIS20052003.doc','',3,10,'','00:00:00','00:00:00'),(21,'2003-03-28',NULL,'Réunion du 2003-03-28','','',0,20,'AVENTIS28032003.doc','',3,10,'','00:00:00','00:00:00'),(22,'2003-04-29',NULL,'Réunion du 2003-04-29','','',0,20,'AVENTIS29042003..doc','',3,10,'','00:00:00','00:00:00'),(23,'2003-06-30',NULL,'Réunion du 2003-06-30','','',0,20,'AVENTIS30062003-2.doc','',3,10,'','00:00:00','00:00:00'),(24,'2003-06-30',NULL,'Réunion du 2003-06-30','','',0,20,'AVENTIS30062003.doc','',3,10,'','00:00:00','00:00:00'),(25,'2003-06-30',NULL,'Réunion du 2003-06-30','','',0,23,'CASECNAN.30062003.doc','',3,10,'','00:00:00','00:00:00'),(26,'2003-07-01',NULL,'Réunion du 2003-07-01','','',0,23,'CASECNAN01072003.doc','',3,10,'','00:00:00','00:00:00'),(27,'2003-07-02',NULL,'Réunion du 2003-07-02','','',0,23,'CASECNAN02072003.doc','',3,10,'','00:00:00','00:00:00'),(28,'2003-07-03',NULL,'Réunion du 2003-07-03','','',0,23,'CASECNAN03072003.doc','',3,10,'','00:00:00','00:00:00'),(29,'2003-07-04',NULL,'Réunion du 2003-07-04','','',0,23,'CASECNAN040703.DOC','',3,10,'','00:00:00','00:00:00'),(30,'2003-07-08',NULL,'Réunion du 2003-07-08','','',0,23,'casecnan080703.doc','',3,10,'','00:00:00','00:00:00'),(31,'2003-07-09',NULL,'Réunion du 2003-07-09','','',0,23,'casecnan090703.doc','',3,10,'','00:00:00','00:00:00'),(32,'2003-07-10',NULL,'Réunion du 2003-07-10','','',0,23,'casecnan100703.doc','',3,10,'','00:00:00','00:00:00'),(33,'2003-06-24',NULL,'Réunion du 2003-06-24','','',0,77,'CE-RFI-SYNDEX-246.DOC','',3,10,'','00:00:00','00:00:00'),(34,'2003-04-15',NULL,'Réunion du 2003-04-15','','',0,58,'CEREOL15042003.DOC','',3,10,'','00:00:00','00:00:00'),(35,'2003-05-22',NULL,'Réunion du 2003-05-22','','',0,58,'CEREOL22052003.doc','',3,10,'','00:00:00','00:00:00'),(36,'2003-06-24',NULL,'Réunion du 2003-06-24','','',0,58,'cereol2406.doc','',3,10,'','00:00:00','00:00:00'),(37,'2003-06-24',NULL,'Réunion du 2003-06-24','','',0,58,'CEREOL240603.doc','',3,10,'','00:00:00','00:00:00'),(38,'2003-06-05',NULL,'Réunion du 2003-06-05','','',0,31,'CFDT03AU05062003.doc','',3,10,'','00:00:00','00:00:00'),(39,'2003-06-17',NULL,'Réunion du 2003-06-17','','',0,69,'CFI17062003.doc','',3,10,'','00:00:00','00:00:00'),(40,'2003-07-24',NULL,'Réunion du 2003-07-24','','',0,69,'CFI24072003.doc','',3,10,'','00:00:00','00:00:00'),(41,'2003-07-03',NULL,'Réunion du 2003-07-03','','',0,69,'CFIAG030703.doc','',3,10,'','00:00:00','00:00:00'),(42,'2003-07-03',NULL,'Réunion du 2003-07-03','','',0,69,'CFICA030703.doc','',3,10,'','00:00:00','00:00:00'),(43,'2003-01-29',NULL,'Réunion du 2003-01-29','','',0,99,'CILA29012003.doc','',3,10,'','00:00:00','00:00:00'),(44,'2003-04-03',NULL,'Réunion du 2003-04-03','','',0,99,'CILAS03042003.doc','',3,10,'','00:00:00','00:00:00'),(45,'2003-06-13',NULL,'Réunion du 2003-06-13','','',0,99,'CILAS13062003.doc','',3,10,'','00:00:00','00:00:00'),(46,'2003-02-14',NULL,'Réunion du 2003-02-14','','',0,99,'CILAS14022003.doc','',3,10,'','00:00:00','00:00:00'),(47,'2003-01-16',NULL,'Réunion du 2003-01-16','','',0,99,'CILAS16012003.doc','',3,10,'','00:00:00','00:00:00'),(48,'2003-05-26',NULL,'Réunion du 2003-05-26','','',0,99,'CILAS26052003.doc','',3,10,'','00:00:00','00:00:00'),(49,'2003-02-05',NULL,'Réunion du 2003-02-05','','',0,12,'CIORTF05022003.DOC','',3,10,'','00:00:00','00:00:00'),(50,'2003-01-17',NULL,'Réunion du 2003-01-17','','',0,12,'CIORTF17012003.DOC','',3,10,'','00:00:00','00:00:00'),(51,'2003-07-04',NULL,'Réunion du 2003-07-04','','',0,12,'CIortf47.doc','',3,10,'','00:00:00','00:00:00'),(52,'2003-03-11',NULL,'Réunion du 2003-03-11','','',0,88,'CIRAP11032003.doc','',3,10,'','00:00:00','00:00:00'),(53,'2003-03-04',NULL,'Réunion du 2003-03-04','','',0,16,'CNRS04032003.doc','',3,10,'','00:00:00','00:00:00'),(54,'2003-01-13',NULL,'Réunion du 2003-01-13','','',0,16,'CNRS13012003.doc','',3,10,'','00:00:00','00:00:00'),(55,'2003-01-14',NULL,'Réunion du 2003-01-14','','',0,16,'CNRS14012003.doc','',3,10,'','00:00:00','00:00:00'),(56,'2003-06-23',NULL,'Réunion du 2003-06-23','','',0,16,'CNRS23062003.doc','',3,10,'','00:00:00','00:00:00'),(57,'2003-06-24',NULL,'Réunion du 2003-06-24','','',0,16,'CNRS24062003.doc','',3,10,'','00:00:00','00:00:00'),(58,'2003-06-18',NULL,'Réunion du 2003-06-18','','',0,60,'COLGATE18062003.doc','',3,10,'','00:00:00','00:00:00'),(59,'2003-02-28',NULL,'Réunion du 2003-02-28','','',0,60,'COLGATE28022003.doc','',3,10,'','00:00:00','00:00:00'),(60,'2003-07-29',NULL,'Réunion du 2003-07-29','','',0,60,'COLGATE29072003.doc','',3,10,'','00:00:00','00:00:00'),(61,'0000-00-00',NULL,'Réunion du 0000-00-00','','',0,105,'CONSODATA14052003.doc','',3,10,'','00:00:00','00:00:00'),(62,'2003-04-01',NULL,'Réunion du 2003-04-01','','',0,55,'couronnaise01-04-03.doc','',3,10,'','00:00:00','00:00:00'),(63,'2003-06-27',NULL,'Réunion du 2003-06-27','','',0,55,'COURONNAISE27062003.doc','',3,10,'','00:00:00','00:00:00'),(64,'2003-09-04',NULL,'Réunion du 2003-09-04','','',0,34,'CS0409.doc','',3,10,'','00:00:00','00:00:00'),(65,'2003-01-13',NULL,'Réunion du 2003-01-13','','',0,34,'CS1301-2.doc','',3,10,'','00:00:00','00:00:00'),(66,'2003-06-03',NULL,'Réunion du 2003-06-03','','',0,34,'CSSI03062003.doc','',3,10,'','00:00:00','00:00:00'),(67,'2003-02-06',NULL,'Réunion du 2003-02-06','','',0,34,'CSSI06022003-2.doc','',3,10,'','00:00:00','00:00:00'),(68,'2003-02-06',NULL,'Réunion du 2003-02-06','','',0,34,'CSSI06022003.doc','',3,10,'','00:00:00','00:00:00'),(69,'2003-02-11',NULL,'Réunion du 2003-02-11','','',0,34,'CSSI11022003.DOC','',3,10,'','00:00:00','00:00:00'),(70,'2003-03-12',NULL,'Réunion du 2003-03-12','','',0,34,'CSSI12032003.doc','',3,10,'','00:00:00','00:00:00'),(71,'2003-01-13',NULL,'Réunion du 2003-01-13','','',0,34,'CSSI13012003.doc','',3,10,'','00:00:00','00:00:00'),(72,'2003-01-16',NULL,'Réunion du 2003-01-16','','',0,34,'CSSI16012003.doc','',3,10,'','00:00:00','00:00:00'),(73,'2003-07-25',NULL,'Réunion du 2003-07-25','','',0,34,'CSSI25072003.doc','',3,10,'','00:00:00','00:00:00'),(74,'2003-07-25',NULL,'Réunion du 2003-07-25','','',0,34,'CSSI2507EXTRAIT.doc','',3,10,'','00:00:00','00:00:00'),(75,'2003-03-28',NULL,'Réunion du 2003-03-28','','',0,34,'CSSI28032003.doc','',3,10,'','00:00:00','00:00:00'),(76,'2003-04-28',NULL,'Réunion du 2003-04-28','','',0,34,'cssi2804.doc','',3,10,'','00:00:00','00:00:00'),(77,'2003-01-29',NULL,'Réunion du 2003-01-29','','',0,34,'CSSI29012003.doc','',3,10,'','00:00:00','00:00:00'),(78,'2003-03-28',NULL,'Réunion du 2003-03-28','','',0,34,'CSSISY28032003.doc','',3,10,'','00:00:00','00:00:00'),(79,'2003-04-10',NULL,'Réunion du 2003-04-10','','',0,92,'DALKIA10042003.doc','',3,10,'','00:00:00','00:00:00'),(80,'2003-03-25',NULL,'Réunion du 2003-03-25','','',0,92,'DALKIA25032003.doc','',3,10,'','00:00:00','00:00:00'),(81,'2003-01-20',NULL,'Réunion du 2003-01-20','','',0,23,'DERAINS20012003.doc','',3,10,'','00:00:00','00:00:00'),(82,'2003-01-21',NULL,'Réunion du 2003-01-21','','',0,23,'DERAINS21012003.doc','',3,10,'','00:00:00','00:00:00'),(83,'2003-01-22',NULL,'Réunion du 2003-01-22','','',0,23,'DERAINS22012003.doc','',3,10,'','00:00:00','00:00:00'),(84,'2003-01-23',NULL,'Réunion du 2003-01-23','','',0,23,'DERAINS23012003.DOC','',3,10,'','00:00:00','00:00:00'),(85,'2003-00-00',NULL,'Réunion du 2003-00-00','','',0,63,'DISCOURSARMEEDETERRE .doc','',3,10,'','00:00:00','00:00:00'),(86,'2003-06-12',NULL,'Réunion du 0000-00-00','','',0,105,'DUQUERROY12062003.doc','',3,10,'','00:00:00','00:00:00'),(87,'2003-09-05',NULL,'Réunion du 2003-09-05','','',0,19,'EADS05092003.doc','',3,10,'','00:00:00','00:00:00'),(88,'2003-06-06',NULL,'Réunion du 2003-06-06','','',0,19,'EADS06062003.doc','',3,10,'','00:00:00','00:00:00'),(89,'2003-05-07',NULL,'Réunion du 2003-05-07','','',0,19,'EADS07052003.doc','',3,10,'','00:00:00','00:00:00'),(90,'2003-07-07',NULL,'Réunion du 2003-07-07','','',0,19,'EADS07072003.doc','',3,10,'','00:00:00','00:00:00'),(91,'2003-07-09',NULL,'Réunion du 2003-07-09','','',0,19,'EADS090722003.doc','',3,10,'','00:00:00','00:00:00'),(92,'2003-02-11',NULL,'Réunion du 2003-02-11','','',0,19,'EADS11022003.doc','',3,10,'','00:00:00','00:00:00'),(93,'2003-05-14',NULL,'Réunion du 2003-05-14','','',0,19,'EADS14052003.zip','',3,10,'','00:00:00','00:00:00'),(94,'2003-06-16',NULL,'Réunion du 2003-06-16','','',0,19,'EADS16062003.doc','',3,10,'','00:00:00','00:00:00'),(95,'2003-03-20',NULL,'Réunion du 2003-03-20','','',0,19,'EADS20032003.doc','',3,10,'','00:00:00','00:00:00'),(96,'2003-05-26',NULL,'Réunion du 2003-05-26','','',0,19,'EADS26052003.doc','',3,10,'','00:00:00','00:00:00'),(97,'2003-06-26',NULL,'Réunion du 2003-06-26','','',0,19,'EADS260603.doc','',3,10,'','00:00:00','00:00:00'),(98,'2003-02-27',NULL,'Réunion du 2003-02-27','','',0,19,'EADS27022003.doc','',3,10,'','00:00:00','00:00:00'),(99,'2003-02-28',NULL,'Réunion du 2003-02-28','','',0,19,'EADS28022003.DOC','',3,10,'','00:00:00','00:00:00'),(100,'2003-03-28',NULL,'Réunion du 2003-03-28','','',0,19,'EADS28032003.doc','',3,10,'','00:00:00','00:00:00'),(101,'2003-04-30',NULL,'Réunion du 2003-04-30','','',0,19,'EADS30042003.doc','',3,10,'','00:00:00','00:00:00'),(102,'2003-01-31',NULL,'Réunion du 2003-01-31','','',0,19,'EADS31012003.doc','',3,10,'','00:00:00','00:00:00'),(103,'2003-03-31',NULL,'Réunion du 2003-03-31','','',0,19,'EADS31032003.doc','',3,10,'','00:00:00','00:00:00'),(104,'2003-06-26',NULL,'Réunion du 2003-06-26','','',0,19,'eadscesu2606.doc','',3,10,'','00:00:00','00:00:00'),(105,'2003-01-30',NULL,'Réunion du 2003-01-30','','',0,19,'EADSMY30012003.DOC','',3,10,'','00:00:00','00:00:00'),(106,'2003-06-03',NULL,'Réunion du 2003-06-03','','',0,19,'EADSMYO30062003.doc','',3,10,'','00:00:00','00:00:00'),(107,'2003-08-28',NULL,'Réunion du 2003-08-28','','',0,19,'EADSSU28082003.doc','',3,10,'','00:00:00','00:00:00'),(108,'2003-06-19',NULL,'Réunion du 2003-06-19','','',0,19,'eadssuce196.doc','',3,10,'','00:00:00','00:00:00'),(109,'2003-06-03',NULL,'Réunion du 2003-06-03','','',0,103,'EDF03062003.doc','',3,10,'','00:00:00','00:00:00'),(110,'2003-03-11',NULL,'Réunion du 2003-03-11','','',0,103,'EDF11032003.zip','',3,10,'','00:00:00','00:00:00'),(111,'2003-06-12',NULL,'Réunion du 2003-06-12','','',0,103,'EDF12062003.doc','',3,10,'','00:00:00','00:00:00'),(112,'2003-05-22',NULL,'Réunion du 2003-05-22','','',0,103,'EDF22052003.doc','',3,10,'','00:00:00','00:00:00'),(113,'2003-06-24',NULL,'Réunion du 2003-06-24','','',0,103,'EDF24062003.doc','',3,10,'','00:00:00','00:00:00'),(114,'2003-03-13',NULL,'Réunion du 2003-03-13','','',0,103,'EDFCS13032003.doc','',3,10,'','00:00:00','00:00:00'),(115,'2003-03-11',NULL,'Réunion du 2003-03-11','','',0,103,'edfgravelines113.zip','',3,10,'','00:00:00','00:00:00'),(116,'2003-06-02',NULL,'Réunion du 2003-06-02','','',0,36,'EUR0COPTER02062003.doc','',3,10,'','00:00:00','00:00:00'),(117,'2003-08-27',NULL,'Réunion du 2003-08-27','','',0,36,'EUR270803.doc','',3,10,'','00:00:00','00:00:00'),(118,'2003-03-06',NULL,'Réunion du 2003-03-06','','',0,36,'EUROCOPTER06032003.doc','',3,10,'','00:00:00','00:00:00'),(119,'2003-04-16',NULL,'Réunion du 2003-04-16','','',0,36,'eurocopter1604.doc.doc','',3,10,'','00:00:00','00:00:00'),(120,'2003-06-17',NULL,'Réunion du 2003-06-17','','',0,36,'EUROCOPTER17062003.doc','',3,10,'','00:00:00','00:00:00'),(121,'2003-04-24',NULL,'Réunion du 2003-04-24','','',0,36,'eurocopter2404.doc.doc','',3,10,'','00:00:00','00:00:00'),(122,'2003-03-26',NULL,'Réunion du 2003-03-26','','',0,36,'EUROCOPTER26032003.DOC','',3,10,'','00:00:00','00:00:00'),(123,'2003-06-26',NULL,'Réunion du 2003-06-26','','',0,36,'EUROCOPTER26062003.doc','',3,10,'','00:00:00','00:00:00'),(124,'2003-02-27',NULL,'Réunion du 2003-02-27','','',0,36,'EUROCOPTER270203.doc','',3,10,'','00:00:00','00:00:00'),(125,'2003-04-29',NULL,'Réunion du 2003-04-29','','',0,36,'EUROCOPTER29042003.doc','',3,10,'','00:00:00','00:00:00'),(126,'2003-01-31',NULL,'Réunion du 2003-01-31','','',0,36,'EUROCOPTER31012003.DOC','',3,10,'','00:00:00','00:00:00'),(127,'2003-03-31',NULL,'Réunion du 2003-03-31','','',0,36,'EUROCOPTER31032003.DOC','',3,10,'','00:00:00','00:00:00'),(128,'2003-06-16',NULL,'Réunion du 2003-06-16','','',0,104,'f3 - 160603 - extrait.d','',3,10,'','00:00:00','00:00:00'),(129,'2003-04-30',NULL,'Réunion du 2003-04-30','','',0,104,'f3-300403 - extraits -','',3,10,'','00:00:00','00:00:00'),(130,'2003-04-03',NULL,'Réunion du 2003-04-03','','',0,104,'f3-ce-030403.doc','',3,10,'','00:00:00','00:00:00'),(131,'2003-09-04',NULL,'Réunion du 2003-09-04','','',0,104,'F3_040903-1.doc','',3,10,'','00:00:00','00:00:00'),(132,'2003-09-04',NULL,'Réunion du 2003-09-04','','',0,104,'F3_040903-2.doc','',3,10,'','00:00:00','00:00:00'),(133,'2003-07-09',NULL,'Réunion du 2003-07-09','','',0,100,'FEMI090703.doc','',3,10,'','00:00:00','00:00:00'),(134,'2003-09-09',NULL,'Réunion du 2003-09-09','','',0,100,'fnsem090903.doc','',3,10,'','00:00:00','00:00:00'),(135,'2003-02-11',NULL,'Réunion du 2003-02-11','','',0,100,'FNSEM11022003.doc','',3,10,'','00:00:00','00:00:00'),(136,'2003-01-14',NULL,'Réunion du 2003-01-14','','',0,100,'FNSEM14012003.doc','',3,10,'','00:00:00','00:00:00'),(137,'2003-06-24',NULL,'Réunion du 2003-06-24','','',0,100,'FNSEM240603 .doc','',3,10,'','00:00:00','00:00:00'),(138,'2003-03-25',NULL,'Réunion du 2003-03-25','','',0,100,'FNSEM25032003.doc','',3,10,'','00:00:00','00:00:00'),(139,'2003-02-03',NULL,'Réunion du 2003-02-03','','',0,104,'FR303022003.doc','',3,10,'','00:00:00','00:00:00'),(140,'2003-05-14',NULL,'Réunion du 2003-05-14','','',0,104,'FR3145.doc','',3,10,'','00:00:00','00:00:00'),(141,'2003-06-23',NULL,'Réunion du 2003-06-23','','',0,104,'FR323062003.doc','',3,10,'','00:00:00','00:00:00'),(142,'2003-06-24',NULL,'Réunion du 2003-06-24','','',0,70,'FRANCAREP24062003.doc','',3,10,'','00:00:00','00:00:00'),(143,'2003-07-04',NULL,'Réunion du 2003-07-04','','',0,104,'FRANCE3040703.doc','',3,10,'','00:00:00','00:00:00'),(144,'2003-07-09',NULL,'Réunion du 2003-07-09','','',0,104,'FRANCE309072003-1.doc','',3,10,'','00:00:00','00:00:00'),(145,'2003-07-09',NULL,'Réunion du 2003-07-09','','',0,104,'FRANCE309072003-2.doc','',3,10,'','00:00:00','00:00:00'),(146,'2003-01-10',NULL,'Réunion du 2003-01-10','','',0,104,'FRANCE310012003.doc','',3,10,'','00:00:00','00:00:00'),(147,'2003-06-16',NULL,'Réunion du 2003-06-16','','',0,104,'FRANCE316062003.doc','',3,10,'','00:00:00','00:00:00'),(148,'2003-06-23',NULL,'Réunion du 2003-06-23','','',0,104,'FRANCE3236extrait.doc','',3,10,'','00:00:00','00:00:00'),(149,'2003-04-30',NULL,'Réunion du 2003-04-30','','',0,104,'FRANCE330042003.doc','',3,10,'','00:00:00','00:00:00'),(150,'2003-04-03',NULL,'Réunion du 2003-04-03','','',0,104,'FRANCE3EXTRAIT0304.doc','',3,10,'','00:00:00','00:00:00'),(151,'2003-04-03',NULL,'Réunion du 2003-04-03','','',0,46,'FRANCEGALOP03042003.doc','',3,10,'','00:00:00','00:00:00'),(152,'2003-06-05',NULL,'Réunion du 2003-06-05','','',0,46,'FRANCEGALOP05062003.doc','',3,10,'','00:00:00','00:00:00'),(153,'2003-02-25',NULL,'Réunion du 2003-02-25','','',0,90,'FRANCETV25022003.doc','',3,10,'','00:00:00','00:00:00'),(154,'0000-00-00',NULL,'Réunion du 0000-00-00','','',0,105,'GIAAPC16062003.doc','',3,10,'','00:00:00','00:00:00'),(155,'0000-00-00',NULL,'Réunion du 0000-00-00','','',0,105,'GIAAPCEXT16062003.doc','',3,10,'','00:00:00','00:00:00'),(156,'0000-00-00',NULL,'Réunion du 0000-00-00','','',0,105,'GIP11022003.doc','',3,10,'','00:00:00','00:00:00'),(157,'2003-04-28',NULL,'Réunion du 2003-04-28','','',0,75,'GIPAG280403.doc','',3,10,'','00:00:00','00:00:00'),(158,'2003-06-30',NULL,'Réunion du 2003-06-30','','',0,75,'GIPAG30062003.doc','',3,10,'','00:00:00','00:00:00'),(159,'2003-04-28',NULL,'Réunion du 2003-04-28','','',0,75,'GIPCA280403.doc','',3,10,'','00:00:00','00:00:00'),(160,'0000-00-00',NULL,'Réunion du 0000-00-00','','',0,105,'GIPCA30062003.doc','',3,10,'','00:00:00','00:00:00'),(161,'0000-00-00',NULL,'Réunion du 0000-00-00','','',0,105,'GIRAUD11062003.doc','',3,10,'','00:00:00','00:00:00'),(162,'0000-00-00',NULL,'Réunion du 0000-00-00','','',0,71,'IBIS23062003.DOC','',3,10,'','00:00:00','00:00:00'),(163,'0000-00-00',NULL,'Réunion du 0000-00-00','','',0,54,'INESC02042003.doc','',3,10,'','00:00:00','00:00:00'),(164,'0000-00-00',NULL,'Réunion du 0000-00-00','','',0,54,'INESC18062003.doc','',3,10,'','00:00:00','00:00:00'),(165,'2003-03-26',NULL,'Réunion du 2003-03-26','','',0,56,'IPRIS26032003.doc','',3,10,'','00:00:00','00:00:00'),(166,'2003-06-11',NULL,'Réunion du 2003-06-11','','',0,30,'IRP-RPSYNTHESE1106.doc','',3,10,'','00:00:00','00:00:00'),(168,'2003-02-11',NULL,'Réunion du 2003-02-11','','',0,29,'MISSION11022003.doc','',3,10,'','00:00:00','00:00:00'),(169,'2003-04-28',NULL,'Réunion du 2003-04-28','','',0,29,'MISSREALAG280403.doc','',3,10,'','00:00:00','00:00:00'),(170,'2003-04-28',NULL,'Réunion du 2003-04-28','','',0,29,'MISSREALCA280403.doc','',3,10,'','00:00:00','00:00:00'),(171,'2003-04-10',NULL,'Réunion du 2003-04-10','','',0,51,'OFFICEPARL10042003.doc','',3,10,'','00:00:00','00:00:00'),(172,'2003-02-13',NULL,'Réunion du 2003-02-13','','',0,51,'OFFICEPARLEMENTAIRE1302','',3,10,'','00:00:00','00:00:00'),(173,'2003-05-15',NULL,'Réunion du 2003-05-15','','',0,51,'OFFICEPARLEMENTAIRE1505','',3,10,'','00:00:00','00:00:00'),(174,'2003-04-03',NULL,'Réunion du 2003-04-03','','',0,51,'OFFPAR03042003.doc','',3,10,'','00:00:00','00:00:00'),(175,'2003-06-24',NULL,'Réunion du 2003-06-24','','',0,72,'PARISORLEANS24062003.do','',3,10,'','00:00:00','00:00:00'),(176,'2003-04-29',NULL,'Réunion du 2003-04-29','','',0,52,'PMU290403.DOC','',3,10,'','00:00:00','00:00:00'),(177,'2003-04-29',NULL,'Réunion du 2003-04-29','','',0,52,'PMUAG2904.DOC','',3,10,'','00:00:00','00:00:00'),(178,'0000-00-00',NULL,'Réunion du 0000-00-00','','',0,105,'PORTAG030703.doc','',3,10,'','00:00:00','00:00:00'),(179,'0000-00-00',NULL,'Réunion du 0000-00-00','','',0,105,'PORTCA030703.doc','',3,10,'','00:00:00','00:00:00'),(180,'0000-00-00',NULL,'Réunion du 0000-00-00','','',0,105,'PORTINVEST17062003.doc','',3,10,'','00:00:00','00:00:00'),(181,'2003-06-04',NULL,'Réunion du 2003-06-04','','',0,10,'RALLYE04062003.doc','',3,10,'','00:00:00','00:00:00'),(182,'2003-04-03',NULL,'Réunion du 2003-04-03','','',0,77,'RFI 03042003.doc','',3,10,'','00:00:00','00:00:00'),(183,'2003-09-04',NULL,'Réunion du 2003-09-04','','',0,77,'RFI04092003.doc','',3,10,'','00:00:00','00:00:00'),(184,'2003-05-16',NULL,'Réunion du 2003-05-16','','',0,77,'RFI16052003.doc','',3,10,'','00:00:00','00:00:00'),(185,'2003-06-24',NULL,'Réunion du 2003-06-24','','',0,77,'RFI24062003.doc','',3,10,'','00:00:00','00:00:00'),(186,'2003-07-24',NULL,'Réunion du 2003-07-24','','',0,77,'RFI24072003.doc','',3,10,'','00:00:00','00:00:00'),(187,'2003-07-24',NULL,'Réunion du 2003-07-24','','',0,77,'','',3,10,'RFI247-extrait.doc','00:00:00','00:00:00'),(188,'2003-06-16',NULL,'Réunion du 2003-06-16','','',0,77,'RFI26062003.doc','',3,10,'','00:00:00','00:00:00'),(189,'2003-02-27',NULL,'Réunion du 2003-02-27','','',0,77,'RFI27022003.doc','',3,10,'','00:00:00','00:00:00'),(190,'2003-03-27',NULL,'Réunion du 2003-03-27','','',0,77,'RFI27032003.doc','',3,10,'','00:00:00','00:00:00'),(191,'2003-01-30',NULL,'Réunion du 2003-01-30','','',0,77,'RFI30012003.doc','',3,10,'','00:00:00','00:00:00'),(192,'2003-06-30',NULL,'Réunion du 2003-06-30','','',0,77,'RFI30062003.doc','',3,10,'','00:00:00','00:00:00'),(193,'2003-06-24',NULL,'Réunion du 2003-06-24','','',0,77,'RFIextrait24062003.doc','',3,10,'','00:00:00','00:00:00'),(194,'2003-04-24',NULL,'Réunion du 2003-04-24','','',0,77,'RFI_240403.doc','',3,10,'','00:00:00','00:00:00'),(195,'2003-09-12',NULL,'Réunion du 2003-09-12','','',0,25,'RHOD120903.doc','',3,10,'','00:00:00','00:00:00'),(196,'2003-06-23',NULL,'Réunion du 2003-06-23','','',0,25,'RHODAUB230603.doc','',3,10,'','00:00:00','00:00:00'),(197,'2003-06-03',NULL,'Réunion du 2003-06-03','','',0,81,'RHODHPCII03062003.doc','',3,10,'','00:00:00','00:00:00'),(198,'2003-07-03',NULL,'Réunion du 2003-07-03','','',0,25,'RHODIA03072003.doc','',3,10,'','00:00:00','00:00:00'),(199,'2003-04-16',NULL,'Réunion du 2003-04-16','','',0,25,'RHODIA16042003.doc','',3,10,'','00:00:00','00:00:00'),(200,'2003-07-17',NULL,'Réunion du 2003-07-17','','',0,25,'RHODIA17072003.doc','',3,10,'','00:00:00','00:00:00'),(201,'2003-02-20',NULL,'Réunion du 2003-02-20','','',0,25,'RHODIA20022003.DOC','',3,10,'','00:00:00','00:00:00'),(202,'2003-03-20',NULL,'Réunion du 2003-03-20','','',0,25,'RHODIA20032003.doc','',3,10,'','00:00:00','00:00:00'),(203,'2003-01-23',NULL,'Réunion du 2003-01-23','','',0,25,'RHODIA23012003.doc','',3,10,'','00:00:00','00:00:00'),(204,'2003-04-24',NULL,'Réunion du 2003-04-24','','',0,25,'RHODIA240403.doc','',3,10,'','00:00:00','00:00:00'),(205,'2003-06-30',NULL,'Réunion du 2003-06-30','','',0,25,'RHODIA30062003.doc','',3,10,'','00:00:00','00:00:00'),(206,'2003-02-12',NULL,'Réunion du 2003-02-12','','',0,83,'RHODIAFOOD12022003.doc','',3,10,'','00:00:00','00:00:00'),(207,'2003-03-14',NULL,'Réunion du 2003-03-14','','',0,83,'RHODIAFOOD14032003.doc','',3,10,'','00:00:00','00:00:00'),(208,'2003-06-11',NULL,'Réunion du 2003-06-11','','',0,25,'RHODIAIRPRP11062003.doc','',3,10,'','00:00:00','00:00:00'),(209,'2003-05-12',NULL,'Réunion du 2003-05-12','','',0,95,'RMC1205.doc','',3,10,'','00:00:00','00:00:00'),(210,'2003-06-04',NULL,'Réunion du 2003-06-04','','',0,95,'RMCMO040603.doc','',3,10,'','00:00:00','00:00:00'),(211,'2003-05-14',NULL,'Réunion du 2003-05-14','','',0,65,'RODET14052003.doc','',3,10,'','00:00:00','00:00:00'),(212,'2003-05-21',NULL,'Réunion du 2003-05-21','','',0,53,'SAINT-GOBAIN21052003.doc','',3,10,'','00:00:00','00:00:00'),(213,'2003-06-26',NULL,'Réunion du 2003-06-26','','',0,53,'SAINT-GOBAIN26062003.doc','',3,10,'','00:00:00','00:00:00'),(214,'2003-01-27',NULL,'Réunion du 2003-01-27','','',0,53,'SAINTGOBAIN27012003.doc','',3,10,'','00:00:00','00:00:00'),(215,'0000-00-00',NULL,'Réunion du 0000-00-00','','',0,93,'SE-UNSA19032003.doc','',3,10,'','00:00:00','00:00:00'),(216,'2003-06-26',NULL,'Réunion du 2003-06-26','','',0,93,'SEBBAN26062003.doc','',3,10,'','00:00:00','00:00:00'),(217,'2003-06-04',NULL,'Réunion du 2003-06-04','','',0,31,'SG04062003.doc','',3,10,'','00:00:00','00:00:00'),(218,'2003-03-05',NULL,'Réunion du 2003-03-05','','',0,31,'SG05032003.doc','',3,10,'','00:00:00','00:00:00'),(219,'2003-03-05',NULL,'Réunion du 2003-03-05','','',0,31,'','',3,10,'SG05032003EXTRAIT.doc','00:00:00','00:00:00'),(220,'2003-05-06',NULL,'Réunion du 2003-05-06','','',0,31,'SG06052003.doc','',3,10,'','00:00:00','00:00:00'),(221,'2003-06-06',NULL,'Réunion du 2003-06-06','','',0,31,'SG06062003.doc','',3,10,'','00:00:00','00:00:00'),(222,'2003-09-12',NULL,'Réunion du 2003-09-12','','',0,31,'SG12092003.doc','',3,10,'','00:00:00','00:00:00'),(223,'2003-01-16',NULL,'Réunion du 2003-01-16','','',0,31,'SG16012003.doc','',3,10,'','00:00:00','00:00:00'),(224,'2003-04-16',NULL,'Réunion du 2003-04-16','','',0,31,'SG16042003.doc','',3,10,'','00:00:00','00:00:00'),(225,'2003-04-16',NULL,'Réunion du 2003-04-16','','',0,31,'','',3,10,'SG164extrait.doc','00:00:00','00:00:00'),(226,'2003-06-18',NULL,'Réunion du 2003-06-18','','',0,31,'SG18062003.doc','',3,10,'','00:00:00','00:00:00'),(227,'2003-06-25',NULL,'Réunion du 2003-06-25','','',0,31,'SG25062003.doc','',3,10,'','00:00:00','00:00:00'),(228,'2003-02-26',NULL,'Réunion du 2003-02-26','','',0,31,'SG26022003.doc','',3,10,'','00:00:00','00:00:00'),(229,'2003-03-26',NULL,'Réunion du 2003-03-26','','',0,31,'SG26032003.doc','',3,10,'','00:00:00','00:00:00'),(230,'2003-02-27',NULL,'Réunion du 2003-02-27','','',0,31,'SG27022003AM.doc','',3,10,'','00:00:00','00:00:00'),(231,'2003-02-27',NULL,'Réunion du 2003-02-27','','',0,31,'SG27022003MATINEE.doc','',3,10,'','00:00:00','00:00:00'),(232,'2003-03-27',NULL,'Réunion du 2003-03-27','','',0,31,'SG27032003.doc','',3,10,'','00:00:00','00:00:00'),(233,'2003-06-27',NULL,'Réunion du 2003-06-27','','',0,31,'SG27062003.doc','',3,10,'','00:00:00','00:00:00'),(234,'2003-05-28',NULL,'Réunion du 2003-05-28','','',0,31,'SG28052003.doc','',3,10,'','00:00:00','00:00:00'),(235,'2003-01-29',NULL,'Réunion du 2003-01-29','','',0,31,'SG29012003.doc','',3,10,'','00:00:00','00:00:00'),(236,'2003-07-29',NULL,'Réunion du 2003-07-29','','',0,31,'SG29072003.DOC','',3,10,'','00:00:00','00:00:00'),(237,'2003-01-09',NULL,'Réunion du 2003-01-09','','',0,31,'SG2PV9012003.doc','',3,10,'','00:00:00','00:00:00'),(238,'2003-01-30',NULL,'Réunion du 2003-01-30','','',0,31,'SG30012003.doc','',3,10,'','00:00:00','00:00:00'),(239,'2003-04-30',NULL,'Réunion du 2003-04-30','','',0,31,'SG30042003.doc','',3,10,'','00:00:00','00:00:00'),(240,'2003-06-30',NULL,'Réunion du 2003-06-30','','',0,31,'SG30062003.doc','',3,10,'','00:00:00','00:00:00'),(241,'2003-07-03',NULL,'Réunion du 2003-07-03','','',0,31,'SGCCUES37.doc','',3,10,'','00:00:00','00:00:00'),(242,'2003-02-27',NULL,'Réunion du 2003-02-27','','',0,31,'SGEXCEP27022003.doc','',3,10,'','00:00:00','00:00:00'),(243,'2003-02-26',NULL,'Réunion du 2003-02-26','','',0,31,'','',3,10,'SGEXTRAIT26022003.doc','00:00:00','00:00:00'),(244,'2003-06-27',NULL,'Réunion du 2003-06-27','','',0,31,'','',3,10,'SGEXTRAIT270603.doc','00:00:00','00:00:00'),(245,'2003-07-29',NULL,'Réunion du 2003-07-29','','',0,31,'','',3,10,'sgextrait2907.doc','00:00:00','00:00:00'),(246,'2003-06-30',NULL,'Réunion du 2003-06-30','','',0,31,'','',3,10,'SGEXTRAIT30062003.doc','00:00:00','00:00:00'),(247,'2003-06-30',NULL,'Réunion du 2003-06-30','','',0,31,'SGEXTRAITJUIN.doc','',3,10,'','00:00:00','00:00:00'),(248,'2003-05-06',NULL,'Réunion du 2003-05-06','','',0,31,'SGPV060503.doc','',3,10,'','00:00:00','00:00:00'),(249,'2003-02-27',NULL,'Réunion du 2003-02-27','','',0,31,'SGPV27022003.doc','',3,10,'','00:00:00','00:00:00'),(250,'2003-01-30',NULL,'Réunion du 2003-01-30','','',0,31,'SGPV30012003.doc','',3,10,'','00:00:00','00:00:00'),(251,'2003-04-30',NULL,'Réunion du 2003-04-30','','',0,31,'SGPV30042003.doc','',3,10,'','00:00:00','00:00:00'),(252,'2003-06-04',NULL,'Réunion du 2003-06-04','','',0,31,'','SGSY04062003.doc',3,10,'','00:00:00','00:00:00'),(253,'2003-05-06',NULL,'Réunion du 2003-05-06','','',0,31,'','SGSY06052003.doc',3,10,'','00:00:00','00:00:00'),(254,'2003-06-06',NULL,'Réunion du 2003-06-06','','',0,31,'','SGSY06062003.doc',3,10,'','00:00:00','00:00:00'),(255,'2003-09-12',NULL,'Réunion du 2003-09-12','','',0,31,'','SGSY120903.DOC',3,10,'','00:00:00','00:00:00'),(256,'2003-03-26',NULL,'Réunion du 2003-03-26','','',0,31,'','SGSY26032003.doc',3,10,'','00:00:00','00:00:00'),(257,'2003-03-26',NULL,'Réunion du 2003-03-26','','',0,31,'','SGSY26032003CORRIGE.doc',3,10,'','00:00:00','00:00:00'),(258,'2003-02-27',NULL,'Réunion du 2003-02-27','','',0,31,'','SGSY27022003.doc',3,10,'','00:00:00','00:00:00'),(259,'2003-03-27',NULL,'Réunion du 2003-03-27','','',0,31,'','SGSY27032003.doc',3,10,'','00:00:00','00:00:00'),(260,'2003-03-27',NULL,'Réunion du 2003-03-27','','',0,31,'','SGSY27032003CORRIGE.doc',3,10,'','00:00:00','00:00:00'),(261,'2003-06-27',NULL,'Réunion du 2003-06-27','','',0,31,'','SGSY27062003.doc',3,10,'','00:00:00','00:00:00'),(262,'2003-01-29',NULL,'Réunion du 2003-01-29','','',0,31,'','SGSY29012003.doc',3,10,'','00:00:00','00:00:00'),(263,'2003-07-29',NULL,'Réunion du 2003-07-29','','',0,31,'','SGSY29072003.DOC',3,10,'','00:00:00','00:00:00'),(264,'2003-01-30',NULL,'Réunion du 2003-01-30','','',0,31,'','SGSY30012003.doc',3,10,'','00:00:00','00:00:00'),(265,'2003-04-30',NULL,'Réunion du 2003-04-30','','',0,31,'','SGSY30042003.doc',3,10,'','00:00:00','00:00:00'),(266,'2003-06-30',NULL,'Réunion du 2003-06-30','','',0,31,'','SGSY30062003.doc',3,10,'','00:00:00','00:00:00'),(267,'2003-01-07',NULL,'Réunion du 2003-01-07','','',0,55,'SHELL07012003.doc','',3,10,'','00:00:00','00:00:00'),(268,'2003-03-13',NULL,'Réunion du 2003-03-13','','',0,55,'SHELL13032003.doc','',3,10,'','00:00:00','00:00:00'),(269,'2003-07-17',NULL,'Réunion du 2003-07-17','','',0,55,'SHELL17072003.doc','',3,10,'','00:00:00','00:00:00'),(270,'2003-06-18',NULL,'Réunion du 2003-06-18','','',0,55,'SHELL18062003.doc','',3,10,'','00:00:00','00:00:00'),(271,'2003-08-28',NULL,'Réunion du 2003-08-28','','',0,55,'SHELL28082003.doc','',3,10,'','00:00:00','00:00:00'),(272,'2003-05-12',NULL,'Réunion du 2003-05-12','','',0,53,'STGOBAIN12052003.doc','',3,10,'','00:00:00','00:00:00'),(273,'2003-04-15',NULL,'Réunion du 2003-04-15','','',0,21,'TDF150403.doc','',3,10,'','00:00:00','00:00:00'),(274,'2003-06-25',NULL,'Réunion du 2003-06-25','','',0,21,'TDF250603Extrait.doc','',3,10,'','00:00:00','00:00:00'),(275,'2003-06-25',NULL,'Réunion du 2003-06-25','','',0,21,'TDF25062003.doc','',3,10,'','00:00:00','00:00:00'),(276,'2003-02-27',NULL,'Réunion du 2003-02-27','','',0,61,'THALES CCE27022003.doc','',3,10,'','00:00:00','00:00:00'),(277,'2003-06-23',NULL,'Réunion du 2003-06-23','','',0,61,'','',3,10,'THALES EXTRAIT23062003.doc','00:00:00','00:00:00'),(278,'2003-04-03',NULL,'Réunion du 2003-04-03','','',0,61,'THALES03042003.doc','',3,10,'','00:00:00','00:00:00'),(279,'2003-06-12',NULL,'Réunion du 2003-06-12','','',0,61,'THALES12062003.doc','',3,10,'','00:00:00','00:00:00'),(280,'2003-07-15',NULL,'Réunion du 2003-07-15','','',0,61,'THALES15072003.doc','',3,10,'','00:00:00','00:00:00'),(281,'2003-06-23',NULL,'Réunion du 2003-06-23','','',0,61,'THALES23062003.DOC','',3,10,'','00:00:00','00:00:00'),(282,'2003-02-27',NULL,'Réunion du 2003-02-27','','',0,61,'THALES27022003.doc','',3,10,'','00:00:00','00:00:00'),(283,'2003-04-30',NULL,'Réunion du 2003-04-30','','',0,61,'THALES30042003.doc','',3,10,'','00:00:00','00:00:00'),(284,'2003-03-31',NULL,'Réunion du 2003-03-31','','',0,38,'THALESAIRDEF31032003.do','',3,10,'','00:00:00','00:00:00'),(285,'2003-06-27',NULL,'Réunion du 2003-06-27','','',0,38,'THALESAIRDEFENCE2706200','',3,10,'','00:00:00','00:00:00'),(286,'2003-01-31',NULL,'Réunion du 2003-01-31','','',0,38,'THALESDEF31012003.doc','',3,10,'','00:00:00','00:00:00'),(287,'2003-05-28',NULL,'Réunion du 2003-05-28','','',0,38,'THALESDEFENCE28052003.d','',3,10,'','00:00:00','00:00:00'),(288,'2003-02-26',NULL,'Réunion du 2003-02-26','','',0,38,'THALESDEFENSE26022003.d','',3,10,'','00:00:00','00:00:00'),(289,'2003-06-12',NULL,'Réunion du 2003-06-12','','',0,61,'','',3,10,'THALES_EXTRAIT_120603.doc','00:00:00','00:00:00'),(290,'2003-06-30',NULL,'Réunion du 0000-00-00','','',0,106,'THEVENOT30062003.doc','',3,10,'','00:00:00','00:00:00'),(455,'2003-12-20','08:30:00','avant Noel','tests','paris',0,98,'chaines.xml','',1,0,'','00:00:00','00:00:00'),(292,'2003-05-30',NULL,'Réunion du 2003-05-30','','',0,97,'TRENDMICROAGEX30052003.','',3,10,'','00:00:00','00:00:00'),(293,'2003-05-30',NULL,'Réunion du 2003-05-30','','',0,97,'TRENDMICROAGO30052003.d','',3,10,'','00:00:00','00:00:00'),(294,'2003-06-25',NULL,'Réunion du 2003-06-25','','',0,90,'TV5AG25062003.doc','',3,10,'','00:00:00','00:00:00'),(295,'2003-06-25',NULL,'Réunion du 2003-06-25','','',0,90,'TV5CA25062003.doc','',3,10,'','00:00:00','00:00:00'),(296,'2003-06-13',NULL,'Réunion du 2003-06-13','','',0,18,'USINOR13062003.DOC','',3,10,'','00:00:00','00:00:00'),(297,'2003-06-19',NULL,'Réunion du 2003-06-19','','',0,28,'VAMO19062003.doc','',3,10,'','00:00:00','00:00:00'),(298,'2003-05-22',NULL,'Réunion du 2003-05-22','','',0,28,'VAMO22052003.doc','',3,10,'','00:00:00','00:00:00'),(299,'2003-04-24',NULL,'Réunion du 2003-04-24','','',0,28,'VAMO2404.doc','',3,10,'','00:00:00','00:00:00'),(300,'2003-06-26',NULL,'Réunion du 2003-06-26','','',0,28,'VAMO26062003.doc','',3,10,'','00:00:00','00:00:00'),(301,'2003-02-27',NULL,'Réunion du 2003-02-27','','',0,28,'VAMO27022003.doc','',3,10,'','00:00:00','00:00:00'),(302,'2003-03-27',NULL,'Réunion du 2003-03-27','','',0,28,'VAMO27032003.DOC','',3,10,'','00:00:00','00:00:00'),(303,'2003-08-28',NULL,'Réunion du 2003-08-28','','',0,28,'VAMO28082003.doc','',3,10,'','00:00:00','00:00:00'),(304,'2003-01-03',NULL,'Réunion du 2003-01-03','','',0,28,'VAMO30012003.doc','',3,10,'','00:00:00','00:00:00'),(305,'2003-03-03',NULL,'Réunion du 2003-03-03','','',0,85,'WCAPITAL03032003.doc','',3,10,'','00:00:00','00:00:00'),(306,'2003-02-04',NULL,'Réunion du 2003-02-04','','',0,85,'WCAPITAL04022002.doc','',3,10,'','00:00:00','00:00:00'),(307,'2003-02-04',NULL,'Réunion du 2003-02-04','','',0,85,'WCAPITAL04022003.doc','',3,10,'','00:00:00','00:00:00'),(308,'2003-04-08',NULL,'Réunion du 2003-04-08','','',0,85,'WCAPITAL08042003.doc','',3,10,'','00:00:00','00:00:00'),(309,'2003-03-10',NULL,'Réunion du 2003-03-10','','',0,85,'WCAPITAL10032003.doc','',3,10,'','00:00:00','00:00:00'),(310,'2003-03-17',NULL,'Réunion du 2003-03-17','','',0,85,'WCAPITAL17032003.doc','',3,10,'','00:00:00','00:00:00'),(311,'2003-02-20',NULL,'Réunion du 2003-02-20','','',0,85,'WCAPITAL20022003.doc','',3,10,'','00:00:00','00:00:00'),(312,'2003-03-20',NULL,'Réunion du 2003-03-20','','',0,85,'WCAPITAL20032003.doc','',3,10,'','00:00:00','00:00:00'),(313,'2003-01-16',NULL,'Réunion du 2003-01-16','','',0,85,'WONE16012003.doc','',3,10,'','00:00:00','00:00:00'),(314,'2003-01-16',NULL,'Réunion du 2003-01-16','','',0,85,'WONE16012003CORRIGE.doc','',3,10,'','00:00:00','00:00:00'),(318,'2003-09-29',NULL,'conseil d\'administration du 29-09-2003','','',0,108,'anovo29903.doc','',3,10,'','00:00:00','00:00:00'),(319,'2003-09-25',NULL,'Réunion du 25-09-2003','','',0,60,'colgate_palmolive_cce_ex_25_09_2003.doc','',3,10,'','00:00:00','00:00:00'),(320,'2003-09-25',NULL,'Réunion AM du 25-09-2003','','',0,64,'colgate_palmolive_cce_ex_am_25_09_2003.doc','',3,10,'','00:00:00','00:00:00'),(321,'2003-09-25',NULL,'Réunion AM du 25-09-2003','','',0,60,'colgate_palmolive_cce_ex_am_25_09_2003.doc','',3,10,'','00:00:00','00:00:00'),(322,'2003-09-29',NULL,'Réunion du 29-09-2003','','',0,60,'Colgate_Palmolive_CE_29_09_03.doc','',3,10,'','00:00:00','00:00:00'),(323,'2003-09-18',NULL,'Réunion du 18-09-2003','','',0,55,'couronnaise-chsct-180903.doc','',3,10,'','00:00:00','00:00:00'),(324,'2003-09-26',NULL,'Réunion du 26-09-2003','','',0,19,'EADSCEMY260903.doc','',3,10,'','00:00:00','00:00:00'),(326,'2003-09-30',NULL,'Réunion du 30-09-2003','','',0,104,'F3-CE300903.doc','',3,10,'','00:00:00','00:00:00'),(327,'2003-09-25',NULL,'Réunion du 25-09-2003','','',0,77,'RFI2509.doc','',3,10,'','00:00:00','00:00:00'),(328,'2003-09-24',NULL,'Réunion du 24-09-2003','','',0,25,'RHODIA_240903.doc','',3,10,'','00:00:00','00:00:00'),(329,'2003-09-24',NULL,'Réunion du 24-09-2003','','',0,105,'RMC2409.doc','',3,10,'','00:00:00','00:00:00'),(330,'2003-09-26','09:00:00',' CE 26-09-2003','','LA DEFENSE',0,113,'SG_2609_2003.doc','SG-sy_2609_2003.doc',3,10,'','00:00:00','00:00:00'),(331,'2003-09-05','09:00:00','CE 05-09-2003','','LA DEFENSE',0,31,'SG-CE-050903.doc','SG-sy_0509_2003.doc',3,10,'','00:00:00','00:00:00'),(332,'2003-09-25',NULL,'Réunion du 25-09-2003','','',0,21,'TDF250903.doc','',3,10,'','00:00:00','00:00:00'),(333,'2003-09-25',NULL,'Réunion du 25-09-2003','','',0,21,'TDF250903extrait.doc','',3,10,'','00:00:00','00:00:00'),(334,'2003-09-30','09:00:00','CCE 30-09-2003','','PARIS',0,35,'THA-AV_3009_2003.doc','',3,10,'','00:00:00','00:00:00'),(335,'2003-09-25',NULL,'Réunion du 25-09-2003','','',0,23,'T-MOBILE250903.doc','',3,10,'','00:00:00','00:00:00'),(336,'2003-09-26',NULL,'Réunion du 26-09-2003','','',0,23,'T-mobile26092003.doc','',3,10,'','00:00:00','00:00:00'),(337,'2003-09-25',NULL,'Réunion du 25-09-2003','','',0,28,'vamo250903.doc','',3,10,'','00:00:00','00:00:00'),(378,'2003-11-03','09:00:00','CE','','PARIS',0,64,'SG_031103.doc','',1,5,'sgce-extrait-031103.doc','00:00:00','00:00:00'),(346,'2003-09-25','09:30:00','CCE AIRBUS','','TOULOUSE',0,9,'AIRBUS-CCE250903.doc','',2,0,'','00:00:00','00:00:00'),(350,'2003-09-26','09:00:00','CE','','PARIS',0,36,'EUROCOPTER_2609_2003.doc','',3,10,'','00:00:00','00:00:00'),(377,'2003-11-07','09:00:00','CCU ES','','LA DEFENSE',0,31,'sgccues071103.doc','',2,10,'','00:00:00','00:00:00'),(352,'2003-10-14','09:00:00','CS','','PARIS',0,102,'APC-CS141003.doc','',3,10,'','00:00:00','00:00:00'),(376,'2003-11-04','09:00:00','CE MONTMORENCY','','PARIS',0,19,'EADSCEMY041103.doc','',3,10,'','00:00:00','00:00:00'),(347,'2003-09-18','09:30:00','AVENTIS','','PARIS',0,20,'AVENTIS_1809_2003.doc','',3,0,'','00:00:00','00:00:00'),(348,'2003-09-29','09:00:00','CE','','suresnes',0,19,'EADS_2909_2003.doc','',3,10,'','00:00:00','00:00:00'),(349,'2003-09-30','09:00:00','CMP','','GRAVELINES',0,103,'EDF-CMP_3009_2003.doc','',2,9,'','00:00:00','00:00:00'),(351,'2003-09-24','09:00:00','CE DEFENSES','','PARIS',0,38,'THA-AD_2409_2003.doc','',3,10,'','00:00:00','00:00:00'),(353,'2003-10-13','09:00:00','ARBITRAGE','','PARIS',0,110,'CCI131003.doc','',3,10,'','00:00:00','00:00:00'),(354,'2003-10-09','09:00:00','SEANCE PLENIERE','','PARIS',0,12,'CI-ORTF091003.doc','',3,10,'','00:00:00','00:00:00'),(355,'2003-10-13','09:00:00','CONSEIL SCIENTIFIQUE','','PARIS',0,16,'CNRS13102003.doc','',1,10,'','00:00:00','00:00:00'),(356,'2003-10-17','09:00:00','CCE','','PARIS',0,60,'COLGATECCE171003.doc','',2,10,'','00:00:00','00:00:00'),(357,'2003-10-14','09:00:00','CE','','PARIS',0,33,'CSSI141003.doc','',3,10,'','00:00:00','00:00:00'),(358,'2003-10-21','09:00:00','CCE','','SURESNES',0,19,'EADSCCE211003.doc','EADSCEMYEX221003.doc',1,10,'','00:00:00','00:00:00'),(359,'2003-10-24','09:00:00','CN','','PARIS',0,19,'EADSCN241003.doc','',1,10,'','00:00:00','00:00:00'),(360,'2003-10-31','09:00:00','CE','','SURESNES',0,64,'','',0,0,'','00:00:00','00:00:00'),(361,'2003-10-22','09:00:00','COMMISSION SECONDAIRE','','GRAVELINES',0,103,'EDF-CS221003.doc','',2,10,'','00:00:00','00:00:00'),(362,'2003-10-06','09:00:00','CONFERENCE INTERNATIONALE','','PARIS',0,80,'FIAH061003.doc','',3,10,'','00:00:00','00:00:00'),(363,'2003-10-10','09:00:00','CE SIEGE ET REDACTION NATIONALE','','PARIS',0,104,'FR3_101003.doc','',1,8,'','00:00:00','00:00:00'),(364,'2003-10-24','09:00:00','CEE','','PARIS',0,104,'FR3_241003.doc','',1,8,'','00:00:00','00:00:00'),(365,'2003-10-30','09:00:00','COMITE','','PARIS',0,46,'FRANCEGALOP301003.doc','FranceGalopextrait301003.doc',3,10,'','00:00:00','00:00:00'),(366,'2003-10-21','09:00:00','CA','','PARIS',0,54,'INESC211003.doc','',3,10,'','00:00:00','00:00:00'),(367,'2003-10-23','09:00:00','CE','','PARIS',0,25,'rhodiace231003.doc','',3,10,'','00:00:00','00:00:00'),(368,'2003-10-06','09:00:00','CCEE','','PARIS',0,53,'','SGACCE-EX061003.doc',3,10,'','00:00:00','00:00:00'),(369,'2003-10-22','09:00:00','CCE','','PARIS',0,53,'SGACCE-EX221003.doc','',3,10,'','00:00:00','00:00:00'),(370,'2003-10-29','09:00:00','CCUES','','PARIS',0,31,'SGCCUES29102003.doc','',3,10,'','00:00:00','00:00:00'),(371,'2003-10-23','09:00:00','CE','','ROUEN',0,55,'ShellCE231003.doc','',3,10,'','00:00:00','00:00:00'),(372,'2003-10-03','09:00:00','CE','','ROUEN',0,55,'SHELLCE031003.doc','',2,9,'','00:00:00','00:00:00'),(373,'2003-10-23','14:00:00','CE CONSTITUTIF','','ROUEN',0,55,'SHELL-CE-CONSTITUTIF231003.doc','',2,9,'','00:00:00','00:00:00'),(374,'2003-10-29','09:00:00','CE','','PARIS',0,38,'THAAD291003.doc','',3,10,'','00:00:00','00:00:00'),(375,'2003-10-31','09:00:00','CE','','SURESNES',0,19,'EADSSU311003.doc','',1,10,'','00:00:00','00:00:00'),(379,'2003-11-19','15:00:00','AG','','PARIS',0,111,'TV5-AGE191103.DOC','',0,0,'','00:00:00','00:00:00'),(380,'2003-11-19','16:00:00','CA','','PARIS',0,111,'TV5-CA191103.DOC','',0,0,'','00:00:00','00:00:00'),(381,'2003-11-26','09:00:00','CE','','PARIS',0,38,'','',0,0,'','00:00:00','00:00:00'),(387,'2003-11-06','09:00:00','COMITE CENTRAL DENTREPRISE EXTRAORDINAIRE','','COMPIEGNE',0,60,'COLG061103.doc','',2,4,'','00:00:00','00:00:00'),(386,'2003-10-14','09:00:00','CONSEIL SCIENTIFIQUE','','PARIS',0,16,'CNRS14102003.doc','',1,3,'','00:00:00','00:00:00'),(384,'2003-11-04','09:00:00','works council extraordinary meeting','','STRASBOURG',0,20,'AVENTIS12041103.doc','',3,7,'','00:00:00','00:00:00'),(385,'2003-11-06','09:00:00','CCE extra ( LL)','','PARIS',0,21,'TDF061103.doc','',5,2,'','00:00:00','00:00:00'),(388,'2003-10-13','09:00:00','COMITE DENTREPRISE EXTRAORDINAIRE','','PARIS',0,112,'RMC131003.doc','',4,1,'','00:00:00','00:00:00'),(391,'2003-11-18','14:30:00','CONSEIL DE SURVEILLANCE','','SARCELLES',0,102,'APCcsu181103.doc','',2,3,'','00:00:00','00:00:00'),(392,'2003-11-13','14:00:00','COMITE D\\\'ETABLISSEMENT INTEGRATION DE SYSTEME','','FONTENAY AUX ROSES',0,33,'CSSI131103.doc','',1,4,'','00:00:00','00:00:00'),(393,'2003-11-05','08:30:00','COMITE D\\\'ETABLISSEMENT','','LA COURNEUVE',0,36,'EUR051103.doc','',1,4,'','00:00:00','00:00:00'),(394,'2003-11-12','10:00:00','COMITE DETABLISSEMENT','','PARIS',0,77,'RFI_121103.doc','',1,5,'','00:00:00','00:00:00'),(395,'2003-11-14','09:00:00','COMITE DE GROUPE','','LA DEFENSE',0,31,'sgCG141103.doc','',1,3,'','00:00:00','00:00:00'),(396,'2003-10-10','14:15:00','COMITE DENTREPRISE','','NANTERRE',0,28,'VAMO301003.DOC','',1,8,'','00:00:00','00:00:00'),(397,'2003-10-10','14:15:00','COMITE DENTREPRISE','','NANTERRE',0,28,'','',1,0,'','00:00:00','00:00:00'),(398,'2003-11-03','09:00:00','COMITE DETABLISSEMENT DES SERVICES CENTRAUX PARISIENS','','LA DEFENSE',0,64,'SG_031103.doc','',1,0,'','00:00:00','00:00:00'),(399,'2003-11-04','09:00:00','COMITE DETABLISSEMENT DES SERVICES CENTRAUX PARISIENS','','LA DEFENSE',0,64,'SG_041103.doc','',2,0,'','00:00:00','00:00:00'),(400,'2003-11-05','14:00:00','COMITE CENTRAL DENTREPRISE REUNION EXTRAORDINAIRE','','CONFLANS',0,53,'SGACCEEX051103.doc','',1,0,'','00:00:00','00:00:00'),(401,'2003-10-23','09:00:00','COMITE D\\\'ENTREPRISE','','ROUEN',0,55,'','',3,0,'shellcommission restaurant.doc','00:00:00','00:00:00'),(402,'2003-11-13','14:00:00','CCE','','TOULOUSE',0,9,'AIRBUS131103.doc','',3,0,'','00:00:00','00:00:00'),(404,'2003-11-17','09:00:00','CE','','PARIS',0,16,'','',3,0,'','00:00:00','00:00:00'),(411,'2003-11-25','14:00:00','CE','','AUBERVILIERS',0,25,'Rhodia.251103.doc','',3,0,'','00:00:00','00:00:00'),(406,'2003-11-19','10:00:00','CE','','PARIS',0,100,'FNSEM191103.DOC','',3,0,'','00:00:00','00:00:00'),(407,'2003-11-21','09:00:00','CE','','PARIS',0,90,'FTV_211103.doc','',3,0,'','00:00:00','00:00:00'),(408,'2003-11-24','15:00:00','CA','','PARIS',0,69,'CFI_241103.doc','',3,0,'','00:00:00','00:00:00'),(409,'2003-11-25','09:00:00','CE','','PARIS',0,104,'FR3 251103.doc','',3,0,'','00:00:00','00:00:00'),(410,'2003-11-26','14:30:00','CE','','LA COURNEUVE',0,36,'eurocopter26.11.03.doc','',3,0,'','00:00:00','00:00:00'),(412,'2003-11-27','14:00:00','CE','','NANTERRE',0,28,'EXCEL_271103.doc','',2,0,'','00:00:00','00:00:00'),(413,'2003-11-27','14:00:00','CCEEX','','CONFLANS',0,53,'SGA-CCEEX271103.DOC','',3,0,'','00:00:00','00:00:00'),(414,'2003-11-27','15:30:00','CCE','','PARIS',0,19,'','',3,0,'','00:00:00','00:00:00'),(415,'2003-11-28','09:30:00','CESU','','SURESNES',0,19,'','',5,0,'','00:00:00','00:00:00'),(416,'2003-11-28','10:30:00','CE','','PARIS',0,112,'','',1,0,'','00:00:00','00:00:00'),(417,'2003-12-02','08:00:00','CE','','PETIT COURONNE',0,55,'','',2,3,'','00:00:00','00:00:00'),(418,'2003-12-02','09:30:00','CEMY','','PARIS',0,19,'','',3,0,'','00:00:00','00:00:00'),(419,'2003-12-03','09:00:00','CE','','LA DEFENSE',0,31,'','',2,0,'','00:00:00','00:00:00'),(420,'2003-12-04','09:30:00','CE (J)','','PARIS',0,77,'','',3,0,'','00:00:00','00:00:00'),(421,'2003-12-09','14:30:00','CS','','SARCELLES',0,102,'','',3,0,'','00:00:00','00:00:00'),(422,'2003-12-10','10:00:00','AGE','','PARIS',0,72,'','',3,0,'','00:00:00','00:00:00'),(423,'2003-12-10','10:00:00','CG (J)','Réunion prévue le 17/12 avancée au 10/12','NOVOTEL SEVRES',0,25,'','',3,0,'','00:00:00','00:00:00'),(424,'2003-12-10','14:00:00','CCEEX','','CONFLANS',0,53,'','',3,0,'','00:00:00','00:00:00'),(425,'2003-12-11','09:45:00','CE','lAURENCE GERMAIN\r\nRestitution sous 8 jours','PARIS',0,52,'','',3,0,'','00:00:00','00:00:00'),(426,'2003-12-11','09:00:00','CMP','','GRAVELINES',0,103,'','',2,0,'','00:00:00','00:00:00'),(427,'2003-12-11','08:00:00','CHS-CT','','PETIT COURONNE',0,55,'','',4,1,'','00:00:00','00:00:00'),(428,'2003-12-11','09:00:00','CCE','CONTACT DANS LA SOCIETE Elise DELBECQ','MEAULTE',0,9,'','',4,0,'','00:00:00','00:00:00'),(429,'2003-12-11','14:30:00','CCE','','PARIS',0,19,'','',3,0,'','00:00:00','00:00:00'),(430,'2003-12-15','09:30:00','CCE','','MASSY',0,61,'','',1,0,'','00:00:00','00:00:00'),(458,'2003-12-15','09:30:00','CE','','PARIS',0,99,'','',3,0,'','00:00:00','00:00:00'),(432,'2003-12-15','18:00:00','CA','','PARIS',0,114,'','',5,0,'','00:00:00','00:00:00'),(459,'2003-12-16','14:00:00','CCE EX','','PARIS',0,53,'','',2,0,'','00:00:00','00:00:00'),(434,'2003-12-17','09:00:00','CS','','GRAVELINES',0,103,'','',2,0,'','00:00:00','00:00:00'),(435,'2003-12-17','14:15:00','CE','','NANTERRE',0,28,'','',1,0,'','00:00:00','00:00:00'),(436,'2003-12-17','10:00:00','CA','','PARIS',0,100,'','',1,0,'','00:00:00','00:00:00'),(437,'2003-12-17','10:30:00','CA','','PARIS',0,54,'','',5,0,'','00:00:00','00:00:00'),(438,'2003-12-18','09:00:00','CE','','PARIS',0,36,'','',3,0,'','00:00:00','00:00:00'),(439,'2003-12-18','14:00:00','CE','','AYBERVILIERS',0,25,'','',3,0,'','00:00:00','00:00:00'),(440,'2003-12-18','09:00:00','CS','','GRAVELINES',0,103,'','',3,0,'','00:00:00','00:00:00'),(441,'2003-12-18','09:00:00','CE','','PARIS',0,46,'','',4,0,'','00:00:00','00:00:00'),(442,'2003-12-19','09:00:00','CE','','LA DEFENSE',0,31,'','',1,0,'','00:00:00','00:00:00'),(443,'2003-12-19','08:00:00','CE','','PETIT COURONNE',0,55,'','',2,3,'','00:00:00','00:00:00'),(444,'2003-12-19','09:00:00','CEMY','','PARIS',0,19,'','',5,0,'','00:00:00','00:00:00'),(445,'2003-11-08','08:30:00','test bidon','','sevres',0,98,'compo_fd.jpg','',1,0,'','00:00:00','00:00:00'),(448,'2003-12-03','10:00:00','Assemblée Générale Sté SANOFI','Affaire traitée par Me SEBBAN\r\nRV à 9h50 devant la société','Nanterre',0,115,'','',5,0,'','00:00:00','00:00:00'),(460,'2003-12-16','14:00:00','CTP','','PARIS',0,54,'','',3,0,'','00:00:00','00:00:00'),(461,'2003-12-16','18:00:00','AM','',' LA DEFENSE',0,117,'','',3,0,'','00:00:00','00:00:00'),(450,'2003-12-05','09:30:00','CE SU','Salle 2A-210 (DCR/MP)','SURESNES',0,22,'','',5,0,'','00:00:00','00:00:00'),(451,'2003-12-08','14:00:00','CCE EXTRA','','COURBEVOIE',0,60,'colgate081203.rtf','',5,0,'','00:00:00','00:00:00'),(452,'2003-12-08','18:30:00','CONFERENCE PAÎS','Pavillon Kléber - 7 rue Cimarosa - 75116 PARIS','PARIS',0,116,'','',1,0,'','00:00:00','00:00:00'),(453,'2003-12-09','10:00:00','CCE EXTRA','','conflans sainte honorine',0,53,'','',1,0,'','00:00:00','00:00:00'),(454,'2003-12-09','14:00:00','CCE ORD','','CONFLANS SAINTE HONORINE',0,53,'','',1,0,'','00:00:00','00:00:00'),(456,'2003-12-11','09:30:00','CE','','PARIS',0,77,'','',5,0,'','00:00:00','00:00:00'),(457,'2003-12-11','10:00:00','CE','','PARIS',0,75,'','',3,0,'','00:00:00','00:00:00'),(462,'2003-12-16','08:30:00','CCE EX','','PARIS',0,118,'','',3,0,'','00:00:00','00:00:00'),(463,'2003-12-17','09:00:00','CE','','PARIS',0,21,'','',1,0,'','00:00:00','00:00:00'),(464,'2003-12-18','09:00:00','CE','','CONFLANS SAINTE HONORINE',0,38,'','',3,0,'','00:00:00','00:00:00'),(465,'2003-12-19','10:00:00','CE','','PARIS',0,104,'','',3,0,'','00:00:00','00:00:00'),(466,'2003-12-19','10:00:00','CCE','','PARIS',0,60,'','',3,0,'','00:00:00','00:00:00'),(467,'2003-12-19','09:00:00','CE','','PARIS',0,77,'','',3,0,'','00:00:00','00:00:00'),(468,'2003-11-21','09:00:00','CE','','PARIS',0,119,'IAI211103.doc','',3,0,'','00:00:00','00:00:00');
UNLOCK TABLES;
/*!40000 ALTER TABLE calendrier ENABLE KEYS */;

--
-- Dumping data for table `diary`
--


/*!40000 ALTER TABLE diary DISABLE KEYS */;
LOCK TABLES diary WRITE;
INSERT INTO diary (dy_index, dy_date, dy_time, dy_length, dy_object, dy_description, dy_place, dy_document, mbr_index) VALUES (1,'2004-03-17','09:00:00','01:00:00','La Sphère','Présentation projet Prisme','Puteaux','none',1),(2,'2004-03-25','09:00:00','00:15:00','Concours général','','Paris','',4);
UNLOCK TABLES;
/*!40000 ALTER TABLE diary ENABLE KEYS */;

--
-- Dumping data for table `dictionary`
--


/*!40000 ALTER TABLE dictionary DISABLE KEYS */;
LOCK TABLES dictionary WRITE;
INSERT INTO dictionary (di_index, di_fr_short, di_fr_long, di_en_short, di_en_long) VALUES ('accueil','Accueil','','',''),('articles','Communiqués','Communiqués','',''),('catalog','Catalogue','','',''),('contacts','Contacts','','',''),('agenda','Agenda','','',''),('news','News','','',''),('forum','Forum','','',''),('newsltr','Newsletter','','',''),('pqn','Pqn','','',''),('recherch','Recherche','','',''),('telechar','Téléchargement','','',''),('principa','Menu principal','','',''),('members','Accès membres','Gérez votre profil membre','',''),('divers','Divers','','',''),('stats','Statistiques','','',''),('prestat','Prestations','','',''),('anao','Anao','','',''),('produit','Produits','','',''),('referenc','Références','','',''),('artcomp','Article complet','','',''),('agendet','Detail du Jour','','',''),('divdet','Détail Divers','','',''),('pqr','Pqr','','',''),('photos','Photos','','',''),('presse','Presse','','',''),('hebdo','Hebdo','','',''),('ed_membe','Profil','Données de votre profil membre','',''),('titres','Titres','','',''),('modadmin','Module d\'administration','Module d\'administration du portail','',''),('applis','Applications','Gestionnaire d\'applications','',''),('adm_user','Utilisateurs','Gestion des utilisateurs','',''),('adm_nslt','Newsletter','Edition de la Newsletter','',''),('adm_news','News','Gestion des news','',''),('adm_item','Articles','Gestion des Articles','',''),('adm_diar','Agenda','Gestion des Evenements','',''),('adm_appl','Applications','Gestion des applications','',''),('adm_stat','Statistiques','Edition des statistiques','',''),('newslett','Newsletter','Liste des newsletter','',''),('ed_newsl','Editer','Editer newsletter','',''),('nuance','Relations Presse','Gestion des relations Presse','',''),('liens','Links','','',''),('prisme','Prisme','PriSme','',''),('lfournis','Fournisseurs','Fournisseurs','',''),('prodcop','Copieurs','Copieurs','',''),('plancop','Planning','Planning Copieurs','',''),('prodto','Toner','Toner','',''),('bescop','Besoins','Besoins Copieurs','',''),('comcop','Commandes','Commandes Copieurs','',''),('beston','Besoins','Besoins Toner','',''),('comton','Commandes','Commandes Toner','',''),('planton','Planning','Planning Toner','',''),('dbescop','Besoins','Besoins Copieurs','',''),('dbeston','Besoins','Besoins Toner','',''),('dcomcop','Commandes','Commandes Copieurs','',''),('dcomton','Commandes','Commandes Toner','',''),('artcop','Articles','Articles Copieurs','',''),('artton','Articles','Articles Toner','',''),('dartcop','Articles','Articles Copieurs','',''),('dartton','Articles','Articles Toner','',''),('lexped','Expéditions','Expéditions','',''),('lrecept','Réceptions','Réceptions','',''),('lcomma','Commandes','Commandes','',''),('consicop','Consignations','Consignations Copieurs','',''),('consiton','Consignations','Consignations Toner','',''),('dconsico','Consignations','Consignations Copieurs','',''),('dconsito','Consignations','Consignations Toner','',''),('fladm','Flux Admin','Flux Admin','',''),('diary','Agenda','Evenements','',''),('bescop8','Besoins 8s','Besoins copieurs 8 semaines','',''),('beston8','Besoins 8s','Besoins Toner 8 semaines','',''),('fiche_fo','Fiche','Fiche Fournisseur','',''),('blocks','Blocks','Liste des blocks','',''),('import','Import','Importation','',''),('importf','Importation Fournisseur','Importation Fournisseur','','');
UNLOCK TABLES;
/*!40000 ALTER TABLE dictionary ENABLE KEYS */;

--
-- Dumping data for table `groups`
--


/*!40000 ALTER TABLE groups DISABLE KEYS */;
LOCK TABLES groups WRITE;
INSERT INTO groups (grp_group, grp_members_priv, grp_menu_priv, grp_page_priv, grp_news_priv, grp_items_priv, grp_customers_priv, grp_products_priv, grp_calendar_priv, grp_newsletter_priv, grp_forum_priv) VALUES ('user','N','N','N','N','N','N','N','Y','N','N'),('administrator','Y','Y','Y','Y','Y','Y','Y','Y','Y','Y'),('operator','N','Y','Y','Y','Y','N','N','N','Y','N'),('manager','N','N','N','N','N','Y','Y','Y','Y','N'),('moderator','N','N','N','N','N','N','N','N','N','Y');
UNLOCK TABLES;
/*!40000 ALTER TABLE groups ENABLE KEYS */;

--
-- Dumping data for table `members`
--


/*!40000 ALTER TABLE members DISABLE KEYS */;
LOCK TABLES members WRITE;
INSERT INTO members (mbr_index, mbr_nom, mbr_prenom, mbr_adr1, mbr_adr2, cp_index, mbr_ville, mbr_pays, mbr_email, mbr_ident, mbr_mpasse, grp_group) VALUES (55,'Utilisateur','','Pas d\'adresse','',75001,'','','','user1','user1','user'),(103,'Christophe','','St Nicolas d\'Alliermont','',76510,'','','temeca@club-internet.fr','temeca','tem103','user'),(54,'Administrateur','','','',92000,'','','webmaster@anao.fr','admin','admin','administrator'),(56,'Opérateur de saisie','','Pas d\'adresse','',75001,'','','','op1','op1','operator'),(57,'Commercial','','Pas d\'adresse','',75001,'','','','sales1','sales1','manager'),(58,'Modérateur','','Pas d\'adresse','',75001,'','','','mod1','mod1','moderator'),(1,'Direction','','Pas d\'adresse','',75001,'','','averna@toshiba-teis.fr','TOSHIBA','BASHITO','user'),(101,'CONTAT','','Pas d\'adresse','',75001,'','','pylb-contat@wanadoo.fr','CONTAT','CONT101','user'),(102,'Cyrille','','Pas d\'adresse','',75001,'','','pylb-desjardins@wanadoo.fr','DESJARDINS','DESJ102','user'),(4,'LE BIHAN','','Pas d\'adresse','',75001,'','','pylb@wanadoo.fr','PYLB','PYLB04','administrator'),(5,'Poulain','','Pas d\'adresse','',75001,'','','OPOULAIN@toshiba-teis.com','ODILE','ODIL05','user'),(6,'Frederic','','Pas d\'adresse','',75001,'','','ftanne@toshiba-teis.com','FRED','FRED06','user'),(7,'René','','Pas d\'adresse','',75001,'','','pylb@wanadoo.fr','RENE','RENE007','administrator'),(8,'ROUVIN','','Pas d\'adresse','',75001,'','','coupures@wanadoo.fr','CARO','CARO08','user'),(9,'ROUSSEL','','Pas d\'adresse','',75001,'','','droussel@toshiba-teis.com','DANIEL','DANI09','user'),(10,'BOUTIN','','Pas d\'adresse','',75001,'','','fboutin@toshiba-teis.com','FRANCIS','FRANC010','user'),(11,'MARION','','Pas d\'adresse','',75001,'','','jfmarion@toshiba-teis.com','JFM','JFM011','user'),(12,'RUMEAU','','Pas d\'adresse','',75001,'','','trumeau@toshiba-teis.com','THIERRY','THIE012','user'),(13,'MARCHAND','','Pas d\'adresse','',75001,'','','tmarchand@toshiba-teis.com','THERESE','THER013','user'),(14,'VERNA','','Pas d\'adresse','',75001,'','','averna@toshiba-teis.com','ALAIN','ALA014','user'),(15,'ANTOINE','','Pas d\'adresse','',75001,'','','marc.antoine@icam.fr','ICAM','ICAM015','user'),(16,'ARZUL','','Pas d\'adresse','',75001,'','','rarzul@toshiba-teis.com','ROLAND','ROL016','user'),(17,'COURTOIS','','Pas d\'adresse','',75001,'','','ecourtois@toshiba-teis.com','ERIC','ERI017','user'),(18,'DELATTRE','','Pas d\'adresse','',75001,'','','adelattre@toshiba-teis.com','ARNAUD','ARN018','user'),(19,'DELFOUR','','Pas d\'adresse','',75001,'','','ldelfour@toshiba-teis.com','LAURENT','LAUR019','user'),(20,'FOLLET','','Pas d\'adresse','',75001,'','','pfollet@toshiba-teis.com','PHILIPPE','PHIL020','user'),(21,'LANGEVIN','','Pas d\'adresse','',75001,'','','flangevin@toshiba-teis.com','FABRICE','FAB021','user'),(22,'MARTINA','','Pas d\'adresse','',75001,'','','rmartina@toshiba-teis.com','RAPHAEL','RAPH022','user'),(23,'MENDES','','Pas d\'adresse','',75001,'','','pmendes@toshiba-teis.com','PASCAL','PAS023','user'),(24,'PERRIER','','Pas d\'adresse','',75001,'','','cperrier@toshiba-teis.com','CYRIL','CYR024','user'),(25,'QUILAN','','Pas d\'adresse','',75001,'','','dquilan@toshiba-teis.com','DIDIER','DID025','user'),(26,'MATHELIN','','Pas d\'adresse','',75001,'','','hmathelin@toshiba-teis.com','HUBERT','HUB026','user'),(104,'THLP','','-','',75001,'','','','THLP','THLP104','user'),(105,'TTEC','','-','',75001,'','','','TTEC','TTEC105','user');
UNLOCK TABLES;
/*!40000 ALTER TABLE members ENABLE KEYS */;

--
-- Dumping data for table `menus`
--


/*!40000 ALTER TABLE menus DISABLE KEYS */;
LOCK TABLES menus WRITE;
INSERT INTO menus (me_index, me_level, me_target, pa_index, bl_index, di_index, grp_group) VALUES (1,'1','page',1,10,'accueil','user'),(10,'2','page',10,10,'articles','user'),(102,'2','page',102,40,'lfournis','user'),(50,'1','page',50,10,'news','user'),(60,'0','page',60,0,'forum','user'),(35,'0','page',35,0,'newsltr','administrator'),(302,'2','page',302,75,'beston','user'),(90,'0','page',90,0,'recherch','user'),(85,'0','page',85,0,'telechar','user'),(402,'2','page',402,40,'lcomma','user'),(204,'2','page',204,50,'comcop','user'),(201,'2','page',201,50,'plancop','user'),(42,'0','page',42,0,'diary','user'),(12,'0','page',12,0,'divers','user'),(121,'0','page',121,0,'divdet','user'),(202,'2','page',202,50,'bescop','user'),(2,'2','page',2,10,'applis','administrator'),(15,'0','page',15,0,'members','user'),(16,'0','page',16,0,'ed_membe','user'),(110,'0','page',110,0,'artcomp','user'),(9000,'9','page',9000,0,'adm_user','administrator'),(9010,'9','page',9010,0,'adm_nslt','administrator'),(9020,'9','page',9020,0,'adm_news','administrator'),(9030,'9','page',9030,0,'adm_item','administrator'),(9040,'9','page',9040,0,'adm_diar','administrator'),(9050,'9','page',9050,0,'adm_appl','administrator'),(9060,'9','page',9060,0,'adm_stat','administrator'),(301,'2','page',301,75,'planton','user'),(304,'2','page',304,75,'comton','user'),(2022,'0','page',2022,0,'dbescop','user'),(2023,'0','page',2023,0,'dbeston','user'),(2024,'0','page',2024,0,'dcomcop','user'),(2025,'0','page',2025,0,'dcomton','user'),(305,'2','page',305,50,'artcop','user'),(306,'2','page',306,75,'artton','user'),(2305,'0','page',2305,0,'dartcop','user'),(2306,'0','page',2306,0,'dartton','user'),(400,'2','page',400,40,'lexped','user'),(401,'2','page',401,40,'lrecept','user'),(307,'2','page',307,50,'consicop','user'),(308,'2','page',308,75,'consiton','user'),(2307,'0','page',2307,0,'dconsico','user'),(2308,'0','page',2308,0,'dconsito','user'),(501,'2','page',501,50,'bescop8','user'),(502,'2','page',502,75,'beston8','user'),(103,'0','page',103,0,'fiche_fo','user'),(9061,'0','page',9061,0,'blocks','user'),(56,'0','page',56,0,'importf','user'),(55,'2','page',55,10,'import','user');
UNLOCK TABLES;
/*!40000 ALTER TABLE menus ENABLE KEYS */;

--
-- Dumping data for table `news`
--


/*!40000 ALTER TABLE news DISABLE KEYS */;
LOCK TABLES news WRITE;
INSERT INTO news (nw_index, nw_title, nw_author, nw_description, nw_picture, nw_date, nw_time) VALUES (1,'Le portail nouveau est arrivé','Webmaster','<br><center>Le portail @nao ouvre ses portes. <br>Découvrez ses avantages sans plus attendre.</center>','diffusion-controle_com.jpg','2003-12-08','12:00:00'),(4,'Toshiba - (Réorganisation)','-','Toshiba vient de réorganiser ses activités autour de 4 pôles autonomes, tout en mettant en place des mesures concrètes pour affronter les compétitions du 3ème millénaire, et se positionner ainsi comme l\'un des principaux leaders sur le marché du numérique.','toshiba.gif','2002-12-08','12:00:00'),(3,'Prisme','Webmaster','Enfin il est envisageable dassocier sur le serveur Prisme une fonction simplifiée de Gestion Electronique de Documents (GED) reposant en particulier sur la mise en ligne des documents internes Fournisseur daction corrective liés aux problèmes de performance Qualité et Livraison.','investir.jpg','2003-12-11','12:00:00'),(5,'Studio550','--','19/9/2003 : e-STUDIO550 : meilleur copieur-imprimante de sa classe !!!\r\nLe prix BERTL du « Meilleur Copieur-imprimante numérique en 51-60 cpm » pour lannée 2003\r\na été décerné au Toshiba e-STUDIO550','NEWS_LOGO_AWARD.jpg','2003-09-19','12:00:00');
UNLOCK TABLES;
/*!40000 ALTER TABLE news ENABLE KEYS */;

--
-- Dumping data for table `newsletter`
--


/*!40000 ALTER TABLE newsletter DISABLE KEYS */;
LOCK TABLES newsletter WRITE;
INSERT INTO newsletter (nl_index, nl_title, nl_author, nl_header, nl_image, nl_comment, nl_body, nl_links, nl_footer, nl_file, nl_date, nl_time) VALUES (1,'Le portail @nao','Le webmaster','Le portail nouveau est arrivé cette semaine','anao_ss.jpg','Le portail @nao en action','@nao annonce l\'ouverture de son site pour le développement de solutions d\'entreprises en intranet sous la forme d\'un portail modulaire très simple à maintenir et efficace d\'utilisation.','http://www.anao.fr, http://www.anao.fr/anao/','@nao vous souhaite la bienvenue et espère vous compter bientôt parmis ses clients pour vous faire profiter de son expérience.','','2004-01-16','00:00:00'),(2,'voeux 2004','','test avec copie de page Palm','','','<!DOCTYPE HTML PUBLIC \"-//W3C//DTD HTML 4.0 Transitional//EN\">\r\n<HTML><HEAD><TITLE>Happy New Year from Palm Digital Media - January 13, 2004</TITLE>\r\n<STYLE type=text/css>\r\n<!--\r\nbody {COLOR: black; BACKGROUND-COLOR: white; FONT: Verdana, Arial, Helvetica, sans-serif; MARGIN: 0px}\r\n.copy {FONT: 75% Verdana, Arial, Helvetica, sans-serif}\r\n.copy_left {FONT: 70% Verdana, Arial, Helvetica, sans-serif}\r\nA:link {COLOR: #003399}\r\nA:hover {COLOR: #666666}\r\nA:visited {COLOR: #666666}\r\nA:active {COLOR: #003399}\r\n.subheader {FONT-SIZE: 95%; COLOR: #666666}\r\n.heading1, a.heading1, a.heading1:visited {FONT-WEIGHT: bold; FONT-SIZE: 120%; COLOR: #cc3300}\r\n.heading2, a.heading2, a.heading2:visited {FONT-WEIGHT: bold; COLOR: #cc3300}\r\n.footer {COLOR: #666666; FONT-SIZE: 9px}\r\n.heading {BACKGROUND-COLOR: #666666; COLOR: #EEEEEE}\r\n.maintitle {FONT-SIZE: 100%; FONT-WEIGHT: bold; COLOR: #efefe4; PADDING: 2px; FLOAT: left}\r\n.current-date {FONT-SIZE: 88%; COLOR: #DDDDDD; BACKGROUND-COLOR: #666666; TEXT-ALIGN: right; VERTICAL-ALIGN: bottom; PADDING: 3px}\r\n.title {FONT-WEIGHT: bold; COLOR: #039! important}\r\n.subtitle {COLOR: #039}\r\n.categorytitle {FONT-SIZE: 17px; BACKGROUND-COLOR: #efefef; BACKGROUND-IMAGE: url(http://images.palmgear.com/external/psi/04_0113/bg_graybarfill.gif); COLOR: #039; FONT-WEIGHT: bold; PADDING: 2px; BORDER: 1px solid #BBB}\r\n.dotted {BORDER-BOTTOM: 1px dotted #003399; PADDING: 2px}\r\n.small {FONT-SIZE: 80%}\r\n.smaller {FONT-SIZE: 95%}\r\n.large {FONT-SIZE: 100%}\r\n.left {FONT-SIZE: 120%}\r\n.right {FONT-SIZE: 80%}\r\n.alert {COLOR: #990000}\r\n.price {COLOR: #990000; FONT-WEIGHT: bold}\r\n.border {BORDER: 1px solid #999999}\r\n.box {BORDER: 1px solid #BBB; padding: 7px 4px}\r\n.box_border {BORDER: 1px solid #BBB}\r\n.left_title {FONT-SIZE: 13px; BACKGROUND-COLOR: #efefef; BACKGROUND-IMAGE: url(http://images.palmgear.com/external/psi/04_0113/bg_graybarfill.gif); COLOR: #039; FONT-WEIGHT: bold; PADDING: 2px; BORDER-TOP: 1px solid #BBB; BORDER-RIGHT: 1px solid #BBB; BORDER-LEFT: 1px solid #BBB}\r\n.linethru {text-decoration: line-through; FONT-SIZE: smaller}\r\na.author, a.author:visited {text-decoration: none; color: #000000}\r\na.author:hover {color: #000000; text-decoration: underline}\r\n.left_subtitle {FONT-SIZE: 13px; BACKGROUND-COLOR: #7DA6D5; COLOR: #FFF; FONT-WEIGHT: bold; PADDING: 2px}\r\n-->\r\n</STYLE>\r\n\r\n<META http-equiv=Content-Type content=\"text/html; charset=us-ascii\">\r\n<META content=\"MSHTML 6.00.2800.1276\" name=GENERATOR></HEAD>\r\n<BODY bgColor=#ffffff leftMargin=0 topMargin=0 marginheight=\"0\" marginwidth=\"0\">\r\n<DIV>&nbsp;</DIV>\r\n<DIV class=OutlookMessageHeader dir=ltr align=left><FONT face=Tahoma \r\nsize=2>-----Message d\'origine-----<BR><B>De&nbsp;:</B> PalmSource, Inc. \r\n[mailto:reply-21@palmpowered.com]<BR><B>Envoy&eacute;&nbsp;:</B> mercredi 14 janvier \r\n2004 22:33<BR><B>&Agrave;&nbsp;:</B> pylb@anao.fr<BR><B>Objet&nbsp;:</B> Happy New Year \r\nfrom Palm Digital Media - January 13, 2004<BR><BR></FONT></DIV>\r\n<TABLE height=\"100%\" cellSpacing=0 cellPadding=0 width=\"100%\" border=0>\r\n  <TBODY>\r\n  <TR>\r\n    <TD width=\"40%\" bgColor=#486595>&nbsp;</TD>\r\n    <TD vAlign=top width=700><!-- start content -->\r\n      <TABLE cellSpacing=0 cellPadding=0 width=700 border=0>\r\n        <TBODY>\r\n        <TR>\r\n          <TD width=186><A \r\n            href=\"http://palmpowered.com/c.html?rtr=on&amp;s=3,io,l,cyme,e50u,4m6c,imd4\"><IMG \r\n            height=43 alt=\"Palm Digital Media\" \r\n            src=\"http://images.palmgear.com/external/psi/04_0113/t_pdm_logo1.gif\" \r\n            width=186 border=0 NOSEND=\"1\"></A></TD>\r\n          <TD width=328><IMG height=43 alt=\"Have you read an eBook lately?\" \r\n            src=\"http://images.palmgear.com/external/psi/04_0113/t_title_center1.gif\" \r\n            width=328 NOSEND=\"1\"></TD>\r\n          <TD width=186><IMG height=43 \r\n            src=\"http://images.palmgear.com/external/psi/04_0113/blank.gif\" \r\n            width=186 NOSEND=\"1\"></TD></TR>\r\n        <FORM action=http://www.palmdigitalmedia.com/search method=get>\r\n        <TR>\r\n          <TD><A \r\n            href=\"http://palmpowered.com/c.html?rtr=on&amp;s=3,io,l,cyme,e50u,4m6c,imd4\"><IMG \r\n            height=41 alt=\"Palm Digital Media\" \r\n            src=\"http://images.palmgear.com/external/psi/04_0113/t_pdm_logo2.gif\" \r\n            width=186 border=0 NOSEND=\"1\"></A></TD>\r\n          <TD><IMG height=41 alt=\"Have you read an eBook lately?\" \r\n            src=\"http://images.palmgear.com/external/psi/04_0113/t_title_center2.gif\" \r\n            width=328 NOSEND=\"1\"></TD>\r\n          <TD align=middle \r\n          background=http://images.palmgear.com/external/psi/04_0113/t_bottom_right.gif \r\n          rowSpan=3><BR><INPUT size=14 value=Search name=keywords> <INPUT \r\n            type=image \r\n            src=\"http://images.palmgear.com/external/psi/04_0113/go.gif\" \r\n            align=absMiddle value=Go border=0><BR><FONT \r\n            face=\"Verdana, Arial, Helvetica, sans-serif\" size=1><A \r\n            href=\"http://palmpowered.com/c.html?rtr=on&amp;s=3,io,l,hnd4,ev68,4m6c,imd4\">advanced \r\n            search</A>&nbsp;&nbsp;&nbsp;&nbsp;&nbsp;&nbsp;</FONT> </TD></TR></FORM>\r\n        <TR>\r\n          <TD \r\n          background=http://images.palmgear.com/external/psi/04_0113/bg_graybar.gif><IMG \r\n            height=19 \r\n            src=\"http://images.palmgear.com/external/psi/04_0113/bg_graybar.gif\" \r\n            width=20 NOSEND=\"1\"></TD>\r\n          <TD align=middle \r\n          background=http://images.palmgear.com/external/psi/04_0113/bg_graybar.gif><FONT \r\n            face=\"Verdana, Arial, Helvetica, sans-serif\" size=1>January 13, \r\n            2004</FONT></TD></TR>\r\n        <TR>\r\n          <TD \r\n          background=http://images.palmgear.com/external/psi/04_0113/bg_yellowbar.gif><IMG \r\n            src=\"http://images.palmgear.com/external/psi/04_0113/bg_yellowbar.gif\" \r\n            NOSEND=\"1\"></TD>\r\n          <TD \r\n          background=http://images.palmgear.com/external/psi/04_0113/bg_yellowbar.gif></TD></TR></TBODY></TABLE>\r\n      <TABLE cellSpacing=0 cellPadding=0 width=700 border=0>\r\n        <TBODY>\r\n        <TR>\r\n          <TD class=copy_left vAlign=top width=186><IMG height=24 \r\n            alt=\"Visit our online features\" \r\n            src=\"http://images.palmgear.com/external/psi/04_0113/title_left.gif\" \r\n            width=186 NOSEND=\"1\"><BR><A \r\n            href=\"http://palmpowered.com/c.html?rtr=on&amp;s=3,io,l,8dso,bwhe,4m6c,imd4\"><IMG \r\n            height=75 alt=\"New Arrivals\" \r\n            src=\"http://images.palmgear.com/external/psi/04_0113/bt_left_newarrivals.gif\" \r\n            width=186 border=0 NOSEND=\"1\"></A><BR><A \r\n            href=\"http://palmpowered.com/c.html?rtr=on&amp;s=3,io,l,albb,hyuk,4m6c,imd4\"><IMG \r\n            height=75 alt=\"Recently Reduced\" \r\n            src=\"http://images.palmgear.com/external/psi/04_0113/bt_left_recentlyreduced.gif\" \r\n            width=186 border=0 NOSEND=\"1\"></A><BR><A \r\n            href=\"http://palmpowered.com/c.html?rtr=on&amp;s=3,io,l,6f1c,lo4y,4m6c,imd4\"><IMG \r\n            height=90 alt=\"Featured Category\" \r\n            src=\"http://images.palmgear.com/external/psi/04_0113/bt_left_fc_newyearsres.gif\" \r\n            width=186 border=0 NOSEND=\"1\"></A><BR><BR><BR>\r\n            <TABLE cellSpacing=0 cellPadding=0 width=178 align=right border=0>\r\n              <TBODY>\r\n              <TR>\r\n                <TD class=copy_left vAlign=top align=middle>\r\n                  <DIV class=left_title align=center>What We\'re<BR>Reading \r\n                  Now</DIV>\r\n                  <TABLE class=box_border cellSpacing=5 cellPadding=0 \r\n                  width=\"100%\" bgColor=#e5f1ff border=0>\r\n                    <TBODY>\r\n                    <TR class=copy_left>\r\n                      <TD align=middle><BR>\r\n                        <DIV class=left_subtitle>Mystery &amp; Thrillers</DIV>\r\n                        <TABLE class=small cellSpacing=5 cellPadding=0 \r\n                        width=\"100%\" border=0>\r\n                          <TBODY>\r\n                          <TR vAlign=top align=middle>\r\n                            <TD width=\"50%\"><A \r\n                              href=\"http://palmpowered.com/c.html?rtr=on&amp;s=3,io,l,kx5z,7f6v,4m6c,imd4\"><IMG \r\n                              class=border height=70 alt=\"The Codex\" \r\n                              src=\"http://images.palmgear.com/external/psi/04_0113/cover_l01.jpg\" \r\n                              border=0 NOSEND=\"1\"><BR>The Codex</A> </TD>\r\n                            <TD><A \r\n                              href=\"http://palmpowered.com/c.html?rtr=on&amp;s=3,io,l,dpu7,ggup,4m6c,imd4\"><IMG \r\n                              class=border height=70 alt=Pompeii \r\n                              src=\"http://images.palmgear.com/external/psi/04_0113/cover_l02.jpg\" \r\n                              border=0 NOSEND=\"1\"><BR>Pompeii</A> </TD></TR>\r\n                          <TR vAlign=top align=middle>\r\n                            <TD><A \r\n                              href=\"http://palmpowered.com/c.html?rtr=on&amp;s=3,io,l,7b3x,f7l2,4m6c,imd4\"><IMG \r\n                              class=border height=70 alt=\"Absolute Friends\" \r\n                              src=\"http://images.palmgear.com/external/psi/04_0113/cover_l03.jpg\" \r\n                              border=0 NOSEND=\"1\"><BR>Absolute Friends</A> </TD>\r\n                            <TD><A \r\n                              href=\"http://palmpowered.com/c.html?rtr=on&amp;s=3,io,l,afxk,arjg,4m6c,imd4\"><IMG \r\n                              class=border height=70 alt=\"The Kills\" \r\n                              src=\"http://images.palmgear.com/external/psi/04_0113/cover_l04.jpg\" \r\n                              border=0 NOSEND=\"1\"><BR>The Kills</A> \r\n                          </TD></TR></TBODY></TABLE><BR><BR>\r\n                        <DIV class=left_subtitle>Science Fiction<BR>&amp; \r\n                        Fantasy</DIV>\r\n                        <TABLE class=small cellSpacing=5 cellPadding=0 \r\n                        width=\"100%\" border=0>\r\n                          <TBODY>\r\n                          <TR vAlign=top align=middle>\r\n                            <TD width=\"50%\"><A \r\n                              href=\"http://palmpowered.com/c.html?rtr=on&amp;s=3,io,l,l02o,6i5w,4m6c,imd4\"><IMG \r\n                              class=border height=70 \r\n                              alt=\"Science Fiction: The Best of 2003\" \r\n                              src=\"http://images.palmgear.com/external/psi/04_0113/cover_l05.jpg\" \r\n                              border=0 NOSEND=\"1\"><BR>Science Fiction: The Best \r\n                              of 2003</A> </TD>\r\n                            <TD><A \r\n                              href=\"http://palmpowered.com/c.html?rtr=on&amp;s=3,io,l,cvcq,d4w7,4m6c,imd4\"><IMG \r\n                              class=border height=70 alt=\"Time\'s Eye\" \r\n                              src=\"http://images.palmgear.com/external/psi/04_0113/cover_l06.jpg\" \r\n                              border=0 NOSEND=\"1\"><BR>Time\'s Eye</A> </TD></TR>\r\n                          <TR vAlign=top align=middle>\r\n                            <TD><A \r\n                              href=\"http://palmpowered.com/c.html?rtr=on&amp;s=3,io,l,jm1i,8mwg,4m6c,imd4\"><IMG \r\n                              class=border height=70 alt=\"For Us, The Living\" \r\n                              src=\"http://images.palmgear.com/external/psi/04_0113/cover_l07.jpg\" \r\n                              border=0 NOSEND=\"1\"><BR>For Us, The Living</A> </TD>\r\n                            <TD><A \r\n                              href=\"http://palmpowered.com/c.html?rtr=on&amp;s=3,io,l,ig5m,flo0,4m6c,imd4\"><IMG \r\n                              class=border height=70 alt=\"Legends II\" \r\n                              src=\"http://images.palmgear.com/external/psi/04_0113/cover_l08.jpg\" \r\n                              border=0 NOSEND=\"1\"><BR>Legends II</A> \r\n                          </TD></TR></TBODY></TABLE><BR><BR>\r\n                        <DIV class=left_subtitle>Romance &amp;<BR>Women\'s \r\n                        Fiction</DIV>\r\n                        <TABLE class=small cellSpacing=5 cellPadding=0 \r\n                        width=\"100%\" border=0>\r\n                          <TBODY>\r\n                          <TR vAlign=top align=middle>\r\n                            <TD width=\"50%\"><A \r\n                              href=\"http://palmpowered.com/c.html?rtr=on&amp;s=3,io,l,6xns,k6l5,4m6c,imd4\"><IMG \r\n                              class=border height=70 alt=\"Slightly Tempted\" \r\n                              src=\"http://images.palmgear.com/external/psi/04_0113/cover_l09.jpg\" \r\n                              border=0 NOSEND=\"1\"><BR>Slightly Tempted</A> </TD>\r\n                            <TD><A \r\n                              href=\"http://palmpowered.com/c.html?rtr=on&amp;s=3,io,l,6vnn,9ljj,4m6c,imd4\"><IMG \r\n                              class=border height=70 alt=\"Crown Jewel\" \r\n                              src=\"http://images.palmgear.com/external/psi/04_0113/cover_l10.jpg\" \r\n                              border=0 NOSEND=\"1\"><BR>Crown Jewel</A> </TD></TR>\r\n                          <TR vAlign=top align=middle>\r\n                            <TD><A \r\n                              href=\"http://palmpowered.com/c.html?rtr=on&amp;s=3,io,l,4pnl,h0mk,4m6c,imd4\"><IMG \r\n                              class=border height=70 alt=\"The Sinner\" \r\n                              src=\"http://images.palmgear.com/external/psi/04_0113/cover_l11.jpg\" \r\n                              border=0 NOSEND=\"1\"><BR>The Sinner</A> </TD>\r\n                            <TD><A \r\n                              href=\"http://palmpowered.com/c.html?rtr=on&amp;s=3,io,l,7zlq,alfr,4m6c,imd4\"><IMG \r\n                              class=border height=70 alt=\"He\'s Got to Go\" \r\n                              src=\"http://images.palmgear.com/external/psi/04_0113/cover_l12.jpg\" \r\n                              border=0 NOSEND=\"1\"><BR>He\'s Got to Go</A> \r\n                          </TD></TR></TBODY></TABLE><BR><BR>\r\n                        <DIV class=left_subtitle>For Football Fanatics </DIV>\r\n                        <TABLE class=small cellSpacing=5 cellPadding=0 \r\n                        width=\"100%\" border=0>\r\n                          <TBODY>\r\n                          <TR vAlign=top align=middle>\r\n                            <TD width=\"50%\"><A \r\n                              href=\"http://palmpowered.com/c.html?rtr=on&amp;s=3,io,l,5y0i,bwt,4m6c,imd4\"><IMG \r\n                              class=border height=70 \r\n                              alt=\"When Pride Still Mattered\" \r\n                              src=\"http://images.palmgear.com/external/psi/04_0113/cover_l13.jpg\" \r\n                              border=0 NOSEND=\"1\"><BR>When Pride Still \r\n                              Mattered</A> </TD>\r\n                            <TD><A \r\n                              href=\"http://palmpowered.com/c.html?rtr=on&amp;s=3,io,l,584q,7i7t,4m6c,imd4\"><IMG \r\n                              class=border height=70 alt=\"It\'s Only a Game\" \r\n                              src=\"http://images.palmgear.com/external/psi/04_0113/cover_l14.jpg\" \r\n                              border=0 NOSEND=\"1\"><BR>It\'s Only a Game</A> \r\n</TD></TR>\r\n                          <TR vAlign=top align=middle>\r\n                            <TD><A \r\n                              href=\"http://palmpowered.com/c.html?rtr=on&amp;s=3,io,l,a4e1,51hq,4m6c,imd4\"><IMG \r\n                              class=border height=70 alt=\"Never Die Easy\" \r\n                              src=\"http://images.palmgear.com/external/psi/04_0113/cover_l15.jpg\" \r\n                              border=0 NOSEND=\"1\"><BR>Never Die Easy</A> </TD>\r\n                            <TD><A \r\n                              href=\"http://palmpowered.com/c.html?rtr=on&amp;s=3,io,l,7yhf,jkep,4m6c,imd4\"><IMG \r\n                              class=border height=70 \r\n                              alt=\"Inside the NFL Meat Grinder\" \r\n                              src=\"http://images.palmgear.com/external/psi/04_0113/cover_l16.jpg\" \r\n                              border=0 NOSEND=\"1\"><BR>Inside the NFL Meat \r\n                              Grinder</A> </TD></TR></TBODY></TABLE></TD></TR>\r\n                    <TR class=copy_left>\r\n                      <TD>&nbsp;</TD></TR></TBODY></TABLE><BR><BR>\r\n                  <DIV class=left_title align=center>Bestsellers</DIV>\r\n                  <TABLE class=box_border cellSpacing=5 cellPadding=0 \r\n                  width=\"100%\" bgColor=#f7f4e8 border=0>\r\n                    <TBODY>\r\n                    <TR class=copy_left align=middle>\r\n                      <TD class=heading1 colSpan=2><STRONG>All \r\n                      Genres</STRONG></TD></TR>\r\n                    <TR class=copy_left>\r\n                      <TD vAlign=top align=right>1.</TD>\r\n                      <TD><A \r\n                        href=\"http://palmpowered.com/c.html?rtr=on&amp;s=3,io,l,l02o,6i5w,4m6c,imd4\">Science \r\n                        Fiction: The Best of 2003</A> by <A class=author \r\n                        href=\"http://palmpowered.com/c.html?rtr=on&amp;s=3,io,l,9zid,jf8k,4m6c,imd4\">Karen \r\n                        Haber</A></TD></TR>\r\n                    <TR class=copy_left>\r\n                      <TD vAlign=top align=right>2.</TD>\r\n                      <TD><A \r\n                        href=\"http://palmpowered.com/c.html?rtr=on&amp;s=3,io,l,tee,h557,4m6c,imd4\">The \r\n                        Da Vinci Code</A> by <A class=author \r\n                        href=\"http://palmpowered.com/c.html?rtr=on&amp;s=3,io,l,23ot,4ysj,4m6c,imd4\">Dan \r\n                        Brown</A></TD></TR>\r\n                    <TR class=copy_left>\r\n                      <TD vAlign=top align=right>3.</TD>\r\n                      <TD><A \r\n                        href=\"http://palmpowered.com/c.html?rtr=on&amp;s=3,io,l,cvcq,d4w7,4m6c,imd4\">Time\'s \r\n                        Eye</A> by <A class=author \r\n                        href=\"http://palmpowered.com/c.html?rtr=on&amp;s=3,io,l,b7zy,c09k,4m6c,imd4\">Arthur \r\n                        C. Clarke</A></TD></TR>\r\n                    <TR class=copy_left>\r\n                      <TD vAlign=top align=right>4.</TD>\r\n                      <TD><A \r\n                        href=\"http://palmpowered.com/c.html?rtr=on&amp;s=3,io,l,a6vs,8570,4m6c,imd4\">Digital \r\n                        Fortress</A> by <A class=author \r\n                        href=\"http://palmpowered.com/c.html?rtr=on&amp;s=3,io,l,23ot,4ysj,4m6c,imd4\">Dan \r\n                        Brown</A></TD></TR>\r\n                    <TR class=copy_left>\r\n                      <TD vAlign=top align=right height=27>5.</TD>\r\n                      <TD><A \r\n                        href=\"http://palmpowered.com/c.html?rtr=on&amp;s=3,io,l,1p80,h9ry,4m6c,imd4\">NIV \r\n                        Holy Bible</A> by <A class=author \r\n                        href=\"http://palmpowered.com/c.html?rtr=on&amp;s=3,io,l,6abv,gop8,4m6c,imd4\">Zondervan</A></TD></TR>\r\n                    <TR class=copy_left>\r\n                      <TD vAlign=top align=right>6.</TD>\r\n                      <TD><A \r\n                        href=\"http://palmpowered.com/c.html?rtr=on&amp;s=3,io,l,8oub,m3cc,4m6c,imd4\">Angels \r\n                        &amp; Demons</A> by <A class=author \r\n                        href=\"http://palmpowered.com/c.html?rtr=on&amp;s=3,io,l,23ot,4ysj,4m6c,imd4\">Dan \r\n                        Brown</A></TD></TR>\r\n                    <TR class=copy_left>\r\n                      <TD vAlign=top align=right>7.</TD>\r\n                      <TD><A \r\n                        href=\"http://palmpowered.com/c.html?rtr=on&amp;s=3,io,l,3nvj,jx59,4m6c,imd4\">Science \r\n                        Fiction: The Best of 2002</A> by <A class=author \r\n                        href=\"http://palmpowered.com/c.html?rtr=on&amp;s=3,io,l,jeyv,ajhg,4m6c,imd4\">Robert \r\n                        Silverberg</A></TD></TR>\r\n                    <TR class=copy_left>\r\n                      <TD vAlign=top align=right>8.</TD>\r\n                      <TD><A \r\n                        href=\"http://palmpowered.com/c.html?rtr=on&amp;s=3,io,l,29of,hjy5,4m6c,imd4\">Don\'t \r\n                        Know Much About History</A> by <A class=author \r\n                        href=\"http://palmpowered.com/c.html?rtr=on&amp;s=3,io,l,ksy0,4cmw,4m6c,imd4\">Kenneth \r\n                        C. Davis</A></TD></TR>\r\n                    <TR class=copy_left>\r\n                      <TD vAlign=top align=right>9.</TD>\r\n                      <TD><A \r\n                        href=\"http://palmpowered.com/c.html?rtr=on&amp;s=3,io,l,2dbd,7f1p,4m6c,imd4\">Science \r\n                        Fiction: The Best of 2001</A> by <A class=author \r\n                        href=\"http://palmpowered.com/c.html?rtr=on&amp;s=3,io,l,jeyv,ajhg,4m6c,imd4\">Robert \r\n                        Silverberg</A></TD></TR>\r\n                    <TR class=copy_left>\r\n                      <TD vAlign=top align=right>10.</TD>\r\n                      <TD><A \r\n                        href=\"http://palmpowered.com/c.html?rtr=on&amp;s=3,io,l,4s3h,heqf,4m6c,imd4\">The \r\n                        Arraignment</A> by <A class=author \r\n                        href=\"http://palmpowered.com/c.html?rtr=on&amp;s=3,io,l,4lhd,7uls,4m6c,imd4\">Steve \r\n                        Martini</A></TD></TR>\r\n                    <TR class=copy_left>\r\n                      <TD vAlign=top align=right>11.</TD>\r\n                      <TD><A \r\n                        href=\"http://palmpowered.com/c.html?rtr=on&amp;s=3,io,l,gbd1,6gxt,4m6c,imd4\">Prey</A> \r\n                        by <A class=author \r\n                        href=\"http://palmpowered.com/c.html?rtr=on&amp;s=3,io,l,if7y,7zsc,4m6c,imd4\">Michael \r\n                        Crichton</A></TD></TR>\r\n                    <TR class=copy_left>\r\n                      <TD vAlign=top align=right>12.</TD>\r\n                      <TD><A \r\n                        href=\"http://palmpowered.com/c.html?rtr=on&amp;s=3,io,l,dpu7,ggup,4m6c,imd4\">Pompeii</A> \r\n                        by <A class=author \r\n                        href=\"http://palmpowered.com/c.html?rtr=on&amp;s=3,io,l,zjo,ck3c,4m6c,imd4\">Robert \r\n                        Harris</A></TD></TR>\r\n                    <TR class=copy_left>\r\n                      <TD vAlign=top align=right>13.</TD>\r\n                      <TD><A \r\n                        href=\"http://palmpowered.com/c.html?rtr=on&amp;s=3,io,l,jm1i,8mwg,4m6c,imd4\">For \r\n                        Us, The Living</A> by <A class=author \r\n                        href=\"http://palmpowered.com/c.html?rtr=on&amp;s=3,io,l,ienq,h0xa,4m6c,imd4\">Robert \r\n                        A. Heinlein</A></TD></TR>\r\n                    <TR class=copy_left>\r\n                      <TD vAlign=top align=right>14.</TD>\r\n                      <TD><A \r\n                        href=\"http://palmpowered.com/c.html?rtr=on&amp;s=3,io,l,kx5z,7f6v,4m6c,imd4\">The \r\n                        Codex</A> by <A class=author \r\n                        href=\"http://palmpowered.com/c.html?rtr=on&amp;s=3,io,l,6ffm,mfvv,4m6c,imd4\">Douglas \r\n                        Preston</A></TD></TR>\r\n                    <TR class=copy_left>\r\n                      <TD vAlign=top align=right>15.</TD>\r\n                      <TD><A \r\n                        href=\"http://palmpowered.com/c.html?rtr=on&amp;s=3,io,l,1rb2,a9xe,4m6c,imd4\">The \r\n                        Automatic Millionaire</A> by <A class=author \r\n                        href=\"http://palmpowered.com/c.html?rtr=on&amp;s=3,io,l,937t,m7i9,4m6c,imd4\">David \r\n                        Bach</A> </TD></TR>\r\n                    <TR class=copy_left>\r\n                      <TD vAlign=top align=right>&nbsp;</TD>\r\n                      <TD><A \r\n                        href=\"http://palmpowered.com/c.html?rtr=on&amp;s=3,io,l,ddos,mckp,4m6c,imd4\">more...</A></TD></TR></TBODY></TABLE><BR><BR></TD></TR></TBODY></TABLE></TD>\r\n          <TD class=copy \r\n          style=\"PADDING-RIGHT: 12px; PADDING-LEFT: 12px; PADDING-BOTTOM: 12px; PADDING-TOP: 12px\" \r\n          vAlign=top>\r\n            <DIV class=categorytitle>Our Gift to You - <SPAN \r\n            class=alert>FREE!</SPAN></DIV><BR>\r\n            <TABLE cellSpacing=0 cellPadding=0 width=\"100%\" border=0>\r\n              <TBODY>\r\n              <TR>\r\n                <TD class=copy vAlign=top width=\"48%\"><A \r\n                  href=\"http://palmpowered.com/c.html?rtr=on&amp;s=3,io,l,1897,4rph,4m6c,imd4\"><IMG \r\n                  class=border style=\"MARGIN-RIGHT: 4px\" height=80 \r\n                  alt=\"The Time Machine\" \r\n                  src=\"http://www.palmdigitalmedia.com/files/products/000/00/00/97/cover/feature.jpg\" \r\n                  width=57 align=left border=0 NOSEND=\"1\"></A> <A class=heading2 \r\n                  href=\"http://palmpowered.com/c.html?rtr=on&amp;s=3,io,l,1897,4rph,4m6c,imd4\">The \r\n                  Time Machine</A><BR>by <A class=author \r\n                  href=\"http://palmpowered.com/c.html?rtr=on&amp;s=3,io,l,bysw,ijuh,4m6c,imd4\">H. \r\n                  G. Wells</A><BR><BR>The inventor of the time machine pilots \r\n                  his machine hundreds of thousands of years into the future to \r\n                  glimpse utopia and instead finds himself trapped in a \r\n                  nightmare. <A \r\n                  href=\"http://palmpowered.com/c.html?rtr=on&amp;s=3,io,l,1897,4rph,4m6c,imd4\"><STRONG>more...</STRONG></A></TD>\r\n                <TD class=copy>&nbsp;</TD>\r\n                <TD class=copy vAlign=top width=\"48%\"><A \r\n                  href=\"http://palmpowered.com/c.html?rtr=on&amp;s=3,io,l,3maq,ch7g,4m6c,imd4\"><IMG \r\n                  class=border style=\"MARGIN-RIGHT: 4px\" height=80 \r\n                  alt=\"Andersen\'s Fairy Tales\" \r\n                  src=\"http://www.palmdigitalmedia.com/files/products/000/01/56/70/cover/feature.jpg\" \r\n                  width=57 align=left border=0 NOSEND=\"1\"></A> <A class=heading2 \r\n                  href=\"http://palmpowered.com/c.html?rtr=on&amp;s=3,io,l,3maq,ch7g,4m6c,imd4\">Andersen\'s \r\n                  Fairy Tales</A><BR>by <A class=author \r\n                  href=\"http://palmpowered.com/c.html?rtr=on&amp;s=3,io,l,k9dn,6mya,4m6c,imd4\">Hans \r\n                  Christian Andersen</A><BR><BR>This collection of Hans \r\n                  Christian Andersen\'s famous fairy tale stories includes \"The \r\n                  Emperor\'s New Clothes\", \"The Fir Tree\", \"The Snow Queen\", \"The \r\n                  Little Match Girl\", \"The Red Shoes\" and thirteen more timeless \r\n                  tales. <A \r\n                  href=\"http://palmpowered.com/c.html?rtr=on&amp;s=3,io,l,3maq,ch7g,4m6c,imd4\"><STRONG>more...</STRONG></A></TD></TR></TBODY></TABLE><BR><BR>\r\n            <TABLE cellSpacing=0 cellPadding=0 width=490 border=0>\r\n              <TBODY>\r\n              <TR>\r\n                <TD><A \r\n                  href=\"http://palmpowered.com/c.html?rtr=on&amp;s=3,io,l,gjaq,dfb,4m6c,imd4\"><IMG \r\n                  height=72 alt=\"Bzzz! 2.0\" \r\n                  src=\"http://images.palmgear.com/external/psi/04_0113/pg_buzz_01.gif\" \r\n                  width=216 border=0 NOSEND=\"1\"></A></TD>\r\n                <TD><A \r\n                  href=\"http://palmpowered.com/c.html?rtr=on&amp;s=3,io,l,gjaq,dfb,4m6c,imd4\"><IMG \r\n                  height=72 alt=\"Bzzz! 2.0\" \r\n                  src=\"http://images.palmgear.com/external/psi/04_0113/pg_buzz_02.jpg\" \r\n                  width=93 border=0 NOSEND=\"1\"></A></TD>\r\n                <TD><A \r\n                  href=\"http://palmpowered.com/c.html?rtr=on&amp;s=3,io,l,gjaq,dfb,4m6c,imd4\"><IMG \r\n                  height=72 alt=\"Bzzz! 2.0\" \r\n                  src=\"http://images.palmgear.com/external/psi/04_0113/pg_buzz_03.gif\" \r\n                  width=106 border=0 NOSEND=\"1\"></A></TD>\r\n                <TD><A \r\n                  href=\"http://palmpowered.com/c.html?rtr=on&amp;s=3,io,l,gjaq,dfb,4m6c,imd4\"><IMG \r\n                  height=72 alt=\"Bzzz! 2.0\" \r\n                  src=\"http://images.palmgear.com/external/psi/04_0113/pg_buzz_04.gif\" \r\n                  width=75 border=0 NOSEND=\"1\"></A></TD></TR>\r\n              <TR>\r\n                <TD><A \r\n                  href=\"http://palmpowered.com/c.html?rtr=on&amp;s=3,io,l,gjaq,dfb,4m6c,imd4\"><IMG \r\n                  height=40 alt=\"Bzzz! 2.0\" \r\n                  src=\"http://images.palmgear.com/external/psi/04_0113/pg_buzz_05.gif\" \r\n                  width=216 border=0 NOSEND=\"1\"></A></TD>\r\n                <TD><A \r\n                  href=\"http://palmpowered.com/c.html?rtr=on&amp;s=3,io,l,gjaq,dfb,4m6c,imd4\"><IMG \r\n                  height=40 alt=\"Bzzz! 2.0\" \r\n                  src=\"http://images.palmgear.com/external/psi/04_0113/pg_buzz_06.jpg\" \r\n                  width=93 border=0 NOSEND=\"1\"></A></TD>\r\n                <TD><A \r\n                  href=\"http://palmpowered.com/c.html?rtr=on&amp;s=3,io,l,gjaq,dfb,4m6c,imd4\"><IMG \r\n                  height=40 alt=\"Bzzz! 2.0\" \r\n                  src=\"http://images.palmgear.com/external/psi/04_0113/pg_buzz_07.gif\" \r\n                  width=106 border=0 NOSEND=\"1\"></A></TD>\r\n                <TD><A \r\n                  href=\"http://palmpowered.com/c.html?rtr=on&amp;s=3,io,l,gjaq,dfb,4m6c,imd4\"><IMG \r\n                  height=40 alt=\"Bzzz! 2.0\" \r\n                  src=\"http://images.palmgear.com/external/psi/04_0113/pg_buzz_08.gif\" \r\n                  width=75 border=0 \r\n            NOSEND=\"1\"></A></TD></TR></TBODY></TABLE><BR><BR><BR><STRONG>Dear \r\n            Pierreyves,</STRONG><BR><BR>Whether you swear by resolutions or \r\n            never make them (or have already broken them!), eBooks from Palm \r\n            Digital Media will help you start the new year off \r\nright.<BR><BR><BR>\r\n            <DIV class=categorytitle>Do You Want to...</DIV><BR>\r\n            <H3><SPAN class=title><A \r\n            href=\"http://palmpowered.com/c.html?rtr=on&amp;s=3,io,l,l2kv,9wcj,4m6c,imd4\">Save \r\n            Money and Get Out of Debt</A></SPAN> </H3>\r\n            <TABLE cellSpacing=0 cellPadding=0 width=\"100%\" border=0>\r\n              <TBODY>\r\n              <TR vAlign=top>\r\n                <TD class=copy width=\"48%\"><A \r\n                  href=\"http://palmpowered.com/c.html?rtr=on&amp;s=3,io,l,1rb2,a9xe,4m6c,imd4\"><IMG \r\n                  class=border style=\"MARGIN-RIGHT: 4px\" height=140 \r\n                  alt=\"The Automatic Millionaire\" \r\n                  src=\"http://images.palmgear.com/external/psi/04_0113/cover_01.jpg\" \r\n                  width=92 align=left border=0 NOSEND=\"1\"></A> <A class=heading1 \r\n                  href=\"http://palmpowered.com/c.html?rtr=on&amp;s=3,io,l,1rb2,a9xe,4m6c,imd4\">The \r\n                  Automatic Millionaire</A><BR>by <A class=author \r\n                  href=\"http://palmpowered.com/c.html?rtr=on&amp;s=3,io,l,937t,m7i9,4m6c,imd4\">David \r\n                  Bach</A><BR><BR>The author of <EM>Smart Women Finish Rich</EM> \r\n                  introduces readers to a system that is powerfully simple and \r\n                  automatically effective. Do it once, the rest is automatic. \r\n                  <STRONG>50% off!</STRONG> <A \r\n                  href=\"http://palmpowered.com/c.html?rtr=on&amp;s=3,io,l,1rb2,a9xe,4m6c,imd4\"><STRONG>more...</STRONG></A></TD>\r\n                <TD class=copy width=15>&nbsp;</TD>\r\n                <TD class=copy width=\"48%\"><A \r\n                  href=\"http://palmpowered.com/c.html?rtr=on&amp;s=3,io,l,6b0w,bq4t,4m6c,imd4\"><IMG \r\n                  class=border style=\"MARGIN-RIGHT: 4px\" height=140 \r\n                  alt=\"Rich Dad, Poor Dad\" \r\n                  src=\"http://images.palmgear.com/external/psi/04_0113/cover_02.jpg\" \r\n                  width=90 align=left border=0 NOSEND=\"1\"></A> <A class=heading1 \r\n                  href=\"http://palmpowered.com/c.html?rtr=on&amp;s=3,io,l,6b0w,bq4t,4m6c,imd4\">Rich \r\n                  Dad, Poor Dad</A><BR>by <A class=author \r\n                  href=\"http://palmpowered.com/c.html?rtr=on&amp;s=3,io,l,2d0q,b92b,4m6c,imd4\">Robert \r\n                  T. Kiyosaki</A> and <A class=author \r\n                  href=\"http://palmpowered.com/c.html?rtr=on&amp;s=3,io,l,69w6,fw9n,4m6c,imd4\">Sharon \r\n                  L. Lechter</A><BR><BR>A personal finance classic! Robert \r\n                  Kiyosaki explains how to make your money work hard for you \r\n                  instead of you working hard for money. <A \r\n                  href=\"http://palmpowered.com/c.html?rtr=on&amp;s=3,io,l,6b0w,bq4t,4m6c,imd4\"><STRONG>more...</STRONG></A></TD></TR></TBODY></TABLE><BR><BR>\r\n            <TABLE cellSpacing=0 cellPadding=0 width=\"100%\" border=0>\r\n              <TBODY>\r\n              <TR vAlign=top align=middle>\r\n                <TD class=copy width=\"20%\"><A \r\n                  href=\"http://palmpowered.com/c.html?rtr=on&amp;s=3,io,l,d209,99sn,4m6c,imd4\"><IMG \r\n                  class=border height=100 \r\n                  alt=\"The Laws of Money, the Lessons of Life\" \r\n                  src=\"http://images.palmgear.com/external/psi/04_0113/cover_11.jpg\" \r\n                  width=63 border=0 NOSEND=\"1\"><BR>The Laws of Money, the \r\n                  Lessons of Life</A></TD>\r\n                <TD class=copy width=\"20%\"><A \r\n                  href=\"http://palmpowered.com/c.html?rtr=on&amp;s=3,io,l,bxpk,2hd6,4m6c,imd4\"><IMG \r\n                  class=border height=100 \r\n                  alt=\"The Motley Fool Personal Finance Workbook\" \r\n                  src=\"http://images.palmgear.com/external/psi/04_0113/cover_12.jpg\" \r\n                  width=63 border=0 NOSEND=\"1\"><BR>The Motley Fool Personal \r\n                  Finance Workbook</A></TD>\r\n                <TD class=copy><A \r\n                  href=\"http://palmpowered.com/c.html?rtr=on&amp;s=3,io,l,k705,4rqn,4m6c,imd4\"><IMG \r\n                  class=border height=100 alt=\"52 Weeks to Financial Fitness\" \r\n                  src=\"http://images.palmgear.com/external/psi/04_0113/cover_13.jpg\" \r\n                  width=65 border=0 NOSEND=\"1\"><BR>52 Weeks to Financial \r\n                  Fitness</A></TD>\r\n                <TD class=copy width=\"20%\"><A \r\n                  href=\"http://palmpowered.com/c.html?rtr=on&amp;s=3,io,l,aisg,kvk9,4m6c,imd4\"><IMG \r\n                  class=border height=100 alt=\"Girl, Get Your Money Straight!\" \r\n                  src=\"http://images.palmgear.com/external/psi/04_0113/cover_14.jpg\" \r\n                  width=65 border=0 NOSEND=\"1\"><BR>Girl, Get Your Money \r\n                  Straight!</A></TD>\r\n                <TD class=copy width=\"20%\"><A \r\n                  href=\"http://palmpowered.com/c.html?rtr=on&amp;s=3,io,l,4m3c,fbkw,4m6c,imd4\"><IMG \r\n                  class=border height=100 alt=\"Get Clark Smart\" \r\n                  src=\"http://images.palmgear.com/external/psi/04_0113/cover_15.jpg\" \r\n                  width=77 border=0 NOSEND=\"1\"><BR>Get Clark Smart</A> \r\n              </TD></TR></TBODY></TABLE><BR>\r\n            <DIV class=dotted>&nbsp;</DIV><BR>\r\n            <H3><SPAN class=title><A \r\n            href=\"http://palmpowered.com/c.html?rtr=on&amp;s=3,io,l,2bg1,j1un,4m6c,imd4\">Lose \r\n            Weight and Get in Shape</A></SPAN></H3>\r\n            <TABLE cellSpacing=0 cellPadding=0 width=\"100%\" border=0>\r\n              <TBODY>\r\n              <TR vAlign=top>\r\n                <TD class=copy width=\"48%\"><A \r\n                  href=\"http://palmpowered.com/c.html?rtr=on&amp;s=3,io,l,1ut2,61bp,4m6c,imd4\"><IMG \r\n                  class=border style=\"MARGIN-RIGHT: 4px\" height=140 \r\n                  alt=\"The Portable Personal Trainer\" \r\n                  src=\"http://images.palmgear.com/external/psi/04_0113/cover_03.jpg\" \r\n                  width=105 align=left border=0 NOSEND=\"1\"></A> <A \r\n                  class=heading1 \r\n                  href=\"http://palmpowered.com/c.html?rtr=on&amp;s=3,io,l,1ut2,61bp,4m6c,imd4\">The \r\n                  Portable Personal Trainer</A><BR>by <A class=author \r\n                  href=\"http://palmpowered.com/c.html?rtr=on&amp;s=3,io,l,36my,gpw7,4m6c,imd4\">Eric \r\n                  Harr</A><BR><BR>Whatever your fitness level, Eric Harr has 100 \r\n                  inspirational strategies you can use to uncover your passion \r\n                  and improve your performance. <A \r\n                  href=\"http://palmpowered.com/c.html?rtr=on&amp;s=3,io,l,1ut2,61bp,4m6c,imd4\"><STRONG>more...</STRONG></A><BR><BR></TD>\r\n                <TD class=copy width=15>&nbsp;</TD>\r\n                <TD class=copy width=\"48%\"><A \r\n                  href=\"http://palmpowered.com/c.html?rtr=on&amp;s=3,io,l,2su2,3d0t,4m6c,imd4\"><IMG \r\n                  class=border style=\"MARGIN-RIGHT: 4px\" height=140 \r\n                  alt=\"The Ultimate Weight Solution\" \r\n                  src=\"http://images.palmgear.com/external/psi/04_0113/cover_04.jpg\" \r\n                  width=89 align=left border=0 NOSEND=\"1\"></A> <A class=heading1 \r\n                  href=\"http://palmpowered.com/c.html?rtr=on&amp;s=3,io,l,2su2,3d0t,4m6c,imd4\">The \r\n                  Ultimate Weight Solution</A><BR>by <A class=author \r\n                  href=\"http://palmpowered.com/c.html?rtr=on&amp;s=3,io,l,e3ao,dips,4m6c,imd4\">Dr. \r\n                  Phil McGraw</A><BR><BR>Dr. Phil gives the bottom-line truth on \r\n                  getting results that last with his unprecedented 7-Key \r\n                  approach to permanent weight loss. <A \r\n                  href=\"http://palmpowered.com/c.html?rtr=on&amp;s=3,io,l,2su2,3d0t,4m6c,imd4\"><STRONG>more...</STRONG></A></TD></TR></TBODY></TABLE><BR><BR>\r\n            <TABLE cellSpacing=0 cellPadding=0 width=\"100%\" border=0>\r\n              <TBODY>\r\n              <TR vAlign=top align=middle>\r\n                <TD class=copy width=\"20%\"><A \r\n                  href=\"http://palmpowered.com/c.html?rtr=on&amp;s=3,io,l,4ztk,7nf8,4m6c,imd4\"><IMG \r\n                  class=border height=100 alt=\"The 24-Hour Turnaround\" \r\n                  src=\"http://images.palmgear.com/external/psi/04_0113/cover_21.jpg\" \r\n                  width=79 border=0 NOSEND=\"1\"><BR>The 24-Hour Turnaround</A></TD>\r\n                <TD class=copy width=\"20%\"><A \r\n                  href=\"http://palmpowered.com/c.html?rtr=on&amp;s=3,io,l,52st,i7lf,4m6c,imd4\"><IMG \r\n                  class=border height=100 alt=\"Eat to Live\" \r\n                  src=\"http://images.palmgear.com/external/psi/04_0113/cover_22.jpg\" \r\n                  width=64 border=0 NOSEND=\"1\"><BR>Eat to Live</A></TD>\r\n                <TD class=copy><A \r\n                  href=\"http://palmpowered.com/c.html?rtr=on&amp;s=3,io,l,ibpz,hl3f,4m6c,imd4\"><IMG \r\n                  class=border height=100 \r\n                  alt=\"Triathlete Magazine\'s Complete Triathlon Book\" \r\n                  src=\"http://images.palmgear.com/external/psi/04_0113/cover_23.jpg\" \r\n                  width=76 border=0 NOSEND=\"1\"><BR>Triathlete Magazine\'s \r\n                  Complete Triathlon Book</A></TD>\r\n                <TD class=copy width=\"20%\"><A \r\n                  href=\"http://palmpowered.com/c.html?rtr=on&amp;s=3,io,l,b7mw,6aqg,4m6c,imd4\"><IMG \r\n                  class=border height=100 \r\n                  alt=\"The Get with the Program! Guide to Fast Food and Family Restaurants\" \r\n                  src=\"http://images.palmgear.com/external/psi/04_0113/cover_24.jpg\" \r\n                  width=37 border=0 NOSEND=\"1\"><BR>The Get with the Program! \r\n                  Guide to Fast Food and Family Restaurants</A></TD>\r\n                <TD class=copy width=\"20%\"><A \r\n                  href=\"http://palmpowered.com/c.html?rtr=on&amp;s=3,io,l,956a,b561,4m6c,imd4\"><IMG \r\n                  class=border height=100 alt=Fattitudes \r\n                  src=\"http://images.palmgear.com/external/psi/04_0113/cover_25.jpg\" \r\n                  width=66 border=0 NOSEND=\"1\"><BR>Fattitudes</A> \r\n            </TD></TR></TBODY></TABLE><BR>\r\n            <DIV class=dotted>&nbsp;</DIV><BR>\r\n            <H3><SPAN class=title><A \r\n            href=\"http://palmpowered.com/c.html?rtr=on&amp;s=3,io,l,ecqq,l5yw,4m6c,imd4\">Revitalize \r\n            Your Career and Your Life</A></SPAN></H3>\r\n            <TABLE cellSpacing=0 cellPadding=0 width=\"100%\" border=0>\r\n              <TBODY>\r\n              <TR vAlign=top>\r\n                <TD class=copy width=\"48%\"><A \r\n                  href=\"http://palmpowered.com/c.html?rtr=on&amp;s=3,io,l,2gnh,ccaz,4m6c,imd4\"><IMG \r\n                  class=border style=\"MARGIN-RIGHT: 4px\" height=140 \r\n                  alt=\"Fish! for Life\" \r\n                  src=\"http://images.palmgear.com/external/psi/04_0113/cover_05.jpg\" \r\n                  width=87 align=left border=0 NOSEND=\"1\"></A> <A class=heading1 \r\n                  href=\"http://palmpowered.com/c.html?rtr=on&amp;s=3,io,l,2gnh,ccaz,4m6c,imd4\">Fish! \r\n                  for Life</A><BR>by <A class=author \r\n                  href=\"http://palmpowered.com/c.html?rtr=on&amp;s=3,io,l,b7bi,mah1,4m6c,imd4\">Stephen \r\n                  C. Lundin, Ph.D.</A>, <A class=author \r\n                  href=\"http://palmpowered.com/c.html?rtr=on&amp;s=3,io,l,6584,a935,4m6c,imd4\">John \r\n                  Christensen</A> and <A class=author \r\n                  href=\"http://palmpowered.com/c.html?rtr=on&amp;s=3,io,l,97kl,3ump,4m6c,imd4\">Harry \r\n                  Paul</A><BR><BR>The authors of the bestselling FISH! books \r\n                  turn their attention to life\'s daily personal challenges, \r\n                  helping readers deal with them simply and effectively. <A \r\n                  href=\"http://palmpowered.com/c.html?rtr=on&amp;s=3,io,l,2gnh,ccaz,4m6c,imd4\"><STRONG>more...</STRONG></A></TD>\r\n                <TD class=copy width=15>&nbsp;</TD>\r\n                <TD class=copy width=\"48%\"><A \r\n                  href=\"http://palmpowered.com/c.html?rtr=on&amp;s=3,io,l,28e7,96o0,4m6c,imd4\"><IMG \r\n                  class=border style=\"MARGIN-RIGHT: 4px\" height=140 \r\n                  alt=\"Thinking for a Change\" \r\n                  src=\"http://images.palmgear.com/external/psi/04_0113/cover_06.jpg\" \r\n                  width=93 align=left border=0 NOSEND=\"1\"></A> <A class=heading1 \r\n                  href=\"http://palmpowered.com/c.html?rtr=on&amp;s=3,io,l,28e7,96o0,4m6c,imd4\">Thinking \r\n                  for a Change</A><BR>by <A class=author \r\n                  href=\"http://palmpowered.com/c.html?rtr=on&amp;s=3,io,l,13u,drof,4m6c,imd4\">John \r\n                  C. Maxwell</A><BR><BR>To do well in life, we must first think \r\n                  well. This book shows how changing your thinking can indeed \r\n                  change your life. <A \r\n                  href=\"http://palmpowered.com/c.html?rtr=on&amp;s=3,io,l,28e7,96o0,4m6c,imd4\"><STRONG>more...</STRONG></A></TD></TR></TBODY></TABLE><BR><BR>\r\n            <TABLE cellSpacing=0 cellPadding=0 width=\"100%\" border=0>\r\n              <TBODY>\r\n              <TR vAlign=top align=middle>\r\n                <TD class=copy width=\"20%\"><A \r\n                  href=\"http://palmpowered.com/c.html?rtr=on&amp;s=3,io,l,mqn,kgkq,4m6c,imd4\"><IMG \r\n                  class=border height=100 alt=\"Wish It, Dream It, Do It\" \r\n                  src=\"http://images.palmgear.com/external/psi/04_0113/cover_31.jpg\" \r\n                  width=63 border=0 NOSEND=\"1\"><BR>Wish It, Dream It, Do \r\n                It</A></TD>\r\n                <TD class=copy width=\"20%\"><A \r\n                  href=\"http://palmpowered.com/c.html?rtr=on&amp;s=3,io,l,kcfx,cu7l,4m6c,imd4\"><IMG \r\n                  class=border height=100 alt=\"The Purpose-Driven Life\" \r\n                  src=\"http://images.palmgear.com/external/psi/04_0113/cover_32.jpg\" \r\n                  width=75 border=0 NOSEND=\"1\"><BR>The Purpose-Driven \r\nLife</A></TD>\r\n                <TD class=copy><A \r\n                  href=\"http://palmpowered.com/c.html?rtr=on&amp;s=3,io,l,iix5,2qie,4m6c,imd4\"><IMG \r\n                  class=border height=100 \r\n                  alt=\"The 100 Simple Secrets of Successful People\" \r\n                  src=\"http://images.palmgear.com/external/psi/04_0113/cover_33.jpg\" \r\n                  width=75 border=0 NOSEND=\"1\"><BR>The 100 Simple Secrets of \r\n                  Successful People</A></TD>\r\n                <TD class=copy width=\"20%\"><A \r\n                  href=\"http://palmpowered.com/c.html?rtr=on&amp;s=3,io,l,kdub,9tlx,4m6c,imd4\"><IMG \r\n                  class=border height=100 alt=\"Living a Life that Matters\" \r\n                  src=\"http://images.palmgear.com/external/psi/04_0113/cover_34.jpg\" \r\n                  width=64 border=0 NOSEND=\"1\"><BR>Living a Life<BR>that \r\n                  Matters</A></TD>\r\n                <TD class=copy width=\"20%\"><A \r\n                  href=\"http://palmpowered.com/c.html?rtr=on&amp;s=3,io,l,fhdo,6o7g,4m6c,imd4\"><IMG \r\n                  class=border height=100 alt=\"The Practical Dreamer\'s Handbook\" \r\n                  src=\"http://images.palmgear.com/external/psi/04_0113/cover_35.jpg\" \r\n                  width=68 border=0 NOSEND=\"1\"><BR>The Practical Dreamer\'s \r\n                  Handbook</A> </TD></TR></TBODY></TABLE><BR>\r\n            <DIV class=dotted>&nbsp;</DIV><BR>\r\n            <H3><SPAN class=title><A \r\n            href=\"http://palmpowered.com/c.html?rtr=on&amp;s=3,io,l,ft7t,cint,4m6c,imd4\">Do \r\n            Everything Better</A></SPAN></H3>\r\n            <TABLE cellSpacing=0 cellPadding=0 width=\"100%\" border=0>\r\n              <TBODY>\r\n              <TR vAlign=top>\r\n                <TD class=copy width=\"48%\"><A \r\n                  href=\"http://palmpowered.com/c.html?rtr=on&amp;s=3,io,l,j981,gyvl,4m6c,imd4\"><IMG \r\n                  class=border style=\"MARGIN-RIGHT: 4px\" height=140 \r\n                  alt=\"The Procrastinator\'s Handbook\" \r\n                  src=\"http://images.palmgear.com/external/psi/04_0113/cover_07.jpg\" \r\n                  width=105 align=left border=0 NOSEND=\"1\"></A> <A \r\n                  class=heading1 \r\n                  href=\"http://palmpowered.com/c.html?rtr=on&amp;s=3,io,l,j981,gyvl,4m6c,imd4\">The \r\n                  Procrastinator\'s Handbook</A><BR>by <A class=author \r\n                  href=\"http://palmpowered.com/c.html?rtr=on&amp;s=3,io,l,g5yw,agr6,4m6c,imd4\">Rita \r\n                  Emmett</A><BR><BR>Filled with useful advice and real-life \r\n                  stories of people who have overcome procrastination, <EM>The \r\n                  Procrastinator\'s Handbook</EM> is as entertaining as it is \r\n                  helpful and rewarding. <A \r\n                  href=\"http://palmpowered.com/c.html?rtr=on&amp;s=3,io,l,j981,gyvl,4m6c,imd4\"><STRONG>more...</STRONG></A></TD>\r\n                <TD class=copy width=15>&nbsp;</TD>\r\n                <TD class=copy width=\"48%\"><A \r\n                  href=\"http://palmpowered.com/c.html?rtr=on&amp;s=3,io,l,5hrm,6ey9,4m6c,imd4\"><IMG \r\n                  class=border style=\"MARGIN-RIGHT: 4px\" height=140 \r\n                  alt=\"The 100 Simple Secrets of Happy People\" \r\n                  src=\"http://images.palmgear.com/external/psi/04_0113/cover_08.jpg\" \r\n                  width=89 align=left border=0 NOSEND=\"1\"></A> <A class=heading1 \r\n                  href=\"http://palmpowered.com/c.html?rtr=on&amp;s=3,io,l,5hrm,6ey9,4m6c,imd4\">The \r\n                  100 Simple Secrets of Happy People</A><BR>by <A class=author \r\n                  href=\"http://palmpowered.com/c.html?rtr=on&amp;s=3,io,l,8rpa,c2cu,4m6c,imd4\">David \r\n                  Niven, Ph.D.</A><BR><BR>Transform a ho-hum existence into a \r\n                  full and happy life with 100 practices, attitudes, and habits \r\n                  for happiness, each illustrated by a straightforward \r\n                  explanation of the science behind it. <A \r\n                  href=\"http://palmpowered.com/c.html?rtr=on&amp;s=3,io,l,5hrm,6ey9,4m6c,imd4\"><STRONG>more...</STRONG></A></TD></TR></TBODY></TABLE><BR><BR>\r\n            <TABLE cellSpacing=0 cellPadding=0 width=\"100%\" border=0>\r\n              <TBODY>\r\n              <TR vAlign=top align=middle>\r\n                <TD class=copy width=\"20%\"><A \r\n                  href=\"http://palmpowered.com/c.html?rtr=on&amp;s=3,io,l,cra4,e764,4m6c,imd4\"><IMG \r\n                  class=border height=100 \r\n                  alt=\"Get Anyone to Do Anything and Never Feel Powerless Again\" \r\n                  src=\"http://images.palmgear.com/external/psi/04_0113/cover_41.jpg\" \r\n                  width=66 border=0 NOSEND=\"1\"><BR>Get Anyone<BR>to Do \r\n                  Anything<BR>and Never Feel Powerless Again</A></TD>\r\n                <TD class=copy width=\"20%\"><A \r\n                  href=\"http://palmpowered.com/c.html?rtr=on&amp;s=3,io,l,4d4o,6smk,4m6c,imd4\"><IMG \r\n                  class=border height=100 alt=\"The Power of Social Intelligence\" \r\n                  src=\"http://images.palmgear.com/external/psi/04_0113/cover_42.jpg\" \r\n                  width=66 border=0 NOSEND=\"1\"><BR>The Power<BR>of Social \r\n                  Intelligence</A></TD>\r\n                <TD class=copy><A \r\n                  href=\"http://palmpowered.com/c.html?rtr=on&amp;s=3,io,l,gkjx,7uwg,4m6c,imd4\"><IMG \r\n                  class=border height=100 \r\n                  alt=\"The 7 Habits of Highly Effective People\" \r\n                  src=\"http://images.palmgear.com/external/psi/04_0113/cover_43.jpg\" \r\n                  width=67 border=0 NOSEND=\"1\"><BR>The 7 Habits of Highly \r\n                  Effective People</A></TD>\r\n                <TD class=copy width=\"20%\"><A \r\n                  href=\"http://palmpowered.com/c.html?rtr=on&amp;s=3,io,l,4jp1,eboa,4m6c,imd4\"><IMG \r\n                  class=border height=100 \r\n                  alt=\"The Gentle Art of Verbal Self-Defense\" \r\n                  src=\"http://images.palmgear.com/external/psi/04_0113/cover_44.jpg\" \r\n                  width=68 border=0 NOSEND=\"1\"><BR>The Gentle Art<BR>of \r\n                  Verbal<BR>Self-Defense</A></TD>\r\n                <TD class=copy width=\"20%\"><A \r\n                  href=\"http://palmpowered.com/c.html?rtr=on&amp;s=3,io,l,m56l,7zi5,4m6c,imd4\"><IMG \r\n                  class=border height=100 alt=\"The Power of Verbal Intelligence\" \r\n                  src=\"http://images.palmgear.com/external/psi/04_0113/cover_45.jpg\" \r\n                  width=66 border=0 NOSEND=\"1\"><BR>The Power of Verbal \r\n                  Intelligence</A> </TD></TR></TBODY></TABLE><BR><BR></TD></TR>\r\n        <TR>\r\n          <TD style=\"BACKGROUND-COLOR: #486595\" colSpan=2 height=7><IMG \r\n            height=7 \r\n            src=\"http://images.palmgear.com/external/psi/04_0113/blank.gif\" \r\n            width=1 NOSEND=\"1\"></TD></TR>\r\n        <TR>\r\n          <TD class=copy \r\n          style=\"PADDING-RIGHT: 8px; PADDING-LEFT: 8px; PADDING-BOTTOM: 8px; PADDING-TOP: 8px\" \r\n          colSpan=2><BR><!---------- Promo Code ----------><STRONG \r\n            class=heading1>Promo Code</STRONG><BR>\r\n            <DIV class=smaller>Punch in this week\'s Promo Code \r\n            <STRONG>READEASY</STRONG> to receive a 10% discount off each book \r\n            that you purchase. Offer good through January 21, 2004 on all books \r\n            priced more than $3.00. Cannot be used in conjunction with other \r\n            special offers.</DIV><BR><BR><!---------- Salutation ---------->\r\n            <DIV class=smaller>Have a great week!<BR><BR><STRONG>The Team at \r\n            Palm Digital Media</STRONG> </DIV><BR><BR><BR><!---------- Unsubscribe ----------><STRONG \r\n            class=heading1>Note:</STRONG> \r\n            <DIV class=footer>The views and opinions expressed in materials \r\n            appearing at PalmDigitalMedia.com are strictly those of the authors \r\n            and do not necessarily state or reflect those of \r\n            PalmDigitalMedia.com or its parent company PalmGear.com. \r\n            PalmDigitalMedia.com does not endorse any political or religious \r\n            position or activity identified in its website, e-mail marketing \r\n            campaigns nor through its agreements with hosted \r\n            organizations.<BR><BR>If you would rather receive this newsletter in \r\n            plain text format, just <A \r\n            href=\"http://palmpowered.com/c.html?rtr=on&amp;s=3,io,l,fg2n,frrl,4m6c,imd4\">log \r\n            in to your account</A> and change your preference.<BR><BR>To \r\n            unsubscribe at any time, <A \r\n            href=\"http://palmpowered.com/functions/mailing_list.html?mid=672&amp;submitaction=2&amp;mlid=21&amp;activity=submit&amp;siteid=3&amp;email=pylb@anao.fr&amp;redirection=http%3A%2F%2Fpalmpowered.com%2Ffunctions%2Funsubscribed.html\">click \r\n            here</A> or send an email to: unsubscribe-21@palmpowered.com \r\n            <BR><BR>Please note that this mailing list is the best way to stay \r\n            in touch with new developments and offers! <BR><BR>830 Crescent \r\n            Centre Dr <BR>Suite 460 <BR>Franklin, TN 37067 <BR></DIV><!---------- Copyright link to PDM ---------->\r\n            <P class=footer align=center><A \r\n            href=\"http://palmpowered.com/c.html?rtr=on&amp;s=3,io,l,gj0g,5ew3,4m6c,imd4\">Copyright \r\n            &copy; 2004 Palm Digital Media, Inc. All rights reserved.</A></P></TD></TR>\r\n        <TR>\r\n          <TD style=\"BACKGROUND-COLOR: #486595\" colSpan=2 height=7><IMG \r\n            height=7 \r\n            src=\"http://images.palmgear.com/external/psi/04_0113/blank.gif\" \r\n            width=1 NOSEND=\"1\"></TD></TR></TBODY></TABLE><!-- end content --></TD>\r\n    <TD width=\"40%\" bgColor=#486595>&nbsp;</TD></TR></TBODY></TABLE><IMG \r\nsrc=\"http://palmpowered.com/images/mlopen.gif?rtr=on&amp;siteid=3&amp;mid=672&amp;mlid=21&amp;uid=34944d41b8\" \r\nNOSEND=\"1\"><IMG \r\nsrc=\"http://palmpowered.com/images/mlopen_post.html?rtr=on&amp;siteid=3&amp;mid=672&amp;mlid=21&amp;uid=34944d41b8\" \r\nNOSEND=\"1\"> </BODY></HTML>\r\n','','','','2004-01-21','12:00:00'),(3,'COPERNIC ---------------------------- test 3','Copernic','','','','<html>\r\n<head>\r\n<title>Nouveau : Copernic Summarizer 2.0</title>\r\n\r\n</head>\r\n\r\n<body bgcolor=\"3289C6\" text=\"#000000\" leftmargin=\"0\" topmargin=\"8\" marginwidth=\"0\" marginheight=\"8\" link=\"#003399\" vlink=\"#003399\" alink=\"#003399\">\r\n<div align=\"center\">\r\n  <table width=\"600\" border=\"0\" cellspacing=\"0\" cellpadding=\"0\" bgcolor=\"#FFFFFF\">\r\n    <tr>\r\n      <td valign=\"top\"> <img src=\"http://a836.g.akamai.net/7/836/1464/719e7f4ff702a7/www.copernic.com/mailings/021/v1-logo-copernic.gif\" width=\"116\" alt=\"Copernic.com\"><img src=\"http://a836.g.akamai.net/7/836/1464/8d92a31fa8109c/www.copernic.com/mailings/021/v1-header-fr.gif\" width=\"484\" alt=\"Nouveau : Copernic Summarizer 2.0\" height=\"45\"> \r\n        <table width=\"100%\" border=\"0\" cellspacing=\"0\" cellpadding=\"0\">\r\n          <tr valign=\"top\"> \r\n            <td width=\"60%\" align=\"center\" valign=\"top\"> \r\n              <table width=\"100%\" border=\"0\" cellspacing=\"0\" cellpadding=\"0\">\r\n                <tr>\r\n                  <td><img src=\"http://a836.g.akamai.net/7/836/1464/5472601571f31e/www.copernic.com/mailings/021/1-pixel.gif\" width=\"1\" height=\"12\"></td>\r\n                </tr>\r\n              </table>\r\n              <table width=\"330\" border=\"0\" cellspacing=\"0\" cellpadding=\"0\">\r\n                <tr>\r\n                  <td valign=\"top\"> \r\n                    <div align=\"center\"><font face=\"Verdana, Arial, Helvetica, sans-serif\" size=\"2\"><b>Lancement \r\n                      de la version 2.0 de notre </b></font><b><font face=\"Verdana, Arial, Helvetica, sans-serif\" size=\"2\">logiciel \r\n                      de résumé de texte\r\n					  </font></b> <font face=\"Verdana, Arial, Helvetica, sans-serif\" size=\"2\"> \r\n                      </font> </div>\r\n                    <table width=\"100%\" border=\"0\" cellspacing=\"0\" cellpadding=\"0\">\r\n                      <tr>\r\n                        <td><img src=\"http://a836.g.akamai.net/7/836/1464/5472601571f31e/www.copernic.com/mailings/021/1-pixel.gif\" width=\"1\" height=\"3\"></td>\r\n                      </tr>\r\n                    </table>\r\n                    <div align=\"center\"><font face=\"Verdana, Arial, Helvetica, sans-serif\" size=\"2\">Maintenant \r\n                      disponible en version d\'essai</font> </div>\r\n                    <table width=\"100%\" border=\"0\" cellspacing=\"0\" cellpadding=\"0\">\r\n                      <tr>\r\n                        <td><img src=\"http://a836.g.akamai.net/7/836/1464/5472601571f31e/www.copernic.com/mailings/021/1-pixel.gif\" width=\"1\" height=\"12\"></td>\r\n                      </tr>\r\n                    </table>\r\n                    <font face=\"Verdana, Arial, Helvetica, sans-serif\" size=\"1\">Libérez-vous \r\n                    de la surabondance d\'information avec Copernic Summarizer. \r\n                    Facile à utiliser, ce produit vous permet d\'augmenter \r\n                    de façon substantielle votre productivité et \r\n                    votre efficacité par le biais de résumés \r\n                    concis de documents ou de pages Web. Vous passerez ainsi moins \r\n                    de temps à lire, sans toutefois manquer l\'information \r\n                    qui vous apparaît essentielle.\r\n					</font> \r\n                    <table width=\"100%\" border=\"0\" cellspacing=\"0\" cellpadding=\"0\">\r\n                      <tr>\r\n                        <td><img src=\"http://a836.g.akamai.net/7/836/1464/5472601571f31e/www.copernic.com/mailings/021/1-pixel.gif\" width=\"1\" height=\"14\"></td>\r\n                      </tr>\r\n                    </table>\r\n                    <font face=\"Verdana, Arial, Helvetica, sans-serif\" size=\"1\">Recourant \r\n                    à des algorithmes basés sur des calculs statistiques \r\n                    et des données linguistiques, Copernic Summarizer identifie \r\n                    les concepts clés d\'un texte et en extrait les phrases \r\n                    les plus marquantes. Le résultat : un résumé \r\n                    fidèle au contenu du document original.<br>\r\n                     </font> \r\n                    <table width=\"100%\" border=\"1\" cellspacing=\"0\" cellpadding=\"3\" bordercolor=\"#666666\" style=\"border-collapse: collapse\" bgcolor=\"#D6DFF7\">\r\n                      <tr>\r\n                        <td bordercolor=\"1\" valign=\"top\"> \r\n                          <table width=\"100%\" border=\"0\" cellspacing=\"0\" cellpadding=\"0\">\r\n                            <tr>\r\n                              <td><img src=\"http://a836.g.akamai.net/7/836/1464/5472601571f31e/www.copernic.com/mailings/021/1-pixel.gif\" width=\"1\" height=\"5\"></td>\r\n                            </tr>\r\n                          </table>\r\n                          <table width=\"97%\" border=\"0\" cellspacing=\"0\" cellpadding=\"0\" align=\"center\">\r\n                            <tr valign=\"middle\"> \r\n                              <td width=\"73%\"><font face=\"Arial, Helvetica, sans-serif\" size=\"3\"><b><a href=\"http://www.copernic.com/go/index.shtml?dest=mm021downloadfr\">Télécharger \r\n                                la version d\'essai gratuitement</a></b></font><br>\r\n                                <font face=\"Verdana, Arial, Helvetica, sans-serif\" size=\"1\"><img src=\"http://a836.g.akamai.net/7/836/1464/5472601571f31e/www.copernic.com/mailings/021/1-pixel.gif\" width=\"1\" height=\"6\"><br>\r\n                                Téléchargez cette version d\'essai \r\n                                donnant accès gratuitement à <b>toutes \r\n                                les fonctionnalités pour 30 jours</b>.</font></td>\r\n                              <td align=\"center\" width=\"27%\"><a href=\"http://www.copernic.com/go/index.shtml?dest=mm021downloadfr\"><img src=\"http://a836.g.akamai.net/7/836/1464/b1da1128bee9f6/www.copernic.com/mailings/021/v1-arrow-download-2.gif\" width=\"43\" height=\"43\" border=\"0\"></a></td>\r\n                            </tr>\r\n                          </table>\r\n                          \r\n                          <table width=\"100%\" border=\"0\" cellspacing=\"0\" cellpadding=\"0\">\r\n                            <tr>\r\n                              <td><img src=\"http://a836.g.akamai.net/7/836/1464/5472601571f31e/www.copernic.com/mailings/021/1-pixel.gif\" width=\"1\" height=\"5\"></td>\r\n                            </tr>\r\n                          </table>\r\n                        </td>\r\n                      </tr>\r\n                    </table>\r\n                    <table width=\"100%\" border=\"0\" cellspacing=\"0\" cellpadding=\"2\">\r\n                      <tr>\r\n                        <td align=\"center\">\r\n                          <table width=\"100%\" border=\"0\" cellspacing=\"0\" cellpadding=\"0\">\r\n                            <tr>\r\n                              <td><img src=\"http://a836.g.akamai.net/7/836/1464/5472601571f31e/www.copernic.com/mailings/021/1-pixel.gif\" width=\"1\" height=\"4\"></td>\r\n                            </tr>\r\n                          </table>\r\n                          <font face=\"Verdana, Arial, Helvetica, sans-serif\" size=\"2\"><b><u>OU</u></b></font> \r\n                          <table width=\"100%\" border=\"0\" cellspacing=\"0\" cellpadding=\"0\">\r\n                            <tr>\r\n                              <td><img src=\"http://a836.g.akamai.net/7/836/1464/5472601571f31e/www.copernic.com/mailings/021/1-pixel.gif\" width=\"1\" height=\"6\"></td>\r\n                            </tr>\r\n                          </table>\r\n                        </td>\r\n                      </tr>\r\n                    </table>\r\n                    <table width=\"100%\" border=\"1\" cellspacing=\"0\" cellpadding=\"5\" bordercolor=\"#666666\" style=\"border-collapse: collapse\" bgcolor=\"D6DFF7\">\r\n                      <tr> \r\n                        <td bordercolor=\"1\" valign=\"top\"> \r\n                          <table width=\"100%\" border=\"0\" cellspacing=\"0\" cellpadding=\"0\">\r\n                            <tr>\r\n                              <td><img src=\"http://a836.g.akamai.net/7/836/1464/5472601571f31e/www.copernic.com/mailings/021/1-pixel.gif\" width=\"1\" height=\"2\"></td>\r\n                            </tr>\r\n                          </table>\r\n                          <table width=\"97%\" border=\"0\" cellspacing=\"0\" cellpadding=\"0\" align=\"center\">\r\n                            <tr>\r\n                              <td width=\"69%\" valign=\"top\"> <font face=\"Arial, Helvetica, sans-serif\" size=\"3\"><b><a href=\"http://www.copernic.com/go/index.shtml?dest=mm021buyfr\">Acheter \r\n                                maintenant</a></b></font><br>\r\n                                <font face=\"Verdana, Arial, Helvetica, sans-serif\" size=\"1\"><b>Rabais \r\n                                de lancement<br>\r\n                                Prend fin le 31 janvier 2002</b><br>\r\n                                <img src=\"http://a836.g.akamai.net/7/836/1464/5472601571f31e/www.copernic.com/mailings/021/1-pixel.gif\" width=\"1\" height=\"4\"><br>\r\n                                </font> \r\n                                <table width=\"100%\" border=\"0\" cellspacing=\"0\" cellpadding=\"0\">\r\n                                  <tr valign=\"top\"> \r\n                                    <td width=\"12%\" valign=\"middle\" align=\"center\"><img src=\"http://a836.g.akamai.net/7/836/1464/787b536e412ae4/www.copernic.com/mailings/021/v1-secure.gif\" width=\"12\" height=\"15\"></td>\r\n                                    <td width=\"88%\"><font face=\"Verdana, Arial, Helvetica, sans-serif\" size=\"1\">Garantie \r\n                                      de remboursement <br>\r\n                                      de 30 jours<br>\r\n                                      Achat en ligne sécuritaire</font></td>\r\n                                  </tr>\r\n                                </table>\r\n                                \r\n                              </td>\r\n                              <td width=\"31%\" align=\"center\" valign=\"middle\"> \r\n                                <b><font face=\"Verdana, Arial, Helvetica, sans-serif\" size=\"2\">Épargnez<br>\r\n                                20%</font><font face=\"Arial, Helvetica, sans-serif\" size=\"1\"><br>\r\n                                </font></b> \r\n                                <table width=\"100%\" border=\"0\" cellspacing=\"0\" cellpadding=\"0\">\r\n                                  <tr>\r\n                                    <td><img src=\"http://a836.g.akamai.net/7/836/1464/5472601571f31e/www.copernic.com/mailings/021/1-pixel.gif\" width=\"1\" height=\"9\"></td>\r\n                                  </tr>\r\n                                </table>\r\n                                <b><font face=\"Verdana, Arial, Helvetica, sans-serif\" size=\"1\"><s>59,95 \r\n                                $US</s> </font><br>\r\n                                <font face=\"Verdana, Arial, Helvetica, sans-serif\" size=\"2\">47,99 \r\n                                $US </font></b> </td>\r\n                            </tr>\r\n                          </table>\r\n                          \r\n                          <table width=\"100%\" border=\"0\" cellspacing=\"0\" cellpadding=\"0\">\r\n                            <tr>\r\n                              <td><img src=\"http://a836.g.akamai.net/7/836/1464/5472601571f31e/www.copernic.com/mailings/021/1-pixel.gif\" width=\"1\" height=\"2\"></td>\r\n                            </tr>\r\n                          </table>\r\n                        </td>\r\n                      </tr>\r\n                    </table>\r\n                    \r\n                  </td>\r\n                </tr>\r\n              </table>\r\n              <table width=\"100%\" border=\"0\" cellspacing=\"0\" cellpadding=\"0\">\r\n                <tr>\r\n                  <td><img src=\"http://a836.g.akamai.net/7/836/1464/5472601571f31e/www.copernic.com/mailings/021/1-pixel.gif\" width=\"1\" height=\"14\"><img src=\"http://a836.g.akamai.net/7/836/1464/5472601571f31e/www.copernic.com/mailings/021/pixel-v1.gif\" width=\"1\" height=\"1\"></td>\r\n                </tr>\r\n              </table>\r\n            </td>\r\n            <td align=\"left\"> \r\n              <table width=\"100%\" border=\"0\" cellspacing=\"0\" cellpadding=\"0\">\r\n                <tr>\r\n                  <td><img src=\"http://a836.g.akamai.net/7/836/1464/5472601571f31e/www.copernic.com/mailings/021/1-pixel.gif\" width=\"1\" height=\"10\"></td>\r\n                </tr>\r\n              </table>\r\n              <table width=\"224\" border=\"1\" cellspacing=\"0\" cellpadding=\"0\" style=\"border-collapse: collapse\" bordercolor=\"#666666\">\r\n                <tr>\r\n                  <td valign=\"top\" bgcolor=\"#F8F8F8\"> \r\n                    <table width=\"100%\" border=\"0\" cellspacing=\"0\" cellpadding=\"2\" bgcolor=\"#FFFFFF\">\r\n                      <tr>\r\n                        <td align=\"center\" valign=\"top\"><img src=\"http://a836.g.akamai.net/7/836/1464/f1e4ff4a497e52/www.copernic.com/mailings/021/v1-logo-summa-slogan-fr.gif\" width=\"216\" height=\"75\" alt=\"Copernic Summarizer - Optimisez votre temps de lecture\"></td>\r\n                      </tr>\r\n                    </table>\r\n                    <table width=\"100%\" border=\"0\" cellspacing=\"0\" cellpadding=\"3\">\r\n                      <tr>\r\n                        <td valign=\"top\" align=\"center\"> \r\n                          <img src=\"http://a836.g.akamai.net/7/836/1464/5472601571f31e/www.copernic.com/mailings/021/1-pixel.gif\" width=\"1\" height=\"5\"><br>\r\n                          <img src=\"http://a836.g.akamai.net/7/836/1464/465f1041c90bde/www.copernic.com/mailings/021/newv1-screenshot.gif\" width=\"176\" height=\"125\" alt=\"Copernic Summarizer\"> \r\n                          <table width=\"95%\" border=\"0\" cellspacing=\"0\" cellpadding=\"0\" align=\"center\">\r\n                            <tr>\r\n                              <td align=\"left\" valign=\"top\"> \r\n                                <div align=\"center\"><img src=\"http://a836.g.akamai.net/7/836/1464/5472601571f31e/www.copernic.com/mailings/021/1-pixel.gif\" width=\"1\" height=\"9\"><br>\r\n                                  <font face=\"Verdana, Arial, Helvetica, sans-serif\" size=\"2\"><b>Aperçu \r\n                                  des fonctionnalités de Copernic Summarizer \r\n                                  v2.0:</b><br>\r\n                                  <img src=\"http://a836.g.akamai.net/7/836/1464/5472601571f31e/www.copernic.com/mailings/021/1-pixel.gif\" width=\"1\" height=\"4\"><br>\r\n                                  </font> </div>\r\n                                <table width=\"100%\" border=\"0\" cellspacing=\"0\" cellpadding=\"1\">\r\n                                  <tr valign=\"top\"> \r\n                                    <td width=\"7%\"><font face=\"Verdana, Arial, Helvetica, sans-serif\" size=\"1\"><b><font color=\"#ED5E0D\">></font></b></font></td>\r\n                                    <td width=\"93%\"><font face=\"Arial, Helvetica, sans-serif\" size=\"1\">Assure \r\n                                      le traitement de la <b>plupart des formats \r\n                                      de document</b>, y compris le format <b>PDF,</b> \r\n                                      et ce, dans 4 langues.</font></td>\r\n                                  </tr>\r\n                                  <tr valign=\"top\"> \r\n                                    <td width=\"7%\"><font face=\"Verdana, Arial, Helvetica, sans-serif\" size=\"1\"><b><font color=\"#ED5E0D\">></font></b></font></td>\r\n                                    <td width=\"93%\"><font face=\"Arial, Helvetica, sans-serif\" size=\"1\"><b>Sintègre</b> \r\n                                      aux applications les plus répandues \r\n                                      pour un accès plus facile.</font></td>\r\n                                  </tr>\r\n                                  <tr valign=\"top\"> \r\n                                    <td width=\"7%\"><font face=\"Verdana, Arial, Helvetica, sans-serif\" size=\"1\"><b><font color=\"#ED5E0D\">></font></b></font></td>\r\n                                    <td width=\"93%\"><font face=\"Arial, Helvetica, sans-serif\" size=\"1\">Génère \r\n                                      <b>des résumés de pages Web \r\n                                      en temps réel</b> tout en naviguant.</font></td>\r\n                                  </tr>\r\n                                  <tr valign=\"top\"> \r\n                                    <td width=\"7%\"><font face=\"Verdana, Arial, Helvetica, sans-serif\" size=\"1\"><b><font color=\"#ED5E0D\">></font></b></font></td>\r\n                                    <td width=\"93%\"><font face=\"Arial, Helvetica, sans-serif\" size=\"1\">Utilise \r\n                                      <b>WebEssence</b>, une<b> technologie exclusive \r\n                                      </b>procurant des résumés \r\n                                      de pages Web de qualité.</font></td>\r\n                                  </tr>\r\n                                  <tr valign=\"top\"> \r\n                                    <td width=\"7%\"><font face=\"Verdana, Arial, Helvetica, sans-serif\" size=\"1\"><b><font color=\"#ED5E0D\">></font></b></font></td>\r\n                                    <td width=\"93%\"><font face=\"Arial, Helvetica, sans-serif\" size=\"1\"><b>Permet \r\n                                      de conserver ou de partager </b>vos résumés \r\n                                      sous différents formats pour un meilleur \r\n                                      échange de linformation.</font></td>\r\n                                  </tr>\r\n                                </table>\r\n                                <table width=\"100%\" border=\"0\" cellspacing=\"0\" cellpadding=\"0\">\r\n                                  <tr>\r\n                                    <td><img src=\"http://a836.g.akamai.net/7/836/1464/5472601571f31e/www.copernic.com/mailings/021/1-pixel.gif\" width=\"1\" height=\"12\"></td>\r\n                                  </tr>\r\n                                </table>\r\n                              </td>\r\n                            </tr>\r\n                          </table>\r\n                          \r\n                        </td>\r\n                      </tr>\r\n                    </table>\r\n                  </td>\r\n                </tr>\r\n              </table>\r\n            </td>\r\n          </tr>\r\n        </table>\r\n        <table width=\"100%\" border=\"0\" cellspacing=\"0\" cellpadding=\"0\" bgcolor=\"747474\" height=\"1\">\r\n          <tr>\r\n            <td valign=\"top\"><img src=\"http://a836.g.akamai.net/7/836/1464/5472601571f31e/www.copernic.com/mailings/021/1-pixel.gif\" width=\"1\" height=\"1\"></td>\r\n          </tr>\r\n        </table>\r\n        <table width=\"100%\" border=\"0\" cellspacing=\"0\" cellpadding=\"10\" bgcolor=\"f8f8f8\">\r\n          <tr>\r\n            <td valign=\"top\">\r\n              <p><font size=\"1\" face=\"Verdana, Arial, Helvetica\"><b>À PROPOS DE \r\n                CE COURRIER</b></font><font size=\"1\" face=\"Arial, Helvetica\"><br>\r\n                <br>\r\n                Ce message est envoyé uniquement aux personnes qui, au moment \r\n                de l\'installation d\'un produit de Copernic.com, ont exprimé le \r\n                souhait de recevoir des avis relatifs à de nouveaux produits, \r\n                des mises à jour et des offres spéciales de Copernic.com.<br>\r\n                <br>\r\n                Veuillez ne pas répondre à ce message, car il s\'agit d\'un service \r\n                d\'information électronique. Pour nous écrire, visitez la page \r\n                <a href=\"http://www.copernic.com/fr/contacts/\"> http://www.copernic.com/fr/contacts/</a>. <br>\r\n                <br>\r\n                Si vous voulez ne plus recevoir des nouvelles sur nos produits, \r\n                visitez: <a href=\"http://www.copernic.com/fr/support/unsub.html\"> \r\n                http://www.copernic.com/fr/support/unsub.html</a>.</font></p>\r\n    </td>\r\n          </tr>\r\n        </table>\r\n        \r\n      </td>\r\n    </tr>\r\n  </table>\r\n</div>\r\n</body>\r\n</html>\r\n','http://www.anao.fr, http://www.anao.fr/anao/','','','2004-01-21','12:00:00');
UNLOCK TABLES;
/*!40000 ALTER TABLE newsletter ENABLE KEYS */;

--
-- Dumping data for table `pages`
--


/*!40000 ALTER TABLE pages DISABLE KEYS */;
LOCK TABLES pages WRITE;
INSERT INTO pages (pa_index, di_index, pa_filename) VALUES (1,'accueil','accueil.php'),(10,'articles','articles.php'),(102,'lfournis','lfournis.php'),(40,'agenda','agenda.php'),(50,'news','news.php'),(60,'forum','forum.php'),(35,'newsltr','newsltr.php'),(302,'beston','dbeston.php'),(90,'recherch','recherch.php'),(85,'telechar','telechar.php'),(100,'stats','stats.php'),(2022,'dbescop','dbescop.php'),(204,'comcop','dcomcop.php'),(202,'bescop','dbescop.php'),(110,'artcomp','article_complet.php'),(42,'diary','diary.php'),(12,'divers','divers.php'),(121,'divdet','divers_detail.php'),(15,'members','members.php'),(111,'photos','photos.php'),(201,'plancop','plancop.php'),(16,'ed_membe','editer_members.php'),(2,'applis','applications.php'),(9000,'adm_user','adm_user.php'),(9010,'adm_nslt','adm_nslt.php'),(9020,'adm_news','adm_news.php'),(9030,'adm_item','adm_item.php'),(9040,'adm_diar','adm_diar.php'),(9050,'adm_appl','adm_appl.php'),(9060,'adm_stat','adm_stat.php'),(301,'planton','planton.php'),(304,'comton','dcomton.php'),(2023,'dbeston','dbeston.php'),(2024,'dcomcop','dcomcop.php'),(2025,'dcomton','dcomton.php'),(305,'artcop','dartcop.php'),(306,'artton','dartton.php'),(2305,'dartcop','dartcop.php'),(2306,'dartton','dartton.php'),(400,'lexped','lexped.php'),(401,'lrecept','lrecept.php'),(402,'lcomma','lcommandes.php'),(307,'consicop','dconsico.php'),(308,'consiton','dconsito.php'),(2307,'dconsico','dconsico.php'),(2308,'dconsito','dconsito.php'),(501,'bescop8','dbescop8.php'),(502,'beston8','dbeston8.php'),(103,'fiche_fo','fiche_fournisseur.php'),(9061,'blocks','blocks.php'),(56,'importf','importf.php'),(55,'import','import.php');
UNLOCK TABLES;
/*!40000 ALTER TABLE pages ENABLE KEYS */;

--
-- Dumping data for table `subscribers`
--


/*!40000 ALTER TABLE subscribers DISABLE KEYS */;
LOCK TABLES subscribers WRITE;
INSERT INTO subscribers (sub_index, sub_email) VALUES (1,'pylb@wanadoo.fr'),(2,'coupures@wanadoo.fr'),(4,'davidbl@wanadoo.fr'),(8,'contact@anao.fr'),(9,'rgriesmar@toshiba-teis.com');
UNLOCK TABLES;
/*!40000 ALTER TABLE subscribers ENABLE KEYS */;

/*!40101 SET SQL_MODE=@OLD_SQL_MODE */;
/*!40014 SET FOREIGN_KEY_CHECKS=@OLD_FOREIGN_KEY_CHECKS */;
/*!40014 SET UNIQUE_CHECKS=@OLD_UNIQUE_CHECKS */;

