-- MySQL dump 10.2
--
-- Host: localhost    Database: factory
-- ------------------------------------------------------
-- Server version	4.1.0-alpha-Max

/*!40101 SET NAMES latin1*/;
/*!40014 SET @OLD_UNIQUE_CHECKS=@@UNIQUE_CHECKS, UNIQUE_CHECKS=0 */;
/*!40014 SET @OLD_FOREIGN_KEY_CHECKS=@@FOREIGN_KEY_CHECKS, FOREIGN_KEY_CHECKS=0 */;
/*!40101 SET @OLD_SQL_MODE=@@SQL_MODE, SQL_MODE=NO_AUTO_VALUE_ON_ZERO */;

--
-- Dumping data for table `applications`
--


/*!40000 ALTER TABLE applications DISABLE KEYS */;
LOCK TABLES applications WRITE;
INSERT INTO applications (app_index, app_link, di_index) VALUES (10,'admin/','modadmin');
UNLOCK TABLES;
/*!40000 ALTER TABLE applications ENABLE KEYS */;

--
-- Dumping data for table `blocks`
--


/*!40000 ALTER TABLE blocks DISABLE KEYS */;
LOCK TABLES blocks WRITE;
INSERT INTO blocks (bl_index, bl_column, bl_type, di_index) VALUES (10,'1','menu','mainmenu'),(20,'1','form','members'),(30,'3','form','newsltr');
UNLOCK TABLES;
/*!40000 ALTER TABLE blocks ENABLE KEYS */;

--
-- Dumping data for table `bugreport`
--


/*!40000 ALTER TABLE bugreport DISABLE KEYS */;
LOCK TABLES bugreport WRITE;
INSERT INTO bugreport (br_index, br_title, br_text, br_importance, br_status, br_date, br_time, mbr_index) VALUES (1,'reterte','rtezteztret',3,'fixé','2004-02-11','18:32:30',1),(2,'qgqsdg','fdgsqdg',3,'à fixer','2004-02-11','18:28:53',1),(3,'gdsfg','fdqgqfgdff',1,'à fixer','2004-02-11','18:29:13',1);
UNLOCK TABLES;
/*!40000 ALTER TABLE bugreport ENABLE KEYS */;

--
-- Dumping data for table `changelog`
--


/*!40000 ALTER TABLE changelog DISABLE KEYS */;
LOCK TABLES changelog WRITE;
UNLOCK TABLES;
/*!40000 ALTER TABLE changelog ENABLE KEYS */;

--
-- Dumping data for table `diary`
--


/*!40000 ALTER TABLE diary DISABLE KEYS */;
LOCK TABLES diary WRITE;
INSERT INTO diary (dy_index, dy_date, dy_time, dy_length, dy_object, dy_description, dy_place, dy_document, mbr_index) VALUES (1,'2003-03-18','09:00:00','02:00:00','Réunion du 2003-03-18','',NULL,'none',1),(2,'2003-03-18','09:00:00','02:00:00','Réunion du 2003-03-18','',NULL,'none',1),(3,'2003-05-20','09:00:00','02:00:00','Réunion du 2003-05-20','',NULL,'none',1),(4,'2003-04-24','09:00:00','02:00:00','Réunion du 2003-04-24','',NULL,'none',1),(5,'2003-07-01','09:00:00','02:00:00','Réunion du 2003-07-01','',NULL,'none',1),(6,'2003-07-01','09:00:00','02:00:00','Réunion du 2003-07-01','',NULL,'none',1),(7,'2003-03-18','09:00:00','02:00:00','Réunion du 2003-03-18','',NULL,'none',1),(8,'2003-03-18','09:00:00','02:00:00','Réunion du 2003-03-18','',NULL,'none',1),(9,'2003-05-20','09:00:00','02:00:00','Réunion du 2003-05-20','',NULL,'none',1),(10,'2003-04-24','09:00:00','02:00:00','Réunion du 2003-04-24','',NULL,'none',1),(11,'2003-01-14','09:00:00','02:00:00','Réunion du 2003-01-14','',NULL,'none',1),(12,'2003-05-20','09:00:00','02:00:00','Réunion du 2003-05-20','',NULL,'none',1),(13,'2003-06-24','09:00:00','02:00:00','Réunion du 2003-06-24','',NULL,'none',1),(14,'2003-03-18','09:00:00','02:00:00','Réunion du 2003-03-18','',NULL,'none',1),(15,'2003-09-08','09:00:00','02:00:00','Réunion du 2003-09-08','',NULL,'none',1),(16,'2003-07-10','09:00:00','02:00:00','Réunion du 2003-07-10','',NULL,'none',1),(17,'2003-03-14','09:00:00','02:00:00','Réunion du 2003-03-14','',NULL,'none',1),(18,'2003-03-14','09:00:00','02:00:00','Réunion du 2003-03-14','',NULL,'none',1),(19,'2003-03-19','09:00:00','02:00:00','Réunion du 2003-03-19','',NULL,'none',1),(20,'2003-05-20','09:00:00','02:00:00','Réunion du 2003-05-20','',NULL,'none',1),(21,'2003-03-28','09:00:00','02:00:00','Réunion du 2003-03-28','',NULL,'none',1),(22,'2003-04-29','09:00:00','02:00:00','Réunion du 2003-04-29','',NULL,'none',1),(23,'2003-06-30','09:00:00','02:00:00','Réunion du 2003-06-30','',NULL,'none',1),(24,'2003-06-30','09:00:00','02:00:00','Réunion du 2003-06-30','',NULL,'none',1),(25,'2003-06-30','09:00:00','02:00:00','Réunion du 2003-06-30','',NULL,'none',1),(26,'2003-07-01','09:00:00','02:00:00','Réunion du 2003-07-01','',NULL,'none',1),(27,'2003-07-02','09:00:00','02:00:00','Réunion du 2003-07-02','',NULL,'none',1),(28,'2003-07-03','09:00:00','02:00:00','Réunion du 2003-07-03','',NULL,'none',1),(29,'2003-07-04','09:00:00','02:00:00','Réunion du 2003-07-04','',NULL,'none',1),(30,'2003-07-08','09:00:00','02:00:00','Réunion du 2003-07-08','',NULL,'none',1),(31,'2003-07-09','09:00:00','02:00:00','Réunion du 2003-07-09','',NULL,'none',1),(32,'2003-07-10','09:00:00','02:00:00','Réunion du 2003-07-10','',NULL,'none',1),(33,'2003-06-24','09:00:00','02:00:00','Réunion du 2003-06-24','',NULL,'none',1),(34,'2003-04-15','09:00:00','02:00:00','Réunion du 2003-04-15','',NULL,'none',1),(35,'2003-05-22','09:00:00','02:00:00','Réunion du 2003-05-22','',NULL,'none',1),(36,'2003-06-24','09:00:00','02:00:00','Réunion du 2003-06-24','',NULL,'none',1),(37,'2003-06-24','09:00:00','02:00:00','Réunion du 2003-06-24','',NULL,'none',1),(38,'2003-06-05','09:00:00','02:00:00','Réunion du 2003-06-05','',NULL,'none',1),(39,'2003-06-17','09:00:00','02:00:00','Réunion du 2003-06-17','',NULL,'none',1),(40,'2003-07-24','09:00:00','02:00:00','Réunion du 2003-07-24','',NULL,'none',1),(41,'2003-07-03','09:00:00','02:00:00','Réunion du 2003-07-03','',NULL,'none',1),(42,'2003-07-03','09:00:00','02:00:00','Réunion du 2003-07-03','',NULL,'none',1),(43,'2003-01-29','09:00:00','02:00:00','Réunion du 2003-01-29','',NULL,'none',1),(44,'2003-04-03','09:00:00','02:00:00','Réunion du 2003-04-03','',NULL,'none',1),(45,'2003-06-13','09:00:00','02:00:00','Réunion du 2003-06-13','',NULL,'none',1),(46,'2003-02-14','09:00:00','02:00:00','Réunion du 2003-02-14','',NULL,'none',1),(47,'2003-01-16','09:00:00','02:00:00','Réunion du 2003-01-16','',NULL,'none',1),(48,'2003-05-26','09:00:00','02:00:00','Réunion du 2003-05-26','',NULL,'none',1),(49,'2003-02-05','09:00:00','02:00:00','Réunion du 2003-02-05','',NULL,'none',1),(50,'2003-01-17','09:00:00','02:00:00','Réunion du 2003-01-17','',NULL,'none',1),(51,'2003-07-04','09:00:00','02:00:00','Réunion du 2003-07-04','',NULL,'none',1),(52,'2003-03-11','09:00:00','02:00:00','Réunion du 2003-03-11','',NULL,'none',1),(53,'2003-03-04','09:00:00','02:00:00','Réunion du 2003-03-04','',NULL,'none',1),(54,'2003-01-13','09:00:00','02:00:00','Réunion du 2003-01-13','',NULL,'none',1),(55,'2003-01-14','09:00:00','02:00:00','Réunion du 2003-01-14','',NULL,'none',1),(56,'2003-06-23','09:00:00','02:00:00','Réunion du 2003-06-23','',NULL,'none',1),(57,'2003-06-24','09:00:00','02:00:00','Réunion du 2003-06-24','',NULL,'none',1),(58,'2003-06-18','09:00:00','02:00:00','Réunion du 2003-06-18','',NULL,'none',1),(59,'2003-02-28','09:00:00','02:00:00','Réunion du 2003-02-28','',NULL,'none',1),(60,'2003-07-29','09:00:00','02:00:00','Réunion du 2003-07-29','',NULL,'none',1),(62,'2003-04-01','09:00:00','02:00:00','Réunion du 2003-04-01','',NULL,'none',1),(63,'2003-06-27','09:00:00','02:00:00','Réunion du 2003-06-27','',NULL,'none',1),(64,'2003-09-04','09:00:00','02:00:00','Réunion du 2003-09-04','',NULL,'none',1),(65,'2003-01-13','09:00:00','02:00:00','Réunion du 2003-01-13','',NULL,'none',1),(66,'2003-06-03','09:00:00','02:00:00','Réunion du 2003-06-03','',NULL,'none',1),(67,'2003-02-06','09:00:00','02:00:00','Réunion du 2003-02-06','',NULL,'none',1),(68,'2003-02-06','09:00:00','02:00:00','Réunion du 2003-02-06','',NULL,'none',1),(69,'2003-02-11','09:00:00','02:00:00','Réunion du 2003-02-11','',NULL,'none',1),(70,'2003-03-12','09:00:00','02:00:00','Réunion du 2003-03-12','',NULL,'none',1),(71,'2003-01-13','09:00:00','02:00:00','Réunion du 2003-01-13','',NULL,'none',1),(72,'2003-01-16','09:00:00','02:00:00','Réunion du 2003-01-16','',NULL,'none',1),(73,'2003-07-25','09:00:00','02:00:00','Réunion du 2003-07-25','',NULL,'none',1),(74,'2003-07-25','09:00:00','02:00:00','Réunion du 2003-07-25','',NULL,'none',1),(75,'2003-03-28','09:00:00','02:00:00','Réunion du 2003-03-28','',NULL,'none',1),(76,'2003-04-28','09:00:00','02:00:00','Réunion du 2003-04-28','',NULL,'none',1),(77,'2003-01-29','09:00:00','02:00:00','Réunion du 2003-01-29','',NULL,'none',1),(78,'2003-03-28','09:00:00','02:00:00','Réunion du 2003-03-28','',NULL,'none',1),(79,'2003-04-10','09:00:00','02:00:00','Réunion du 2003-04-10','',NULL,'none',1),(80,'2003-03-25','09:00:00','02:00:00','Réunion du 2003-03-25','',NULL,'none',1),(81,'2003-01-20','09:00:00','02:00:00','Réunion du 2003-01-20','',NULL,'none',1),(82,'2003-01-21','09:00:00','02:00:00','Réunion du 2003-01-21','',NULL,'none',1),(83,'2003-01-22','09:00:00','02:00:00','Réunion du 2003-01-22','',NULL,'none',1),(84,'2003-01-23','09:00:00','02:00:00','Réunion du 2003-01-23','',NULL,'none',1),(86,'2003-06-12','09:00:00','02:00:00','Réunion du 0000-00-00','',NULL,'none',1),(87,'2003-09-05','09:00:00','02:00:00','Réunion du 2003-09-05','',NULL,'none',1),(88,'2003-06-06','09:00:00','02:00:00','Réunion du 2003-06-06','',NULL,'none',1),(89,'2003-05-07','09:00:00','02:00:00','Réunion du 2003-05-07','',NULL,'none',1),(90,'2003-07-07','09:00:00','02:00:00','Réunion du 2003-07-07','',NULL,'none',1),(91,'2003-07-09','09:00:00','02:00:00','Réunion du 2003-07-09','',NULL,'none',1),(92,'2003-02-11','09:00:00','02:00:00','Réunion du 2003-02-11','',NULL,'none',1),(93,'2003-05-14','09:00:00','02:00:00','Réunion du 2003-05-14','',NULL,'none',1),(94,'2003-06-16','09:00:00','02:00:00','Réunion du 2003-06-16','',NULL,'none',1),(95,'2003-03-20','09:00:00','02:00:00','Réunion du 2003-03-20','',NULL,'none',1),(96,'2003-05-26','09:00:00','02:00:00','Réunion du 2003-05-26','',NULL,'none',1),(97,'2003-06-26','09:00:00','02:00:00','Réunion du 2003-06-26','',NULL,'none',1),(98,'2003-02-27','09:00:00','02:00:00','Réunion du 2003-02-27','',NULL,'none',1),(99,'2003-02-28','09:00:00','02:00:00','Réunion du 2003-02-28','',NULL,'none',1),(100,'2003-03-28','09:00:00','02:00:00','Réunion du 2003-03-28','',NULL,'none',1),(101,'2003-04-30','09:00:00','02:00:00','Réunion du 2003-04-30','',NULL,'none',1),(102,'2003-01-31','09:00:00','02:00:00','Réunion du 2003-01-31','',NULL,'none',1),(103,'2003-03-31','09:00:00','02:00:00','Réunion du 2003-03-31','',NULL,'none',1),(104,'2003-06-26','09:00:00','02:00:00','Réunion du 2003-06-26','',NULL,'none',1),(105,'2003-01-30','09:00:00','02:00:00','Réunion du 2003-01-30','',NULL,'none',1),(106,'2003-06-03','09:00:00','02:00:00','Réunion du 2003-06-03','',NULL,'none',1),(107,'2003-08-28','09:00:00','02:00:00','Réunion du 2003-08-28','',NULL,'none',1),(108,'2003-06-19','09:00:00','02:00:00','Réunion du 2003-06-19','',NULL,'none',1),(109,'2003-06-03','09:00:00','02:00:00','Réunion du 2003-06-03','',NULL,'none',1),(110,'2003-03-11','09:00:00','02:00:00','Réunion du 2003-03-11','',NULL,'none',1),(111,'2003-06-12','09:00:00','02:00:00','Réunion du 2003-06-12','',NULL,'none',1),(112,'2003-05-22','09:00:00','02:00:00','Réunion du 2003-05-22','',NULL,'none',1),(113,'2003-06-24','09:00:00','02:00:00','Réunion du 2003-06-24','',NULL,'none',1),(114,'2003-03-13','09:00:00','02:00:00','Réunion du 2003-03-13','',NULL,'none',1),(115,'2003-03-11','09:00:00','02:00:00','Réunion du 2003-03-11','',NULL,'none',1),(116,'2003-06-02','09:00:00','02:00:00','Réunion du 2003-06-02','',NULL,'none',1),(117,'2003-08-27','09:00:00','02:00:00','Réunion du 2003-08-27','',NULL,'none',1),(118,'2003-03-06','09:00:00','02:00:00','Réunion du 2003-03-06','',NULL,'none',1),(119,'2003-04-16','09:00:00','02:00:00','Réunion du 2003-04-16','',NULL,'none',1),(120,'2003-06-17','09:00:00','02:00:00','Réunion du 2003-06-17','',NULL,'none',1),(121,'2003-04-24','09:00:00','02:00:00','Réunion du 2003-04-24','',NULL,'none',1),(122,'2003-03-26','09:00:00','02:00:00','Réunion du 2003-03-26','',NULL,'none',1),(123,'2003-06-26','09:00:00','02:00:00','Réunion du 2003-06-26','',NULL,'none',1),(124,'2003-02-27','09:00:00','02:00:00','Réunion du 2003-02-27','',NULL,'none',1),(125,'2003-04-29','09:00:00','02:00:00','Réunion du 2003-04-29','',NULL,'none',1),(126,'2003-01-31','09:00:00','02:00:00','Réunion du 2003-01-31','',NULL,'none',1),(127,'2003-03-31','09:00:00','02:00:00','Réunion du 2003-03-31','',NULL,'none',1),(128,'2003-06-16','09:00:00','02:00:00','Réunion du 2003-06-16','',NULL,'none',1),(129,'2003-04-30','09:00:00','02:00:00','Réunion du 2003-04-30','',NULL,'none',1),(130,'2003-04-03','09:00:00','02:00:00','Réunion du 2003-04-03','',NULL,'none',1),(131,'2003-09-04','09:00:00','02:00:00','Réunion du 2003-09-04','',NULL,'none',1),(132,'2003-09-04','09:00:00','02:00:00','Réunion du 2003-09-04','',NULL,'none',1),(133,'2003-07-09','09:00:00','02:00:00','Réunion du 2003-07-09','',NULL,'none',1),(134,'2003-09-09','09:00:00','02:00:00','Réunion du 2003-09-09','',NULL,'none',1),(135,'2003-02-11','09:00:00','02:00:00','Réunion du 2003-02-11','',NULL,'none',1),(136,'2003-01-14','09:00:00','02:00:00','Réunion du 2003-01-14','',NULL,'none',1),(137,'2003-06-24','09:00:00','02:00:00','Réunion du 2003-06-24','',NULL,'none',1),(138,'2003-03-25','09:00:00','02:00:00','Réunion du 2003-03-25','',NULL,'none',1),(139,'2003-02-03','09:00:00','02:00:00','Réunion du 2003-02-03','',NULL,'none',1),(140,'2003-05-14','09:00:00','02:00:00','Réunion du 2003-05-14','',NULL,'none',1),(141,'2003-06-23','09:00:00','02:00:00','Réunion du 2003-06-23','',NULL,'none',1),(142,'2003-06-24','09:00:00','02:00:00','Réunion du 2003-06-24','',NULL,'none',1),(143,'2003-07-04','09:00:00','02:00:00','Réunion du 2003-07-04','',NULL,'none',1),(144,'2003-07-09','09:00:00','02:00:00','Réunion du 2003-07-09','',NULL,'none',1),(145,'2003-07-09','09:00:00','02:00:00','Réunion du 2003-07-09','',NULL,'none',1),(146,'2003-01-10','09:00:00','02:00:00','Réunion du 2003-01-10','',NULL,'none',1),(147,'2003-06-16','09:00:00','02:00:00','Réunion du 2003-06-16','',NULL,'none',1),(148,'2003-06-23','09:00:00','02:00:00','Réunion du 2003-06-23','',NULL,'none',1),(149,'2003-04-30','09:00:00','02:00:00','Réunion du 2003-04-30','',NULL,'none',1),(150,'2003-04-03','09:00:00','02:00:00','Réunion du 2003-04-03','',NULL,'none',1),(151,'2003-04-03','09:00:00','02:00:00','Réunion du 2003-04-03','',NULL,'none',1),(152,'2003-06-05','09:00:00','02:00:00','Réunion du 2003-06-05','',NULL,'none',1),(153,'2003-02-25','09:00:00','02:00:00','Réunion du 2003-02-25','',NULL,'none',1),(157,'2003-04-28','09:00:00','02:00:00','Réunion du 2003-04-28','',NULL,'none',1),(158,'2003-06-30','09:00:00','02:00:00','Réunion du 2003-06-30','',NULL,'none',1),(159,'2003-04-28','09:00:00','02:00:00','Réunion du 2003-04-28','',NULL,'none',1),(165,'2003-03-26','09:00:00','02:00:00','Réunion du 2003-03-26','',NULL,'none',1),(166,'2003-06-11','09:00:00','02:00:00','Réunion du 2003-06-11','',NULL,'none',1),(167,'2003-02-11','09:00:00','02:00:00','Réunion du 2003-02-11','',NULL,'none',1),(168,'2003-04-28','09:00:00','02:00:00','Réunion du 2003-04-28','',NULL,'none',1),(169,'2003-04-28','09:00:00','02:00:00','Réunion du 2003-04-28','',NULL,'none',1),(170,'2003-04-10','09:00:00','02:00:00','Réunion du 2003-04-10','',NULL,'none',1),(171,'2003-02-13','09:00:00','02:00:00','Réunion du 2003-02-13','',NULL,'none',1),(172,'2003-05-15','09:00:00','02:00:00','Réunion du 2003-05-15','',NULL,'none',1),(173,'2003-04-03','09:00:00','02:00:00','Réunion du 2003-04-03','',NULL,'none',1),(174,'2003-06-24','09:00:00','02:00:00','Réunion du 2003-06-24','',NULL,'none',1),(175,'2003-04-29','09:00:00','02:00:00','Réunion du 2003-04-29','',NULL,'none',1),(176,'2003-04-29','09:00:00','02:00:00','Réunion du 2003-04-29','',NULL,'none',1),(180,'2003-06-04','09:00:00','02:00:00','Réunion du 2003-06-04','',NULL,'none',1),(181,'2003-04-03','09:00:00','02:00:00','Réunion du 2003-04-03','',NULL,'none',1),(182,'2003-09-04','09:00:00','02:00:00','Réunion du 2003-09-04','',NULL,'none',1),(183,'2003-05-16','09:00:00','02:00:00','Réunion du 2003-05-16','',NULL,'none',1),(184,'2003-06-24','09:00:00','02:00:00','Réunion du 2003-06-24','',NULL,'none',1),(185,'2003-07-24','09:00:00','02:00:00','Réunion du 2003-07-24','',NULL,'none',1),(186,'2003-07-24','09:00:00','02:00:00','Réunion du 2003-07-24','',NULL,'none',1),(187,'2003-06-16','09:00:00','02:00:00','Réunion du 2003-06-16','',NULL,'none',1),(188,'2003-02-27','09:00:00','02:00:00','Réunion du 2003-02-27','',NULL,'none',1),(189,'2003-03-27','09:00:00','02:00:00','Réunion du 2003-03-27','',NULL,'none',1),(190,'2003-01-30','09:00:00','02:00:00','Réunion du 2003-01-30','',NULL,'none',1),(191,'2003-06-30','09:00:00','02:00:00','Réunion du 2003-06-30','',NULL,'none',1),(192,'2003-06-24','09:00:00','02:00:00','Réunion du 2003-06-24','',NULL,'none',1),(193,'2003-04-24','09:00:00','02:00:00','Réunion du 2003-04-24','',NULL,'none',1),(194,'2003-09-12','09:00:00','02:00:00','Réunion du 2003-09-12','',NULL,'none',1),(195,'2003-06-23','09:00:00','02:00:00','Réunion du 2003-06-23','',NULL,'none',1),(196,'2003-06-03','09:00:00','02:00:00','Réunion du 2003-06-03','',NULL,'none',1),(197,'2003-07-03','09:00:00','02:00:00','Réunion du 2003-07-03','',NULL,'none',1),(198,'2003-04-16','09:00:00','02:00:00','Réunion du 2003-04-16','',NULL,'none',1),(199,'2003-07-17','09:00:00','02:00:00','Réunion du 2003-07-17','',NULL,'none',1),(200,'2003-02-20','09:00:00','02:00:00','Réunion du 2003-02-20','',NULL,'none',1),(201,'2003-03-20','09:00:00','02:00:00','Réunion du 2003-03-20','',NULL,'none',1),(202,'2003-01-23','09:00:00','02:00:00','Réunion du 2003-01-23','',NULL,'none',1),(203,'2003-04-24','09:00:00','02:00:00','Réunion du 2003-04-24','',NULL,'none',1),(204,'2003-06-30','09:00:00','02:00:00','Réunion du 2003-06-30','',NULL,'none',1),(205,'2003-02-12','09:00:00','02:00:00','Réunion du 2003-02-12','',NULL,'none',1),(206,'2003-03-14','09:00:00','02:00:00','Réunion du 2003-03-14','',NULL,'none',1),(207,'2003-06-11','09:00:00','02:00:00','Réunion du 2003-06-11','',NULL,'none',1),(208,'2003-05-12','09:00:00','02:00:00','Réunion du 2003-05-12','',NULL,'none',1),(209,'2003-06-04','09:00:00','02:00:00','Réunion du 2003-06-04','',NULL,'none',1),(210,'2003-05-14','09:00:00','02:00:00','Réunion du 2003-05-14','',NULL,'none',1),(211,'2003-05-21','09:00:00','02:00:00','Réunion du 2003-05-21','',NULL,'none',1),(212,'2003-06-26','09:00:00','02:00:00','Réunion du 2003-06-26','',NULL,'none',1),(213,'2003-01-27','09:00:00','02:00:00','Réunion du 2003-01-27','',NULL,'none',1),(215,'2003-06-26','09:00:00','02:00:00','Réunion du 2003-06-26','',NULL,'none',1),(216,'2003-06-04','09:00:00','02:00:00','Réunion du 2003-06-04','',NULL,'none',1),(217,'2003-03-05','09:00:00','02:00:00','Réunion du 2003-03-05','',NULL,'none',1),(218,'2003-03-05','09:00:00','02:00:00','Réunion du 2003-03-05','',NULL,'none',1),(219,'2003-05-06','09:00:00','02:00:00','Réunion du 2003-05-06','',NULL,'none',1),(220,'2003-06-06','09:00:00','02:00:00','Réunion du 2003-06-06','',NULL,'none',1),(221,'2003-09-12','09:00:00','02:00:00','Réunion du 2003-09-12','',NULL,'none',1),(222,'2003-01-16','09:00:00','02:00:00','Réunion du 2003-01-16','',NULL,'none',1),(223,'2003-04-16','09:00:00','02:00:00','Réunion du 2003-04-16','',NULL,'none',1),(224,'2003-04-16','09:00:00','02:00:00','Réunion du 2003-04-16','',NULL,'none',1),(225,'2003-06-18','09:00:00','02:00:00','Réunion du 2003-06-18','',NULL,'none',1),(226,'2003-06-25','09:00:00','02:00:00','Réunion du 2003-06-25','',NULL,'none',1),(227,'2003-02-26','09:00:00','02:00:00','Réunion du 2003-02-26','',NULL,'none',1),(228,'2003-03-26','09:00:00','02:00:00','Réunion du 2003-03-26','',NULL,'none',1),(229,'2003-02-27','09:00:00','02:00:00','Réunion du 2003-02-27','',NULL,'none',1),(230,'2003-02-27','09:00:00','02:00:00','Réunion du 2003-02-27','',NULL,'none',1),(231,'2003-03-27','09:00:00','02:00:00','Réunion du 2003-03-27','',NULL,'none',1),(232,'2003-06-27','09:00:00','02:00:00','Réunion du 2003-06-27','',NULL,'none',1),(233,'2003-05-28','09:00:00','02:00:00','Réunion du 2003-05-28','',NULL,'none',1),(234,'2003-01-29','09:00:00','02:00:00','Réunion du 2003-01-29','',NULL,'none',1),(235,'2003-07-29','09:00:00','02:00:00','Réunion du 2003-07-29','',NULL,'none',1),(236,'2003-01-09','09:00:00','02:00:00','Réunion du 2003-01-09','',NULL,'none',1),(237,'2003-01-30','09:00:00','02:00:00','Réunion du 2003-01-30','',NULL,'none',1),(238,'2003-04-30','09:00:00','02:00:00','Réunion du 2003-04-30','',NULL,'none',1),(239,'2003-06-30','09:00:00','02:00:00','Réunion du 2003-06-30','',NULL,'none',1),(240,'2003-07-03','09:00:00','02:00:00','Réunion du 2003-07-03','',NULL,'none',1),(241,'2003-02-27','09:00:00','02:00:00','Réunion du 2003-02-27','',NULL,'none',1),(242,'2003-02-26','09:00:00','02:00:00','Réunion du 2003-02-26','',NULL,'none',1),(243,'2003-06-27','09:00:00','02:00:00','Réunion du 2003-06-27','',NULL,'none',1),(244,'2003-07-29','09:00:00','02:00:00','Réunion du 2003-07-29','',NULL,'none',1),(245,'2003-06-30','09:00:00','02:00:00','Réunion du 2003-06-30','',NULL,'none',1),(246,'2003-06-30','09:00:00','02:00:00','Réunion du 2003-06-30','',NULL,'none',1),(247,'2003-05-06','09:00:00','02:00:00','Réunion du 2003-05-06','',NULL,'none',1),(248,'2003-02-27','09:00:00','02:00:00','Réunion du 2003-02-27','',NULL,'none',1),(249,'2003-01-30','09:00:00','02:00:00','Réunion du 2003-01-30','',NULL,'none',1),(250,'2003-04-30','09:00:00','02:00:00','Réunion du 2003-04-30','',NULL,'none',1),(251,'2003-06-04','09:00:00','02:00:00','Réunion du 2003-06-04','',NULL,'none',1),(252,'2003-05-06','09:00:00','02:00:00','Réunion du 2003-05-06','',NULL,'none',1),(253,'2003-06-06','09:00:00','02:00:00','Réunion du 2003-06-06','',NULL,'none',1),(254,'2003-09-12','09:00:00','02:00:00','Réunion du 2003-09-12','',NULL,'none',1),(255,'2003-03-26','09:00:00','02:00:00','Réunion du 2003-03-26','',NULL,'none',1),(256,'2003-03-26','09:00:00','02:00:00','Réunion du 2003-03-26','',NULL,'none',1),(257,'2003-02-27','09:00:00','02:00:00','Réunion du 2003-02-27','',NULL,'none',1),(258,'2003-03-27','09:00:00','02:00:00','Réunion du 2003-03-27','',NULL,'none',1),(259,'2003-03-27','09:00:00','02:00:00','Réunion du 2003-03-27','',NULL,'none',1),(260,'2003-06-27','09:00:00','02:00:00','Réunion du 2003-06-27','',NULL,'none',1),(261,'2003-01-29','09:00:00','02:00:00','Réunion du 2003-01-29','',NULL,'none',1),(262,'2003-07-29','09:00:00','02:00:00','Réunion du 2003-07-29','',NULL,'none',1),(263,'2003-01-30','09:00:00','02:00:00','Réunion du 2003-01-30','',NULL,'none',1),(264,'2003-04-30','09:00:00','02:00:00','Réunion du 2003-04-30','',NULL,'none',1),(265,'2003-06-30','09:00:00','02:00:00','Réunion du 2003-06-30','',NULL,'none',1),(266,'2003-01-07','09:00:00','02:00:00','Réunion du 2003-01-07','',NULL,'none',1),(267,'2003-03-13','09:00:00','02:00:00','Réunion du 2003-03-13','',NULL,'none',1),(268,'2003-07-17','09:00:00','02:00:00','Réunion du 2003-07-17','',NULL,'none',1),(269,'2003-06-18','09:00:00','02:00:00','Réunion du 2003-06-18','',NULL,'none',1),(270,'2003-08-28','09:00:00','02:00:00','Réunion du 2003-08-28','',NULL,'none',1),(271,'2003-05-12','09:00:00','02:00:00','Réunion du 2003-05-12','',NULL,'none',1),(272,'2003-04-15','09:00:00','02:00:00','Réunion du 2003-04-15','',NULL,'none',1),(273,'2003-06-25','09:00:00','02:00:00','Réunion du 2003-06-25','',NULL,'none',1),(274,'2003-06-25','09:00:00','02:00:00','Réunion du 2003-06-25','',NULL,'none',1),(275,'2003-02-27','09:00:00','02:00:00','Réunion du 2003-02-27','',NULL,'none',1),(276,'2003-06-23','09:00:00','02:00:00','Réunion du 2003-06-23','',NULL,'none',1),(277,'2003-04-03','09:00:00','02:00:00','Réunion du 2003-04-03','',NULL,'none',1),(278,'2003-06-12','09:00:00','02:00:00','Réunion du 2003-06-12','',NULL,'none',1),(279,'2003-07-15','09:00:00','02:00:00','Réunion du 2003-07-15','',NULL,'none',1),(280,'2003-06-23','09:00:00','02:00:00','Réunion du 2003-06-23','',NULL,'none',1),(281,'2003-02-27','09:00:00','02:00:00','Réunion du 2003-02-27','',NULL,'none',1),(282,'2003-04-30','09:00:00','02:00:00','Réunion du 2003-04-30','',NULL,'none',1),(283,'2003-03-31','09:00:00','02:00:00','Réunion du 2003-03-31','',NULL,'none',1),(284,'2003-06-27','09:00:00','02:00:00','Réunion du 2003-06-27','',NULL,'none',1),(285,'2003-01-31','09:00:00','02:00:00','Réunion du 2003-01-31','',NULL,'none',1),(286,'2003-05-28','09:00:00','02:00:00','Réunion du 2003-05-28','',NULL,'none',1),(287,'2003-02-26','09:00:00','02:00:00','Réunion du 2003-02-26','',NULL,'none',1),(288,'2003-06-12','09:00:00','02:00:00','Réunion du 2003-06-12','',NULL,'none',1),(289,'2003-06-30','09:00:00','02:00:00','Réunion du 0000-00-00','',NULL,'none',1),(290,'2003-12-20','08:30:00','02:00:00','avant le Nouvel An','tests','','none',0),(291,'2003-05-30','09:00:00','02:00:00','Réunion du 2003-05-30','',NULL,'none',1),(292,'2003-05-30','09:00:00','02:00:00','Réunion du 2003-05-30','',NULL,'none',1),(293,'2003-06-25','09:00:00','02:00:00','Réunion du 2003-06-25','',NULL,'none',1),(294,'2003-06-25','09:00:00','02:00:00','Réunion du 2003-06-25','',NULL,'none',1),(295,'2003-06-13','09:00:00','02:00:00','Réunion du 2003-06-13','',NULL,'none',1),(296,'2003-06-19','09:00:00','02:00:00','Réunion du 2003-06-19','',NULL,'none',1),(297,'2003-05-22','09:00:00','02:00:00','Réunion du 2003-05-22','',NULL,'none',1),(298,'2003-04-24','09:00:00','02:00:00','Réunion du 2003-04-24','',NULL,'none',1),(299,'2003-06-26','09:00:00','02:00:00','Réunion du 2003-06-26','',NULL,'none',1),(300,'2003-02-27','09:00:00','02:00:00','Réunion du 2003-02-27','',NULL,'none',1),(301,'2003-03-27','09:00:00','02:00:00','Réunion du 2003-03-27','',NULL,'none',1),(302,'2003-08-28','09:00:00','02:00:00','Réunion du 2003-08-28','',NULL,'none',1),(303,'2003-01-03','09:00:00','02:00:00','Réunion du 2003-01-03','',NULL,'none',1),(304,'2003-03-03','09:00:00','02:00:00','Réunion du 2003-03-03','',NULL,'none',1),(305,'2003-02-04','09:00:00','02:00:00','Réunion du 2003-02-04','',NULL,'none',1),(306,'2003-02-04','09:00:00','02:00:00','Réunion du 2003-02-04','',NULL,'none',1),(307,'2003-04-08','09:00:00','02:00:00','Réunion du 2003-04-08','',NULL,'none',1),(308,'2003-03-10','09:00:00','02:00:00','Réunion du 2003-03-10','',NULL,'none',1),(309,'2003-03-17','09:00:00','02:00:00','Réunion du 2003-03-17','',NULL,'none',1),(310,'2003-02-20','09:00:00','02:00:00','Réunion du 2003-02-20','',NULL,'none',1),(311,'2003-03-20','09:00:00','02:00:00','Réunion du 2003-03-20','',NULL,'none',1),(312,'2003-01-16','09:00:00','02:00:00','Réunion du 2003-01-16','',NULL,'none',1),(313,'2003-01-16','09:00:00','02:00:00','Réunion du 2003-01-16','',NULL,'none',1),(314,'2003-09-29','09:00:00','02:00:00','conseil d\'administration du 29-09-2003','',NULL,'none',1),(315,'2003-09-25','09:00:00','02:00:00','Réunion du 25-09-2003','',NULL,'none',1),(316,'2003-09-25','09:00:00','02:00:00','Réunion AM du 25-09-2003','',NULL,'none',1),(317,'2003-09-25','09:00:00','02:00:00','Réunion AM du 25-09-2003','',NULL,'none',1),(318,'2003-09-29','09:00:00','02:00:00','Réunion du 29-09-2003','',NULL,'none',1),(319,'2003-09-18','09:00:00','02:00:00','Réunion du 18-09-2003','',NULL,'none',1),(320,'2003-09-26','09:00:00','02:00:00','Réunion du 26-09-2003','',NULL,'none',1),(321,'2003-09-30','09:00:00','02:00:00','Réunion du 30-09-2003','',NULL,'none',1),(322,'2003-09-25','09:00:00','02:00:00','Réunion du 25-09-2003','',NULL,'none',1),(323,'2003-09-24','09:00:00','02:00:00','Réunion du 24-09-2003','',NULL,'none',1),(324,'2003-09-24','09:00:00','02:00:00','Réunion du 24-09-2003','',NULL,'none',1),(325,'2003-09-26','09:00:00','02:00:00',' CE 26-09-2003','',NULL,'none',1),(326,'2003-09-05','09:00:00','02:00:00','CE 05-09-2003','',NULL,'none',1),(327,'2003-09-25','09:00:00','02:00:00','Réunion du 25-09-2003','',NULL,'none',1),(328,'2003-09-25','09:00:00','02:00:00','Réunion du 25-09-2003','',NULL,'none',1),(329,'2003-09-30','09:00:00','02:00:00','CCE 30-09-2003','',NULL,'none',1),(330,'2003-09-25','09:00:00','02:00:00','Réunion du 25-09-2003','',NULL,'none',1),(331,'2003-09-26','09:00:00','02:00:00','Réunion du 26-09-2003','',NULL,'none',1),(332,'2003-09-25','09:00:00','02:00:00','Réunion du 25-09-2003','',NULL,'none',1),(333,'2003-11-03','09:00:00','02:00:00','CE','',NULL,'none',1),(334,'2003-09-25','09:30:00','02:00:00','CCE AIRBUS','',NULL,'none',1),(335,'2003-09-26','09:00:00','02:00:00','CE','',NULL,'none',1),(336,'2003-11-07','09:00:00','02:00:00','CCU ES','',NULL,'none',1),(337,'2003-10-14','09:00:00','02:00:00','CS','',NULL,'none',1),(338,'2003-11-04','09:00:00','02:00:00','CE MONTMORENCY','',NULL,'none',1),(339,'2003-09-18','09:30:00','02:00:00','AVENTIS','',NULL,'none',1),(340,'2003-09-29','09:00:00','02:00:00','CE','',NULL,'none',1),(341,'2003-09-30','09:00:00','02:00:00','CMP','',NULL,'none',1),(342,'2003-09-24','09:00:00','02:00:00','CE DEFENSES','',NULL,'none',1),(343,'2003-10-13','09:00:00','02:00:00','ARBITRAGE','',NULL,'none',1),(344,'2003-10-09','09:00:00','02:00:00','SEANCE PLENIERE','',NULL,'none',1),(345,'2003-10-13','09:00:00','02:00:00','CONSEIL SCIENTIFIQUE','',NULL,'none',1),(346,'2003-10-17','09:00:00','02:00:00','CCE','',NULL,'none',1),(347,'2003-10-14','09:00:00','02:00:00','CE','',NULL,'none',1),(348,'2003-10-21','09:00:00','02:00:00','CCE','',NULL,'none',1),(349,'2003-10-24','09:00:00','02:00:00','CN','',NULL,'none',1),(350,'2003-10-31','09:00:00','02:00:00','CE','',NULL,'none',1),(351,'2003-10-22','09:00:00','02:00:00','COMMISSION SECONDAIRE','',NULL,'none',1),(352,'2003-10-06','09:00:00','02:00:00','CONFERENCE INTERNATIONALE','',NULL,'none',1),(353,'2003-10-10','09:00:00','02:00:00','CE SIEGE ET REDACTION NATIONALE','',NULL,'none',1),(354,'2003-10-24','09:00:00','02:00:00','CEE','',NULL,'none',1),(355,'2003-10-30','09:00:00','02:00:00','COMITE','',NULL,'none',1),(356,'2003-10-21','09:00:00','02:00:00','CA','',NULL,'none',1),(357,'2003-10-23','09:00:00','02:00:00','CE','',NULL,'none',1),(358,'2003-10-06','09:00:00','02:00:00','CCEE','',NULL,'none',1),(359,'2003-10-22','09:00:00','02:00:00','CCE','',NULL,'none',1),(360,'2003-10-29','09:00:00','02:00:00','CCUES','',NULL,'none',1),(361,'2003-10-23','09:00:00','02:00:00','CE','',NULL,'none',1),(362,'2003-10-03','09:00:00','02:00:00','CE','',NULL,'none',1),(363,'2003-10-23','14:00:00','02:00:00','CE CONSTITUTIF','',NULL,'none',1),(364,'2003-10-29','09:00:00','02:00:00','CE','',NULL,'none',1),(365,'2003-10-31','09:00:00','02:00:00','CE','',NULL,'none',1),(366,'2003-11-19','15:00:00','02:00:00','AG','',NULL,'none',1),(367,'2003-11-19','16:00:00','02:00:00','CA','',NULL,'none',1),(368,'2003-11-26','09:00:00','02:00:00','CE','',NULL,'none',1);
UNLOCK TABLES;
/*!40000 ALTER TABLE diary ENABLE KEYS */;

--
-- Dumping data for table `dictionary`
--


/*!40000 ALTER TABLE dictionary DISABLE KEYS */;
LOCK TABLES dictionary WRITE;
INSERT INTO dictionary (di_index, di_fr_short, di_fr_long, di_en_short, di_en_long, di_ru_short, di_ru_long) VALUES ('home','Accueil','Page d\'accueil','Home','Home page','',''),('members','Accès membres','Gérez votre profil membre','Members area','Manage your data','',''),('editor','Editer','Editer les attributs du script','Edit','Edit script attributes','',''),('groups','Groups','Liste des groups','','','',''),('','','Liste des ','','','',''),('todo','A faire','Liste des tâches','','','',''),('changelo','Changements','Rapport de changements','','','',''),('forums','Forums','Liste des forums','','','',''),('applicat','Applications','Liste des applications','','','',''),('bugrepor','Bugs','Rapport de bugs','','','',''),('dictiona','Dictionnaire','','','','',''),('blocks','Blocs','Liste des blocs','','','',''),('pages','Pages','Liste des pages','','','',''),('menus','Menus','Liste des menus','','','','');
UNLOCK TABLES;
/*!40000 ALTER TABLE dictionary ENABLE KEYS */;

--
-- Dumping data for table `forums`
--


/*!40000 ALTER TABLE forums DISABLE KEYS */;
LOCK TABLES forums WRITE;
INSERT INTO forums (fr_index, fr_title, fr_description, fr_date, fr_table_name, me_index) VALUES (1,'Nouveau, changé et corrigé','Indications des fonctionalités nouvellement intégrées, des changements effectués sur des fonctionalités existantes, et des corrections de bugs.','2004-02-10','changelog',1);
UNLOCK TABLES;
/*!40000 ALTER TABLE forums ENABLE KEYS */;

--
-- Dumping data for table `groups`
--


/*!40000 ALTER TABLE groups DISABLE KEYS */;
LOCK TABLES groups WRITE;
UNLOCK TABLES;
/*!40000 ALTER TABLE groups ENABLE KEYS */;

--
-- Dumping data for table `members`
--


/*!40000 ALTER TABLE members DISABLE KEYS */;
LOCK TABLES members WRITE;
INSERT INTO members (mbr_index, mbr_nom, mbr_adr1, mbr_adr2, mbr_cp, mbr_email, mbr_ident, mbr_mpasse, grp_group) VALUES (1,'David BLANCHARD','Pas d\'adresse','','76000','davidbl@wanadoo.fr','dpjb','1p2+ar','administrator'),(2,'Pierre-Yves Le Bihan','Pas d\'adresse','','92800','pylb@wanadoo.fr','pylb','K3r1v31','administrator');
UNLOCK TABLES;
/*!40000 ALTER TABLE members ENABLE KEYS */;

--
-- Dumping data for table `menus`
--


/*!40000 ALTER TABLE menus DISABLE KEYS */;
LOCK TABLES menus WRITE;
INSERT INTO menus (me_index, me_level, me_target, pa_index, bl_index, di_index, grp_group) VALUES (10,'1','page',10,10,'home','user'),(21,'1','page',21,10,'groups','user'),(20,'1','page',20,10,'','user'),(19,'1','page',19,10,'bugrepor','user'),(18,'1','page',18,10,'todo','user'),(17,'1','page',17,10,'changelo','user'),(16,'0','page',16,10,'forums','user'),(15,'2','page',15,10,'applicat','user'),(14,'1','page',14,10,'dictiona','user'),(13,'1','page',13,10,'blocks','user'),(12,'1','page',12,10,'pages','user'),(11,'1','page',11,10,'menus','user');
UNLOCK TABLES;
/*!40000 ALTER TABLE menus ENABLE KEYS */;

--
-- Dumping data for table `newsletter`
--


/*!40000 ALTER TABLE newsletter DISABLE KEYS */;
LOCK TABLES newsletter WRITE;
UNLOCK TABLES;
/*!40000 ALTER TABLE newsletter ENABLE KEYS */;

--
-- Dumping data for table `pages`
--


/*!40000 ALTER TABLE pages DISABLE KEYS */;
LOCK TABLES pages WRITE;
INSERT INTO pages (pa_index, di_index, pa_filename) VALUES (10,'home','mkscripts.php'),(19,'bugrepor','bugreport.php'),(18,'todo','todo.php'),(17,'changelo','changelog.php'),(16,'forums','forums.php'),(15,'applicat','applications.php'),(14,'dictiona','dictionary.php'),(13,'blocks','blocks.php'),(12,'pages','pages.php'),(11,'menus','menus.php'),(21,'groups','groups.php');
UNLOCK TABLES;
/*!40000 ALTER TABLE pages ENABLE KEYS */;

--
-- Dumping data for table `subscribers`
--


/*!40000 ALTER TABLE subscribers DISABLE KEYS */;
LOCK TABLES subscribers WRITE;
UNLOCK TABLES;
/*!40000 ALTER TABLE subscribers ENABLE KEYS */;

--
-- Dumping data for table `todo`
--


/*!40000 ALTER TABLE todo DISABLE KEYS */;
LOCK TABLES todo WRITE;
UNLOCK TABLES;
/*!40000 ALTER TABLE todo ENABLE KEYS */;

/*!40101 SET SQL_MODE=@OLD_SQL_MODE */;
/*!40014 SET FOREIGN_KEY_CHECKS=@OLD_FOREIGN_KEY_CHECKS */;
/*!40014 SET UNIQUE_CHECKS=@OLD_UNIQUE_CHECKS */;

